dataset_version,relative_path,absolute_path,original_split,generated_split,raw_folder_label,class_label,is_horizontal_strabismus,participant_id,group_id,domain,label_source,label_provenance_note,consent_status,protocol_capture_status,exam_date,exam_method,intermittent,glasses_group,pseudostrabismus,sha256,width,height,image_format,mode,training_use
hirschberg-folder-labels-v0.1,test/ESOTROPIA/esotropia_001.jpg,data_hirschberg\eye-classification\test\ESOTROPIA\esotropia_001.jpg,test,test,ESOTROPIA,esotropia,True,UNKNOWN,esotropia:esotropia_001,legacy_or_unknown_hirschberg_crop,user_attested_doctor_confirmed_folder_label,User states labels were previously confirmed by doctors at an organization; no separate clinician manifest was present in the folder.,UNKNOWN,UNKNOWN_CROPPED_224,UNKNOWN,UNKNOWN,UNKNOWN,UNKNOWN,UNKNOWN,d9d1feac79c13bf2c4cad5df49fda5d79596d86ce00e98c41a17303910aa1d5e,224,224,JPEG,RGB,exploratory_only_until_participant_id_and_protocol_are_confirmed
hirschberg-folder-labels-v0.1,test/ESOTROPIA/esotropia_002.jpg,data_hirschberg\eye-classification\test\ESOTROPIA\esotropia_002.jpg,test,train,ESOTROPIA,esotropia,True,UNKNOWN,esotropia:esotropia_002,legacy_or_unknown_hirschberg_crop,user_attested_doctor_confirmed_folder_label,User states labels were previously confirmed by doctors at an organization; no separate clinician manifest was present in the folder.,UNKNOWN,UNKNOWN_CROPPED_224,UNKNOWN,UNKNOWN,UNKNOWN,UNKNOWN,UNKNOWN,c0d68ae69afca29b975be648b80c88bf7d5c86985f5eb10113b67726c96f52f1,224,224,JPEG,RGB,exploratory_only_until_participant_id_and_protocol_are_confirmed
hirschberg-folder-labels-v0.1,test/ESOTROPIA/esotropia_003.jpg,data_hirschberg\eye-classification\test\ESOTROPIA\esotropia_003.jpg,test,train,ESOTROPIA,esotropia,True,UNKNOWN,esotropia:esotropia_003,legacy_or_unknown_hirschberg_crop,user_attested_doctor_confirmed_folder_label,User states labels were previously confirmed by doctors at an organization; no separate clinician manifest was present in the folder.,UNKNOWN,UNKNOWN_CROPPED_224,UNKNOWN,UNKNOWN,UNKNOWN,UNKNOWN,UNKNOWN,9c6321c26b0254fdbcc1e1847685908fe20e73094559271c192131c67940b780,224,224,JPEG,RGB,exploratory_only_until_participant_id_and_protocol_are_confirmed
hirschberg-folder-labels-v0.1,test/ESOTROPIA/esotropia_004.jpg,data_hirschberg\eye-classification\test\ESOTROPIA\esotropia_004.jpg,test,test,ESOTROPIA,esotropia,True,UNKNOWN,esotropia:esotropia_004,legacy_or_unknown_hirschberg_crop,user_attested_doctor_confirmed_folder_label,User states labels were previously confirmed by doctors at an organization; no separate clinician manifest was present in the folder.,UNKNOWN,UNKNOWN_CROPPED_224,UNKNOWN,UNKNOWN,UNKNOWN,UNKNOWN,UNKNOWN,9907d18bebbb3735bbba6f03a85fd5386366966d503ae366e8a145899b1904b3,224,224,JPEG,RGB,exploratory_only_until_participant_id_and_protocol_are_confirmed
hirschberg-folder-labels-v0.1,test/ESOTROPIA/esotropia_005.jpg,data_hirschberg\eye-classification\test\ESOTROPIA\esotropia_005.jpg,test,train,ESOTROPIA,esotropia,True,UNKNOWN,esotropia:esotropia_005,legacy_or_unknown_hirschberg_crop,user_attested_doctor_confirmed_folder_label,User states labels were previously confirmed by doctors at an organization; no separate clinician manifest was present in the folder.,UNKNOWN,UNKNOWN_CROPPED_224,UNKNOWN,UNKNOWN,UNKNOWN,UNKNOWN,UNKNOWN,02c47bd46cc2f4ad8433b62bcf722f90cdd214075b736a720582f4e026b24485,224,224,JPEG,RGB,exploratory_only_until_participant_id_and_protocol_are_confirmed
hirschberg-folder-labels-v0.1,test/ESOTROPIA/esotropia_006.jpg,data_hirschberg\eye-classification\test\ESOTROPIA\esotropia_006.jpg,test,val,ESOTROPIA,esotropia,True,UNKNOWN,esotropia:esotropia_006,legacy_or_unknown_hirschberg_crop,user_attested_doctor_confirmed_folder_label,User states labels were previously confirmed by doctors at an organization; no separate clinician manifest was present in the folder.,UNKNOWN,UNKNOWN_CROPPED_224,UNKNOWN,UNKNOWN,UNKNOWN,UNKNOWN,UNKNOWN,9c5f7eaeacf281095966b20565ad9f0dcc9f091f9b73d8f28a3416be900538e2,224,224,JPEG,RGB,exploratory_only_until_participant_id_and_protocol_are_confirmed
hirschberg-folder-labels-v0.1,test/ESOTROPIA/esotropia_007.jpg,data_hirschberg\eye-classification\test\ESOTROPIA\esotropia_007.jpg,test,train,ESOTROPIA,esotropia,True,UNKNOWN,esotropia:esotropia_007,legacy_or_unknown_hirschberg_crop,user_attested_doctor_confirmed_folder_label,User states labels were previously confirmed by doctors at an organization; no separate clinician manifest was present in the folder.,UNKNOWN,UNKNOWN_CROPPED_224,UNKNOWN,UNKNOWN,UNKNOWN,UNKNOWN,UNKNOWN,25d1aad0259d576c4bfad1eac87273a53d5d35ebd2570ed47056bae80125efce,224,224,JPEG,RGB,exploratory_only_until_participant_id_and_protocol_are_confirmed
hirschberg-folder-labels-v0.1,test/ESOTROPIA/esotropia_008.jpg,data_hirschberg\eye-classification\test\ESOTROPIA\esotropia_008.jpg,test,test,ESOTROPIA,esotropia,True,UNKNOWN,esotropia:esotropia_008,legacy_or_unknown_hirschberg_crop,user_attested_doctor_confirmed_folder_label,User states labels were previously confirmed by doctors at an organization; no separate clinician manifest was present in the folder.,UNKNOWN,UNKNOWN_CROPPED_224,UNKNOWN,UNKNOWN,UNKNOWN,UNKNOWN,UNKNOWN,c0906e65505b604e01f88d8a5670804c9fe43ef0064ceb95a5a9f3d17cb2b428,224,224,JPEG,RGB,exploratory_only_until_participant_id_and_protocol_are_confirmed
hirschberg-folder-labels-v0.1,test/ESOTROPIA/esotropia_009.jpg,data_hirschberg\eye-classification\test\ESOTROPIA\esotropia_009.jpg,test,train,ESOTROPIA,esotropia,True,UNKNOWN,esotropia:esotropia_009,legacy_or_unknown_hirschberg_crop,user_attested_doctor_confirmed_folder_label,User states labels were previously confirmed by doctors at an organization; no separate clinician manifest was present in the folder.,UNKNOWN,UNKNOWN_CROPPED_224,UNKNOWN,UNKNOWN,UNKNOWN,UNKNOWN,UNKNOWN,0e0b28bd3133bb328e9cba8f8b8f8a1e2e370fdf0009ed73c177d05fd51b17fd,224,224,JPEG,RGB,exploratory_only_until_participant_id_and_protocol_are_confirmed
hirschberg-folder-labels-v0.1,test/ESOTROPIA/esotropia_010.jpg,data_hirschberg\eye-classification\test\ESOTROPIA\esotropia_010.jpg,test,train,ESOTROPIA,esotropia,True,UNKNOWN,esotropia:esotropia_010,legacy_or_unknown_hirschberg_crop,user_attested_doctor_confirmed_folder_label,User states labels were previously confirmed by doctors at an organization; no separate clinician manifest was present in the folder.,UNKNOWN,UNKNOWN_CROPPED_224,UNKNOWN,UNKNOWN,UNKNOWN,UNKNOWN,UNKNOWN,d952f19421a596cd929104b994c33fcf511fdee7241015a48839b9b6e8258749,224,224,JPEG,RGB,exploratory_only_until_participant_id_and_protocol_are_confirmed
hirschberg-folder-labels-v0.1,test/ESOTROPIA/esotropia_011.jpg,data_hirschberg\eye-classification\test\ESOTROPIA\esotropia_011.jpg,test,test,ESOTROPIA,esotropia,True,UNKNOWN,esotropia:esotropia_011,legacy_or_unknown_hirschberg_crop,user_attested_doctor_confirmed_folder_label,User states labels were previously confirmed by doctors at an organization; no separate clinician manifest was present in the folder.,UNKNOWN,UNKNOWN_CROPPED_224,UNKNOWN,UNKNOWN,UNKNOWN,UNKNOWN,UNKNOWN,3cf6880d4434f09a5cc959bf0b17df14cc697bf08d34fa5b6f75357f0fd34360,224,224,JPEG,RGB,exploratory_only_until_participant_id_and_protocol_are_confirmed
hirschberg-folder-labels-v0.1,test/ESOTROPIA/esotropia_012.jpg,data_hirschberg\eye-classification\test\ESOTROPIA\esotropia_012.jpg,test,train,ESOTROPIA,esotropia,True,UNKNOWN,esotropia:esotropia_012,legacy_or_unknown_hirschberg_crop,user_attested_doctor_confirmed_folder_label,User states labels were previously confirmed by doctors at an organization; no separate clinician manifest was present in the folder.,UNKNOWN,UNKNOWN_CROPPED_224,UNKNOWN,UNKNOWN,UNKNOWN,UNKNOWN,UNKNOWN,00ee91856c53faa747810f9b9f45908b46250be4a94a48ff62088e7232535c84,224,224,JPEG,RGB,exploratory_only_until_participant_id_and_protocol_are_confirmed
hirschberg-folder-labels-v0.1,test/ESOTROPIA/esotropia_013.jpg,data_hirschberg\eye-classification\test\ESOTROPIA\esotropia_013.jpg,test,test,ESOTROPIA,esotropia,True,UNKNOWN,esotropia:esotropia_013,legacy_or_unknown_hirschberg_crop,user_attested_doctor_confirmed_folder_label,User states labels were previously confirmed by doctors at an organization; no separate clinician manifest was present in the folder.,UNKNOWN,UNKNOWN_CROPPED_224,UNKNOWN,UNKNOWN,UNKNOWN,UNKNOWN,UNKNOWN,96247edc19b8ab2ce547ab43361de51a5b278213dfe1ef2ba48e62b14c9595de,224,224,JPEG,RGB,exploratory_only_until_participant_id_and_protocol_are_confirmed
hirschberg-folder-labels-v0.1,test/ESOTROPIA/esotropia_014.jpg,data_hirschberg\eye-classification\test\ESOTROPIA\esotropia_014.jpg,test,train,ESOTROPIA,esotropia,True,UNKNOWN,esotropia:esotropia_014,legacy_or_unknown_hirschberg_crop,user_attested_doctor_confirmed_folder_label,User states labels were previously confirmed by doctors at an organization; no separate clinician manifest was present in the folder.,UNKNOWN,UNKNOWN_CROPPED_224,UNKNOWN,UNKNOWN,UNKNOWN,UNKNOWN,UNKNOWN,89d9b6b1f746127f5a4c48e3a5acd761fcc007dcad2d2de69939430fb3f60ea1,224,224,JPEG,RGB,exploratory_only_until_participant_id_and_protocol_are_confirmed
hirschberg-folder-labels-v0.1,test/ESOTROPIA/esotropia_015.jpg,data_hirschberg\eye-classification\test\ESOTROPIA\esotropia_015.jpg,test,train,ESOTROPIA,esotropia,True,UNKNOWN,esotropia:esotropia_015,legacy_or_unknown_hirschberg_crop,user_attested_doctor_confirmed_folder_label,User states labels were previously confirmed by doctors at an organization; no separate clinician manifest was present in the folder.,UNKNOWN,UNKNOWN_CROPPED_224,UNKNOWN,UNKNOWN,UNKNOWN,UNKNOWN,UNKNOWN,f3f6a8bfb264ba041c18411bc7e2efb347ebfc03f161b0f5050ff5a0676fa4e5,224,224,JPEG,RGB,exploratory_only_until_participant_id_and_protocol_are_confirmed
hirschberg-folder-labels-v0.1,test/ESOTROPIA/esotropia_016.jpg,data_hirschberg\eye-classification\test\ESOTROPIA\esotropia_016.jpg,test,test,ESOTROPIA,esotropia,True,UNKNOWN,esotropia:esotropia_016,legacy_or_unknown_hirschberg_crop,user_attested_doctor_confirmed_folder_label,User states labels were previously confirmed by doctors at an organization; no separate clinician manifest was present in the folder.,UNKNOWN,UNKNOWN_CROPPED_224,UNKNOWN,UNKNOWN,UNKNOWN,UNKNOWN,UNKNOWN,afb7bad92bec47a3e37232ef83f21d4800a934779175080bfa48a3d811733c2b,224,224,JPEG,RGB,exploratory_only_until_participant_id_and_protocol_are_confirmed
hirschberg-folder-labels-v0.1,test/ESOTROPIA/esotropia_017.jpg,data_hirschberg\eye-classification\test\ESOTROPIA\esotropia_017.jpg,test,train,ESOTROPIA,esotropia,True,UNKNOWN,esotropia:esotropia_017,legacy_or_unknown_hirschberg_crop,user_attested_doctor_confirmed_folder_label,User states labels were previously confirmed by doctors at an organization; no separate clinician manifest was present in the folder.,UNKNOWN,UNKNOWN_CROPPED_224,UNKNOWN,UNKNOWN,UNKNOWN,UNKNOWN,UNKNOWN,37d44d1bae777b2babd380ef497700ee8a78e5bc98a739e565dd78475bb91f9a,224,224,JPEG,RGB,exploratory_only_until_participant_id_and_protocol_are_confirmed
hirschberg-folder-labels-v0.1,test/ESOTROPIA/esotropia_018.jpg,data_hirschberg\eye-classification\test\ESOTROPIA\esotropia_018.jpg,test,train,ESOTROPIA,esotropia,True,UNKNOWN,esotropia:esotropia_018,legacy_or_unknown_hirschberg_crop,user_attested_doctor_confirmed_folder_label,User states labels were previously confirmed by doctors at an organization; no separate clinician manifest was present in the folder.,UNKNOWN,UNKNOWN_CROPPED_224,UNKNOWN,UNKNOWN,UNKNOWN,UNKNOWN,UNKNOWN,1e66aec97fba26b30941c376c105df144ad11ff2961e4f4057d7fd4122155a57,224,224,JPEG,RGB,exploratory_only_until_participant_id_and_protocol_are_confirmed
hirschberg-folder-labels-v0.1,test/ESOTROPIA/esotropia_019.jpg,data_hirschberg\eye-classification\test\ESOTROPIA\esotropia_019.jpg,test,train,ESOTROPIA,esotropia,True,UNKNOWN,esotropia:esotropia_019,legacy_or_unknown_hirschberg_crop,user_attested_doctor_confirmed_folder_label,User states labels were previously confirmed by doctors at an organization; no separate clinician manifest was present in the folder.,UNKNOWN,UNKNOWN_CROPPED_224,UNKNOWN,UNKNOWN,UNKNOWN,UNKNOWN,UNKNOWN,6a7e8f3fd33cb05f6b0519b10b9c4c7ec2e5bc2ebef6a7c30f1970baa015b5b6,224,224,JPEG,RGB,exploratory_only_until_participant_id_and_protocol_are_confirmed
hirschberg-folder-labels-v0.1,test/ESOTROPIA/esotropia_020.jpg,data_hirschberg\eye-classification\test\ESOTROPIA\esotropia_020.jpg,test,val,ESOTROPIA,esotropia,True,UNKNOWN,esotropia:esotropia_020,legacy_or_unknown_hirschberg_crop,user_attested_doctor_confirmed_folder_label,User states labels were previously confirmed by doctors at an organization; no separate clinician manifest was present in the folder.,UNKNOWN,UNKNOWN_CROPPED_224,UNKNOWN,UNKNOWN,UNKNOWN,UNKNOWN,UNKNOWN,bf46c091d9165ede24fdd32127057f802ba13d1d0af2cd4c3ff54187d21abb8d,224,224,JPEG,RGB,exploratory_only_until_participant_id_and_protocol_are_confirmed
hirschberg-folder-labels-v0.1,test/ESOTROPIA/esotropia_021.jpg,data_hirschberg\eye-classification\test\ESOTROPIA\esotropia_021.jpg,test,val,ESOTROPIA,esotropia,True,UNKNOWN,esotropia:esotropia_021,legacy_or_unknown_hirschberg_crop,user_attested_doctor_confirmed_folder_label,User states labels were previously confirmed by doctors at an organization; no separate clinician manifest was present in the folder.,UNKNOWN,UNKNOWN_CROPPED_224,UNKNOWN,UNKNOWN,UNKNOWN,UNKNOWN,UNKNOWN,1796bbdbb96be6ba9af5cab1f6dc2220946e03edfc069e539d13a763310c2615,224,224,JPEG,RGB,exploratory_only_until_participant_id_and_protocol_are_confirmed
hirschberg-folder-labels-v0.1,test/ESOTROPIA/esotropia_022.jpg,data_hirschberg\eye-classification\test\ESOTROPIA\esotropia_022.jpg,test,val,ESOTROPIA,esotropia,True,UNKNOWN,esotropia:esotropia_022,legacy_or_unknown_hirschberg_crop,user_attested_doctor_confirmed_folder_label,User states labels were previously confirmed by doctors at an organization; no separate clinician manifest was present in the folder.,UNKNOWN,UNKNOWN_CROPPED_224,UNKNOWN,UNKNOWN,UNKNOWN,UNKNOWN,UNKNOWN,be3eee7976546100121f7985114b2a012802719c6fe8fdcbcd11ee0dbc141dd5,224,224,JPEG,RGB,exploratory_only_until_participant_id_and_protocol_are_confirmed
hirschberg-folder-labels-v0.1,test/ESOTROPIA/esotropia_023.jpg,data_hirschberg\eye-classification\test\ESOTROPIA\esotropia_023.jpg,test,train,ESOTROPIA,esotropia,True,UNKNOWN,esotropia:esotropia_023,legacy_or_unknown_hirschberg_crop,user_attested_doctor_confirmed_folder_label,User states labels were previously confirmed by doctors at an organization; no separate clinician manifest was present in the folder.,UNKNOWN,UNKNOWN_CROPPED_224,UNKNOWN,UNKNOWN,UNKNOWN,UNKNOWN,UNKNOWN,7c20c96ddcbdb98e8419bb8d8c02b1fe7d5f71e278a923fb7ff15fc6f0135962,224,224,JPEG,RGB,exploratory_only_until_participant_id_and_protocol_are_confirmed
hirschberg-folder-labels-v0.1,test/ESOTROPIA/esotropia_024.jpg,data_hirschberg\eye-classification\test\ESOTROPIA\esotropia_024.jpg,test,train,ESOTROPIA,esotropia,True,UNKNOWN,esotropia:esotropia_024,legacy_or_unknown_hirschberg_crop,user_attested_doctor_confirmed_folder_label,User states labels were previously confirmed by doctors at an organization; no separate clinician manifest was present in the folder.,UNKNOWN,UNKNOWN_CROPPED_224,UNKNOWN,UNKNOWN,UNKNOWN,UNKNOWN,UNKNOWN,d5ac065f43cd321edb3e2ddef2b1bd04b38216605c6e51eb0a7e14b41cee16f4,224,224,JPEG,RGB,exploratory_only_until_participant_id_and_protocol_are_confirmed
hirschberg-folder-labels-v0.1,test/ESOTROPIA/esotropia_025.jpg,data_hirschberg\eye-classification\test\ESOTROPIA\esotropia_025.jpg,test,train,ESOTROPIA,esotropia,True,UNKNOWN,esotropia:esotropia_025,legacy_or_unknown_hirschberg_crop,user_attested_doctor_confirmed_folder_label,User states labels were previously confirmed by doctors at an organization; no separate clinician manifest was present in the folder.,UNKNOWN,UNKNOWN_CROPPED_224,UNKNOWN,UNKNOWN,UNKNOWN,UNKNOWN,UNKNOWN,dcf67b8d232880803419ef1dcf668aed07fe2b1c04196bbb4cc43e4f43a1e091,224,224,JPEG,RGB,exploratory_only_until_participant_id_and_protocol_are_confirmed
hirschberg-folder-labels-v0.1,test/ESOTROPIA/esotropia_026.jpg,data_hirschberg\eye-classification\test\ESOTROPIA\esotropia_026.jpg,test,train,ESOTROPIA,esotropia,True,UNKNOWN,esotropia:esotropia_026,legacy_or_unknown_hirschberg_crop,user_attested_doctor_confirmed_folder_label,User states labels were previously confirmed by doctors at an organization; no separate clinician manifest was present in the folder.,UNKNOWN,UNKNOWN_CROPPED_224,UNKNOWN,UNKNOWN,UNKNOWN,UNKNOWN,UNKNOWN,5915ca2cafd6f626eecf869b92d59d204a40c82d94db0724abdf1016a9c24b57,224,224,JPEG,RGB,exploratory_only_until_participant_id_and_protocol_are_confirmed
hirschberg-folder-labels-v0.1,test/ESOTROPIA/esotropia_027.jpg,data_hirschberg\eye-classification\test\ESOTROPIA\esotropia_027.jpg,test,test,ESOTROPIA,esotropia,True,UNKNOWN,esotropia:esotropia_027,legacy_or_unknown_hirschberg_crop,user_attested_doctor_confirmed_folder_label,User states labels were previously confirmed by doctors at an organization; no separate clinician manifest was present in the folder.,UNKNOWN,UNKNOWN_CROPPED_224,UNKNOWN,UNKNOWN,UNKNOWN,UNKNOWN,UNKNOWN,a2b18ff5dc6b17b39c85e00ea3e9d6fa9f8d2a7ea9dbd62d9b94f21ef269fad8,224,224,JPEG,RGB,exploratory_only_until_participant_id_and_protocol_are_confirmed
hirschberg-folder-labels-v0.1,test/ESOTROPIA/esotropia_028.jpg,data_hirschberg\eye-classification\test\ESOTROPIA\esotropia_028.jpg,test,train,ESOTROPIA,esotropia,True,UNKNOWN,esotropia:esotropia_028,legacy_or_unknown_hirschberg_crop,user_attested_doctor_confirmed_folder_label,User states labels were previously confirmed by doctors at an organization; no separate clinician manifest was present in the folder.,UNKNOWN,UNKNOWN_CROPPED_224,UNKNOWN,UNKNOWN,UNKNOWN,UNKNOWN,UNKNOWN,195579a8ac8157f7f3a02c968e39512753e90677d512a0deb0e7a697bc7bcdec,224,224,JPEG,RGB,exploratory_only_until_participant_id_and_protocol_are_confirmed
hirschberg-folder-labels-v0.1,test/ESOTROPIA/esotropia_029.jpg,data_hirschberg\eye-classification\test\ESOTROPIA\esotropia_029.jpg,test,test,ESOTROPIA,esotropia,True,UNKNOWN,esotropia:esotropia_029,legacy_or_unknown_hirschberg_crop,user_attested_doctor_confirmed_folder_label,User states labels were previously confirmed by doctors at an organization; no separate clinician manifest was present in the folder.,UNKNOWN,UNKNOWN_CROPPED_224,UNKNOWN,UNKNOWN,UNKNOWN,UNKNOWN,UNKNOWN,0d8e2bbdb1813e9e2fd90676c22a9667a1f9c3eb5b89da0baf963dcc69cb003f,224,224,JPEG,RGB,exploratory_only_until_participant_id_and_protocol_are_confirmed
hirschberg-folder-labels-v0.1,test/ESOTROPIA/esotropia_030.jpg,data_hirschberg\eye-classification\test\ESOTROPIA\esotropia_030.jpg,test,test,ESOTROPIA,esotropia,True,UNKNOWN,esotropia:esotropia_030,legacy_or_unknown_hirschberg_crop,user_attested_doctor_confirmed_folder_label,User states labels were previously confirmed by doctors at an organization; no separate clinician manifest was present in the folder.,UNKNOWN,UNKNOWN_CROPPED_224,UNKNOWN,UNKNOWN,UNKNOWN,UNKNOWN,UNKNOWN,200784112747f7d881885941be707a1f6b89eb4a12a075607db8c8bded270ba5,224,224,JPEG,RGB,exploratory_only_until_participant_id_and_protocol_are_confirmed
hirschberg-folder-labels-v0.1,test/ESOTROPIA/esotropia_031.jpg,data_hirschberg\eye-classification\test\ESOTROPIA\esotropia_031.jpg,test,train,ESOTROPIA,esotropia,True,UNKNOWN,esotropia:esotropia_031,legacy_or_unknown_hirschberg_crop,user_attested_doctor_confirmed_folder_label,User states labels were previously confirmed by doctors at an organization; no separate clinician manifest was present in the folder.,UNKNOWN,UNKNOWN_CROPPED_224,UNKNOWN,UNKNOWN,UNKNOWN,UNKNOWN,UNKNOWN,18cf84ec36f10e56c9bc0b40a657b5c61c25660f996304cec6cf1d7f147bf017,224,224,JPEG,RGB,exploratory_only_until_participant_id_and_protocol_are_confirmed
hirschberg-folder-labels-v0.1,test/ESOTROPIA/esotropia_032.jpg,data_hirschberg\eye-classification\test\ESOTROPIA\esotropia_032.jpg,test,train,ESOTROPIA,esotropia,True,UNKNOWN,esotropia:esotropia_032,legacy_or_unknown_hirschberg_crop,user_attested_doctor_confirmed_folder_label,User states labels were previously confirmed by doctors at an organization; no separate clinician manifest was present in the folder.,UNKNOWN,UNKNOWN_CROPPED_224,UNKNOWN,UNKNOWN,UNKNOWN,UNKNOWN,UNKNOWN,aad73daef6bd6fe25689fcd5bf3bb2ea74281c49ca688125e295abe68168e37c,224,224,JPEG,RGB,exploratory_only_until_participant_id_and_protocol_are_confirmed
hirschberg-folder-labels-v0.1,test/ESOTROPIA/esotropia_033.jpg,data_hirschberg\eye-classification\test\ESOTROPIA\esotropia_033.jpg,test,train,ESOTROPIA,esotropia,True,UNKNOWN,esotropia:esotropia_033,legacy_or_unknown_hirschberg_crop,user_attested_doctor_confirmed_folder_label,User states labels were previously confirmed by doctors at an organization; no separate clinician manifest was present in the folder.,UNKNOWN,UNKNOWN_CROPPED_224,UNKNOWN,UNKNOWN,UNKNOWN,UNKNOWN,UNKNOWN,07b0adf4e3330be315859eb3cff63eeccd0f536efd5e9aab353c881e5927c015,224,224,JPEG,RGB,exploratory_only_until_participant_id_and_protocol_are_confirmed
hirschberg-folder-labels-v0.1,test/ESOTROPIA/esotropia_034.jpg,data_hirschberg\eye-classification\test\ESOTROPIA\esotropia_034.jpg,test,train,ESOTROPIA,esotropia,True,UNKNOWN,esotropia:esotropia_034,legacy_or_unknown_hirschberg_crop,user_attested_doctor_confirmed_folder_label,User states labels were previously confirmed by doctors at an organization; no separate clinician manifest was present in the folder.,UNKNOWN,UNKNOWN_CROPPED_224,UNKNOWN,UNKNOWN,UNKNOWN,UNKNOWN,UNKNOWN,acde7fa42568e2c393a959fb6553822d881e1d28c5ffb30d871ba4d59ba3c389,224,224,JPEG,RGB,exploratory_only_until_participant_id_and_protocol_are_confirmed
hirschberg-folder-labels-v0.1,test/ESOTROPIA/esotropia_035.jpg,data_hirschberg\eye-classification\test\ESOTROPIA\esotropia_035.jpg,test,train,ESOTROPIA,esotropia,True,UNKNOWN,esotropia:esotropia_035,legacy_or_unknown_hirschberg_crop,user_attested_doctor_confirmed_folder_label,User states labels were previously confirmed by doctors at an organization; no separate clinician manifest was present in the folder.,UNKNOWN,UNKNOWN_CROPPED_224,UNKNOWN,UNKNOWN,UNKNOWN,UNKNOWN,UNKNOWN,ffff50aaa3c1ecd4ef9a5c0f4ca8bc29d7c9e3d869e19a180469b92dc9d9c2fc,224,224,JPEG,RGB,exploratory_only_until_participant_id_and_protocol_are_confirmed
hirschberg-folder-labels-v0.1,test/ESOTROPIA/esotropia_036.jpg,data_hirschberg\eye-classification\test\ESOTROPIA\esotropia_036.jpg,test,test,ESOTROPIA,esotropia,True,UNKNOWN,esotropia:esotropia_036,legacy_or_unknown_hirschberg_crop,user_attested_doctor_confirmed_folder_label,User states labels were previously confirmed by doctors at an organization; no separate clinician manifest was present in the folder.,UNKNOWN,UNKNOWN_CROPPED_224,UNKNOWN,UNKNOWN,UNKNOWN,UNKNOWN,UNKNOWN,5cb7e727446a957a9a6473c3363a11a9df7c22958c92b33edf3d0f067e48aa10,224,224,JPEG,RGB,exploratory_only_until_participant_id_and_protocol_are_confirmed
hirschberg-folder-labels-v0.1,test/ESOTROPIA/esotropia_037.jpg,data_hirschberg\eye-classification\test\ESOTROPIA\esotropia_037.jpg,test,train,ESOTROPIA,esotropia,True,UNKNOWN,esotropia:esotropia_037,legacy_or_unknown_hirschberg_crop,user_attested_doctor_confirmed_folder_label,User states labels were previously confirmed by doctors at an organization; no separate clinician manifest was present in the folder.,UNKNOWN,UNKNOWN_CROPPED_224,UNKNOWN,UNKNOWN,UNKNOWN,UNKNOWN,UNKNOWN,fde4d8300e95be3fda99e1fc4353c6c17df4261eb2eb4c57284b2f1c93afff7f,224,224,JPEG,RGB,exploratory_only_until_participant_id_and_protocol_are_confirmed
hirschberg-folder-labels-v0.1,test/ESOTROPIA/esotropia_038.jpg,data_hirschberg\eye-classification\test\ESOTROPIA\esotropia_038.jpg,test,val,ESOTROPIA,esotropia,True,UNKNOWN,esotropia:esotropia_038,legacy_or_unknown_hirschberg_crop,user_attested_doctor_confirmed_folder_label,User states labels were previously confirmed by doctors at an organization; no separate clinician manifest was present in the folder.,UNKNOWN,UNKNOWN_CROPPED_224,UNKNOWN,UNKNOWN,UNKNOWN,UNKNOWN,UNKNOWN,59a4d9391a1d81ea17b947c55a3091274209d34ab86292d6321ecc5614c99f09,224,224,JPEG,RGB,exploratory_only_until_participant_id_and_protocol_are_confirmed
hirschberg-folder-labels-v0.1,test/EXOTROPIA/exotropia_001.jpg,data_hirschberg\eye-classification\test\EXOTROPIA\exotropia_001.jpg,test,val,EXOTROPIA,exotropia,True,UNKNOWN,exotropia:exotropia_001,legacy_or_unknown_hirschberg_crop,user_attested_doctor_confirmed_folder_label,User states labels were previously confirmed by doctors at an organization; no separate clinician manifest was present in the folder.,UNKNOWN,UNKNOWN_CROPPED_224,UNKNOWN,UNKNOWN,UNKNOWN,UNKNOWN,UNKNOWN,69cf138e59a7cbbdb8df771f18d0c945ac24ea7cc1d4ed6d70fa16139bc6c2a6,224,224,JPEG,RGB,exploratory_only_until_participant_id_and_protocol_are_confirmed
hirschberg-folder-labels-v0.1,test/EXOTROPIA/exotropia_002.jpg,data_hirschberg\eye-classification\test\EXOTROPIA\exotropia_002.jpg,test,val,EXOTROPIA,exotropia,True,UNKNOWN,exotropia:exotropia_002,legacy_or_unknown_hirschberg_crop,user_attested_doctor_confirmed_folder_label,User states labels were previously confirmed by doctors at an organization; no separate clinician manifest was present in the folder.,UNKNOWN,UNKNOWN_CROPPED_224,UNKNOWN,UNKNOWN,UNKNOWN,UNKNOWN,UNKNOWN,a4cdfa4b2edcbd05760585a771fa3fa0f766d386a61195c8510d4543e1a916ae,224,224,JPEG,RGB,exploratory_only_until_participant_id_and_protocol_are_confirmed
hirschberg-folder-labels-v0.1,test/EXOTROPIA/exotropia_003.jpg,data_hirschberg\eye-classification\test\EXOTROPIA\exotropia_003.jpg,test,test,EXOTROPIA,exotropia,True,UNKNOWN,exotropia:exotropia_003,legacy_or_unknown_hirschberg_crop,user_attested_doctor_confirmed_folder_label,User states labels were previously confirmed by doctors at an organization; no separate clinician manifest was present in the folder.,UNKNOWN,UNKNOWN_CROPPED_224,UNKNOWN,UNKNOWN,UNKNOWN,UNKNOWN,UNKNOWN,232e0112bda3f114c7d91bfd7dab8f02c804b42e3b73732b5e9f7a251e53c033,224,224,JPEG,RGB,exploratory_only_until_participant_id_and_protocol_are_confirmed
hirschberg-folder-labels-v0.1,test/EXOTROPIA/exotropia_004.jpg,data_hirschberg\eye-classification\test\EXOTROPIA\exotropia_004.jpg,test,train,EXOTROPIA,exotropia,True,UNKNOWN,exotropia:exotropia_004,legacy_or_unknown_hirschberg_crop,user_attested_doctor_confirmed_folder_label,User states labels were previously confirmed by doctors at an organization; no separate clinician manifest was present in the folder.,UNKNOWN,UNKNOWN_CROPPED_224,UNKNOWN,UNKNOWN,UNKNOWN,UNKNOWN,UNKNOWN,57f8a2ff6b15773c3f459ba144d70b38fb1764d9aed547bab14e0e01c6f49158,224,224,JPEG,RGB,exploratory_only_until_participant_id_and_protocol_are_confirmed
hirschberg-folder-labels-v0.1,test/EXOTROPIA/exotropia_005.jpg,data_hirschberg\eye-classification\test\EXOTROPIA\exotropia_005.jpg,test,train,EXOTROPIA,exotropia,True,UNKNOWN,exotropia:exotropia_005,legacy_or_unknown_hirschberg_crop,user_attested_doctor_confirmed_folder_label,User states labels were previously confirmed by doctors at an organization; no separate clinician manifest was present in the folder.,UNKNOWN,UNKNOWN_CROPPED_224,UNKNOWN,UNKNOWN,UNKNOWN,UNKNOWN,UNKNOWN,0e43a97dffe12bc4cc3fb06bc397849d2cc10defbd1d4e3b109aba24f65b3f72,224,224,JPEG,RGB,exploratory_only_until_participant_id_and_protocol_are_confirmed
hirschberg-folder-labels-v0.1,test/EXOTROPIA/exotropia_006.jpg,data_hirschberg\eye-classification\test\EXOTROPIA\exotropia_006.jpg,test,val,EXOTROPIA,exotropia,True,UNKNOWN,exotropia:exotropia_006,legacy_or_unknown_hirschberg_crop,user_attested_doctor_confirmed_folder_label,User states labels were previously confirmed by doctors at an organization; no separate clinician manifest was present in the folder.,UNKNOWN,UNKNOWN_CROPPED_224,UNKNOWN,UNKNOWN,UNKNOWN,UNKNOWN,UNKNOWN,fd0a8f5dd52094f70e7d713f97513e2660c6b5fbcea20c2cd5934befc627376a,224,224,JPEG,RGB,exploratory_only_until_participant_id_and_protocol_are_confirmed
hirschberg-folder-labels-v0.1,test/EXOTROPIA/exotropia_007.jpg,data_hirschberg\eye-classification\test\EXOTROPIA\exotropia_007.jpg,test,train,EXOTROPIA,exotropia,True,UNKNOWN,exotropia:exotropia_007,legacy_or_unknown_hirschberg_crop,user_attested_doctor_confirmed_folder_label,User states labels were previously confirmed by doctors at an organization; no separate clinician manifest was present in the folder.,UNKNOWN,UNKNOWN_CROPPED_224,UNKNOWN,UNKNOWN,UNKNOWN,UNKNOWN,UNKNOWN,a6d088c7ecfa8bcde303ac9b95256b56af697811757ba1ca3e1fbb92fc52eb7b,224,224,JPEG,RGB,exploratory_only_until_participant_id_and_protocol_are_confirmed
hirschberg-folder-labels-v0.1,test/EXOTROPIA/exotropia_008.jpg,data_hirschberg\eye-classification\test\EXOTROPIA\exotropia_008.jpg,test,test,EXOTROPIA,exotropia,True,UNKNOWN,exotropia:exotropia_008,legacy_or_unknown_hirschberg_crop,user_attested_doctor_confirmed_folder_label,User states labels were previously confirmed by doctors at an organization; no separate clinician manifest was present in the folder.,UNKNOWN,UNKNOWN_CROPPED_224,UNKNOWN,UNKNOWN,UNKNOWN,UNKNOWN,UNKNOWN,93ce449b52106526b0adc4033a2fb8eeeb4916e2f8016bfa5790cad85b6f7c99,224,224,JPEG,RGB,exploratory_only_until_participant_id_and_protocol_are_confirmed
hirschberg-folder-labels-v0.1,test/EXOTROPIA/exotropia_009.jpg,data_hirschberg\eye-classification\test\EXOTROPIA\exotropia_009.jpg,test,test,EXOTROPIA,exotropia,True,UNKNOWN,exotropia:exotropia_009,legacy_or_unknown_hirschberg_crop,user_attested_doctor_confirmed_folder_label,User states labels were previously confirmed by doctors at an organization; no separate clinician manifest was present in the folder.,UNKNOWN,UNKNOWN_CROPPED_224,UNKNOWN,UNKNOWN,UNKNOWN,UNKNOWN,UNKNOWN,61253d132575e1b4ea775353310cb58c9fe3ef24280817c112fe35ee7e8e7f49,224,224,JPEG,RGB,exploratory_only_until_participant_id_and_protocol_are_confirmed
hirschberg-folder-labels-v0.1,test/EXOTROPIA/exotropia_010.jpg,data_hirschberg\eye-classification\test\EXOTROPIA\exotropia_010.jpg,test,train,EXOTROPIA,exotropia,True,UNKNOWN,exotropia:exotropia_010,legacy_or_unknown_hirschberg_crop,user_attested_doctor_confirmed_folder_label,User states labels were previously confirmed by doctors at an organization; no separate clinician manifest was present in the folder.,UNKNOWN,UNKNOWN_CROPPED_224,UNKNOWN,UNKNOWN,UNKNOWN,UNKNOWN,UNKNOWN,5036ec1a19d5c90012ad093ef95531dd07bf338e164b7d3759dda2b9fb3a4d94,224,224,JPEG,RGB,exploratory_only_until_participant_id_and_protocol_are_confirmed
hirschberg-folder-labels-v0.1,test/EXOTROPIA/exotropia_011.jpg,data_hirschberg\eye-classification\test\EXOTROPIA\exotropia_011.jpg,test,train,EXOTROPIA,exotropia,True,UNKNOWN,exotropia:exotropia_011,legacy_or_unknown_hirschberg_crop,user_attested_doctor_confirmed_folder_label,User states labels were previously confirmed by doctors at an organization; no separate clinician manifest was present in the folder.,UNKNOWN,UNKNOWN_CROPPED_224,UNKNOWN,UNKNOWN,UNKNOWN,UNKNOWN,UNKNOWN,bb56cb3106c318a55610dda9048850e24a94f7e55c5f926c685d5279f380a5ab,224,224,JPEG,RGB,exploratory_only_until_participant_id_and_protocol_are_confirmed
hirschberg-folder-labels-v0.1,test/EXOTROPIA/exotropia_012.jpg,data_hirschberg\eye-classification\test\EXOTROPIA\exotropia_012.jpg,test,train,EXOTROPIA,exotropia,True,UNKNOWN,exotropia:exotropia_012,legacy_or_unknown_hirschberg_crop,user_attested_doctor_confirmed_folder_label,User states labels were previously confirmed by doctors at an organization; no separate clinician manifest was present in the folder.,UNKNOWN,UNKNOWN_CROPPED_224,UNKNOWN,UNKNOWN,UNKNOWN,UNKNOWN,UNKNOWN,14eac0fc841f73c1967d271864933d76dec3ee533c398ff0cbe9a3d467b59f93,224,224,JPEG,RGB,exploratory_only_until_participant_id_and_protocol_are_confirmed
hirschberg-folder-labels-v0.1,test/EXOTROPIA/exotropia_013.jpg,data_hirschberg\eye-classification\test\EXOTROPIA\exotropia_013.jpg,test,test,EXOTROPIA,exotropia,True,UNKNOWN,exotropia:exotropia_013,legacy_or_unknown_hirschberg_crop,user_attested_doctor_confirmed_folder_label,User states labels were previously confirmed by doctors at an organization; no separate clinician manifest was present in the folder.,UNKNOWN,UNKNOWN_CROPPED_224,UNKNOWN,UNKNOWN,UNKNOWN,UNKNOWN,UNKNOWN,20dbf0cef9dc8fc498c8e892b219aac8fba4da4f31daae6aca125f219313eca8,224,224,JPEG,RGB,exploratory_only_until_participant_id_and_protocol_are_confirmed
hirschberg-folder-labels-v0.1,test/EXOTROPIA/exotropia_014.jpg,data_hirschberg\eye-classification\test\EXOTROPIA\exotropia_014.jpg,test,val,EXOTROPIA,exotropia,True,UNKNOWN,exotropia:exotropia_014,legacy_or_unknown_hirschberg_crop,user_attested_doctor_confirmed_folder_label,User states labels were previously confirmed by doctors at an organization; no separate clinician manifest was present in the folder.,UNKNOWN,UNKNOWN_CROPPED_224,UNKNOWN,UNKNOWN,UNKNOWN,UNKNOWN,UNKNOWN,4e5eb7211c462048aacba92a95b923c79508c186dd0f49660502f18737de3300,224,224,JPEG,RGB,exploratory_only_until_participant_id_and_protocol_are_confirmed
hirschberg-folder-labels-v0.1,test/EXOTROPIA/exotropia_015.jpg,data_hirschberg\eye-classification\test\EXOTROPIA\exotropia_015.jpg,test,val,EXOTROPIA,exotropia,True,UNKNOWN,exotropia:exotropia_015,legacy_or_unknown_hirschberg_crop,user_attested_doctor_confirmed_folder_label,User states labels were previously confirmed by doctors at an organization; no separate clinician manifest was present in the folder.,UNKNOWN,UNKNOWN_CROPPED_224,UNKNOWN,UNKNOWN,UNKNOWN,UNKNOWN,UNKNOWN,0f84d8fba949e1c968edc7f51372c682b90c5c0182e470696a8c4283886f6e9c,224,224,JPEG,RGB,exploratory_only_until_participant_id_and_protocol_are_confirmed
hirschberg-folder-labels-v0.1,test/EXOTROPIA/exotropia_016.jpg,data_hirschberg\eye-classification\test\EXOTROPIA\exotropia_016.jpg,test,train,EXOTROPIA,exotropia,True,UNKNOWN,exotropia:exotropia_016,legacy_or_unknown_hirschberg_crop,user_attested_doctor_confirmed_folder_label,User states labels were previously confirmed by doctors at an organization; no separate clinician manifest was present in the folder.,UNKNOWN,UNKNOWN_CROPPED_224,UNKNOWN,UNKNOWN,UNKNOWN,UNKNOWN,UNKNOWN,b232bd9d7723fec459835f90574061830d609b65963ba06780284b411693ea19,224,224,JPEG,RGB,exploratory_only_until_participant_id_and_protocol_are_confirmed
hirschberg-folder-labels-v0.1,test/EXOTROPIA/exotropia_017.jpg,data_hirschberg\eye-classification\test\EXOTROPIA\exotropia_017.jpg,test,train,EXOTROPIA,exotropia,True,UNKNOWN,exotropia:exotropia_017,legacy_or_unknown_hirschberg_crop,user_attested_doctor_confirmed_folder_label,User states labels were previously confirmed by doctors at an organization; no separate clinician manifest was present in the folder.,UNKNOWN,UNKNOWN_CROPPED_224,UNKNOWN,UNKNOWN,UNKNOWN,UNKNOWN,UNKNOWN,5731555fd265c4fb9c1272e4bd9a4ac8a2d0e32f6d79c73f46a47b000bcbf2c7,224,224,JPEG,RGB,exploratory_only_until_participant_id_and_protocol_are_confirmed
hirschberg-folder-labels-v0.1,test/EXOTROPIA/exotropia_018.jpg,data_hirschberg\eye-classification\test\EXOTROPIA\exotropia_018.jpg,test,train,EXOTROPIA,exotropia,True,UNKNOWN,exotropia:exotropia_018,legacy_or_unknown_hirschberg_crop,user_attested_doctor_confirmed_folder_label,User states labels were previously confirmed by doctors at an organization; no separate clinician manifest was present in the folder.,UNKNOWN,UNKNOWN_CROPPED_224,UNKNOWN,UNKNOWN,UNKNOWN,UNKNOWN,UNKNOWN,7914a259f98dd086d53834f473f55cdccc0919520a17efe78f0489eb0434fdaf,224,224,JPEG,RGB,exploratory_only_until_participant_id_and_protocol_are_confirmed
hirschberg-folder-labels-v0.1,test/EXOTROPIA/exotropia_019.jpg,data_hirschberg\eye-classification\test\EXOTROPIA\exotropia_019.jpg,test,train,EXOTROPIA,exotropia,True,UNKNOWN,exotropia:exotropia_019,legacy_or_unknown_hirschberg_crop,user_attested_doctor_confirmed_folder_label,User states labels were previously confirmed by doctors at an organization; no separate clinician manifest was present in the folder.,UNKNOWN,UNKNOWN_CROPPED_224,UNKNOWN,UNKNOWN,UNKNOWN,UNKNOWN,UNKNOWN,395206aec5231cedb424ba9c4c9f6585b67636bd6bfbaa6eb4b76b6ca0c08315,224,224,JPEG,RGB,exploratory_only_until_participant_id_and_protocol_are_confirmed
hirschberg-folder-labels-v0.1,test/EXOTROPIA/exotropia_020.jpg,data_hirschberg\eye-classification\test\EXOTROPIA\exotropia_020.jpg,test,train,EXOTROPIA,exotropia,True,UNKNOWN,exotropia:exotropia_020,legacy_or_unknown_hirschberg_crop,user_attested_doctor_confirmed_folder_label,User states labels were previously confirmed by doctors at an organization; no separate clinician manifest was present in the folder.,UNKNOWN,UNKNOWN_CROPPED_224,UNKNOWN,UNKNOWN,UNKNOWN,UNKNOWN,UNKNOWN,125c52c32b132c77c05f477661a3d38b63a20e1e1c19ae49229be7274b2522f6,224,224,JPEG,RGB,exploratory_only_until_participant_id_and_protocol_are_confirmed
hirschberg-folder-labels-v0.1,test/EXOTROPIA/exotropia_021.jpg,data_hirschberg\eye-classification\test\EXOTROPIA\exotropia_021.jpg,test,train,EXOTROPIA,exotropia,True,UNKNOWN,exotropia:exotropia_021,legacy_or_unknown_hirschberg_crop,user_attested_doctor_confirmed_folder_label,User states labels were previously confirmed by doctors at an organization; no separate clinician manifest was present in the folder.,UNKNOWN,UNKNOWN_CROPPED_224,UNKNOWN,UNKNOWN,UNKNOWN,UNKNOWN,UNKNOWN,a551a9e6af40c1f1b257d8d58b8219089c64e0dd80933d276ad4d8b1bcb85e29,224,224,JPEG,RGB,exploratory_only_until_participant_id_and_protocol_are_confirmed
hirschberg-folder-labels-v0.1,test/EXOTROPIA/exotropia_022.jpg,data_hirschberg\eye-classification\test\EXOTROPIA\exotropia_022.jpg,test,train,EXOTROPIA,exotropia,True,UNKNOWN,exotropia:exotropia_022,legacy_or_unknown_hirschberg_crop,user_attested_doctor_confirmed_folder_label,User states labels were previously confirmed by doctors at an organization; no separate clinician manifest was present in the folder.,UNKNOWN,UNKNOWN_CROPPED_224,UNKNOWN,UNKNOWN,UNKNOWN,UNKNOWN,UNKNOWN,080eea312c752f7d5528ec11fb901d5ae096f99db329fb8c901fd81ae86c45a4,224,224,JPEG,RGB,exploratory_only_until_participant_id_and_protocol_are_confirmed
hirschberg-folder-labels-v0.1,test/EXOTROPIA/exotropia_023.jpg,data_hirschberg\eye-classification\test\EXOTROPIA\exotropia_023.jpg,test,train,EXOTROPIA,exotropia,True,UNKNOWN,exotropia:exotropia_023,legacy_or_unknown_hirschberg_crop,user_attested_doctor_confirmed_folder_label,User states labels were previously confirmed by doctors at an organization; no separate clinician manifest was present in the folder.,UNKNOWN,UNKNOWN_CROPPED_224,UNKNOWN,UNKNOWN,UNKNOWN,UNKNOWN,UNKNOWN,534b80099239e70f74249fdd1440f9527cc3ee33f03575b54a55205ac9fc0aac,224,224,JPEG,RGB,exploratory_only_until_participant_id_and_protocol_are_confirmed
hirschberg-folder-labels-v0.1,test/EXOTROPIA/exotropia_024.jpg,data_hirschberg\eye-classification\test\EXOTROPIA\exotropia_024.jpg,test,train,EXOTROPIA,exotropia,True,UNKNOWN,exotropia:exotropia_024,legacy_or_unknown_hirschberg_crop,user_attested_doctor_confirmed_folder_label,User states labels were previously confirmed by doctors at an organization; no separate clinician manifest was present in the folder.,UNKNOWN,UNKNOWN_CROPPED_224,UNKNOWN,UNKNOWN,UNKNOWN,UNKNOWN,UNKNOWN,607c6900f489355547c8c8dca37e0d668a0d210f1a09bf12b8a30b117d06070f,224,224,JPEG,RGB,exploratory_only_until_participant_id_and_protocol_are_confirmed
hirschberg-folder-labels-v0.1,test/EXOTROPIA/exotropia_025.jpg,data_hirschberg\eye-classification\test\EXOTROPIA\exotropia_025.jpg,test,test,EXOTROPIA,exotropia,True,UNKNOWN,exotropia:exotropia_025,legacy_or_unknown_hirschberg_crop,user_attested_doctor_confirmed_folder_label,User states labels were previously confirmed by doctors at an organization; no separate clinician manifest was present in the folder.,UNKNOWN,UNKNOWN_CROPPED_224,UNKNOWN,UNKNOWN,UNKNOWN,UNKNOWN,UNKNOWN,5ac357fc3cb0f81739cc2a432e428392abe3fa53ee52a7f2cebf3c264d7022b0,224,224,JPEG,RGB,exploratory_only_until_participant_id_and_protocol_are_confirmed
hirschberg-folder-labels-v0.1,test/EXOTROPIA/exotropia_026.jpg,data_hirschberg\eye-classification\test\EXOTROPIA\exotropia_026.jpg,test,train,EXOTROPIA,exotropia,True,UNKNOWN,exotropia:exotropia_026,legacy_or_unknown_hirschberg_crop,user_attested_doctor_confirmed_folder_label,User states labels were previously confirmed by doctors at an organization; no separate clinician manifest was present in the folder.,UNKNOWN,UNKNOWN_CROPPED_224,UNKNOWN,UNKNOWN,UNKNOWN,UNKNOWN,UNKNOWN,6587a284392ba6c0ffd649b439a2133547981e53dd55a946be9c6803e7513b9c,224,224,JPEG,RGB,exploratory_only_until_participant_id_and_protocol_are_confirmed
hirschberg-folder-labels-v0.1,test/EXOTROPIA/exotropia_027.jpg,data_hirschberg\eye-classification\test\EXOTROPIA\exotropia_027.jpg,test,train,EXOTROPIA,exotropia,True,UNKNOWN,exotropia:exotropia_027,legacy_or_unknown_hirschberg_crop,user_attested_doctor_confirmed_folder_label,User states labels were previously confirmed by doctors at an organization; no separate clinician manifest was present in the folder.,UNKNOWN,UNKNOWN_CROPPED_224,UNKNOWN,UNKNOWN,UNKNOWN,UNKNOWN,UNKNOWN,10d83cbbcd9c277adca9e8575f0952dd479f4fa95277e565f5e3d7cb190110b2,224,224,JPEG,RGB,exploratory_only_until_participant_id_and_protocol_are_confirmed
hirschberg-folder-labels-v0.1,test/EXOTROPIA/exotropia_028.jpg,data_hirschberg\eye-classification\test\EXOTROPIA\exotropia_028.jpg,test,train,EXOTROPIA,exotropia,True,UNKNOWN,exotropia:exotropia_028,legacy_or_unknown_hirschberg_crop,user_attested_doctor_confirmed_folder_label,User states labels were previously confirmed by doctors at an organization; no separate clinician manifest was present in the folder.,UNKNOWN,UNKNOWN_CROPPED_224,UNKNOWN,UNKNOWN,UNKNOWN,UNKNOWN,UNKNOWN,5bbbeb098a272338df184b9430e538755b933a5521dbaa630e2e91745217cc6f,224,224,JPEG,RGB,exploratory_only_until_participant_id_and_protocol_are_confirmed
hirschberg-folder-labels-v0.1,test/EXOTROPIA/exotropia_029.jpg,data_hirschberg\eye-classification\test\EXOTROPIA\exotropia_029.jpg,test,test,EXOTROPIA,exotropia,True,UNKNOWN,exotropia:exotropia_029,legacy_or_unknown_hirschberg_crop,user_attested_doctor_confirmed_folder_label,User states labels were previously confirmed by doctors at an organization; no separate clinician manifest was present in the folder.,UNKNOWN,UNKNOWN_CROPPED_224,UNKNOWN,UNKNOWN,UNKNOWN,UNKNOWN,UNKNOWN,d89bad939ddc624dee03b9014f431a6153d7613b20e21f1a6fe1114a06c9d905,224,224,JPEG,RGB,exploratory_only_until_participant_id_and_protocol_are_confirmed
hirschberg-folder-labels-v0.1,test/EXOTROPIA/exotropia_030.jpg,data_hirschberg\eye-classification\test\EXOTROPIA\exotropia_030.jpg,test,val,EXOTROPIA,exotropia,True,UNKNOWN,exotropia:exotropia_030,legacy_or_unknown_hirschberg_crop,user_attested_doctor_confirmed_folder_label,User states labels were previously confirmed by doctors at an organization; no separate clinician manifest was present in the folder.,UNKNOWN,UNKNOWN_CROPPED_224,UNKNOWN,UNKNOWN,UNKNOWN,UNKNOWN,UNKNOWN,a382c53fabbdb6ef53460156418ad30e90b7c32a389454c86623b604f4239073,224,224,JPEG,RGB,exploratory_only_until_participant_id_and_protocol_are_confirmed
hirschberg-folder-labels-v0.1,test/EXOTROPIA/exotropia_031.jpg,data_hirschberg\eye-classification\test\EXOTROPIA\exotropia_031.jpg,test,train,EXOTROPIA,exotropia,True,UNKNOWN,exotropia:exotropia_031,legacy_or_unknown_hirschberg_crop,user_attested_doctor_confirmed_folder_label,User states labels were previously confirmed by doctors at an organization; no separate clinician manifest was present in the folder.,UNKNOWN,UNKNOWN_CROPPED_224,UNKNOWN,UNKNOWN,UNKNOWN,UNKNOWN,UNKNOWN,a0c68cc9be96b47de83e8c4f35742fb40e35d8bb4f3b52f8d5094dd3b143e082,224,224,JPEG,RGB,exploratory_only_until_participant_id_and_protocol_are_confirmed
hirschberg-folder-labels-v0.1,test/EXOTROPIA/exotropia_032.jpg,data_hirschberg\eye-classification\test\EXOTROPIA\exotropia_032.jpg,test,val,EXOTROPIA,exotropia,True,UNKNOWN,exotropia:exotropia_032,legacy_or_unknown_hirschberg_crop,user_attested_doctor_confirmed_folder_label,User states labels were previously confirmed by doctors at an organization; no separate clinician manifest was present in the folder.,UNKNOWN,UNKNOWN_CROPPED_224,UNKNOWN,UNKNOWN,UNKNOWN,UNKNOWN,UNKNOWN,9c156fecd875a4b06d8d7a48ce49fa57178ddb961253bf36c2d9fec1e7cf6032,224,224,JPEG,RGB,exploratory_only_until_participant_id_and_protocol_are_confirmed
hirschberg-folder-labels-v0.1,test/EXOTROPIA/exotropia_033.jpg,data_hirschberg\eye-classification\test\EXOTROPIA\exotropia_033.jpg,test,train,EXOTROPIA,exotropia,True,UNKNOWN,exotropia:exotropia_033,legacy_or_unknown_hirschberg_crop,user_attested_doctor_confirmed_folder_label,User states labels were previously confirmed by doctors at an organization; no separate clinician manifest was present in the folder.,UNKNOWN,UNKNOWN_CROPPED_224,UNKNOWN,UNKNOWN,UNKNOWN,UNKNOWN,UNKNOWN,d4567f90c2cf376299c25990ecbcb2b3535db8921379da35dbed13db34681b5d,224,224,JPEG,RGB,exploratory_only_until_participant_id_and_protocol_are_confirmed
hirschberg-folder-labels-v0.1,test/EXOTROPIA/exotropia_034.jpg,data_hirschberg\eye-classification\test\EXOTROPIA\exotropia_034.jpg,test,test,EXOTROPIA,exotropia,True,UNKNOWN,exotropia:exotropia_034,legacy_or_unknown_hirschberg_crop,user_attested_doctor_confirmed_folder_label,User states labels were previously confirmed by doctors at an organization; no separate clinician manifest was present in the folder.,UNKNOWN,UNKNOWN_CROPPED_224,UNKNOWN,UNKNOWN,UNKNOWN,UNKNOWN,UNKNOWN,35749935b5ca2a1aeb55eaa841589be2e510456da973903645e512c5385e2168,224,224,JPEG,RGB,exploratory_only_until_participant_id_and_protocol_are_confirmed
hirschberg-folder-labels-v0.1,test/EXOTROPIA/exotropia_035.jpg,data_hirschberg\eye-classification\test\EXOTROPIA\exotropia_035.jpg,test,val,EXOTROPIA,exotropia,True,UNKNOWN,exotropia:exotropia_035,legacy_or_unknown_hirschberg_crop,user_attested_doctor_confirmed_folder_label,User states labels were previously confirmed by doctors at an organization; no separate clinician manifest was present in the folder.,UNKNOWN,UNKNOWN_CROPPED_224,UNKNOWN,UNKNOWN,UNKNOWN,UNKNOWN,UNKNOWN,6ab5557f216224fd518e1bfefa8af5f20bb5ca521dea3a549831fa9aa691e570,224,224,JPEG,RGB,exploratory_only_until_participant_id_and_protocol_are_confirmed
hirschberg-folder-labels-v0.1,test/EXOTROPIA/exotropia_036.jpg,data_hirschberg\eye-classification\test\EXOTROPIA\exotropia_036.jpg,test,train,EXOTROPIA,exotropia,True,UNKNOWN,exotropia:exotropia_036,legacy_or_unknown_hirschberg_crop,user_attested_doctor_confirmed_folder_label,User states labels were previously confirmed by doctors at an organization; no separate clinician manifest was present in the folder.,UNKNOWN,UNKNOWN_CROPPED_224,UNKNOWN,UNKNOWN,UNKNOWN,UNKNOWN,UNKNOWN,3bb9116dbfb713708650bc650a5b5336cef71f34c6a561cb8aa0fb4f132c7fc7,224,224,JPEG,RGB,exploratory_only_until_participant_id_and_protocol_are_confirmed
hirschberg-folder-labels-v0.1,test/EXOTROPIA/exotropia_037.jpg,data_hirschberg\eye-classification\test\EXOTROPIA\exotropia_037.jpg,test,train,EXOTROPIA,exotropia,True,UNKNOWN,exotropia:exotropia_037,legacy_or_unknown_hirschberg_crop,user_attested_doctor_confirmed_folder_label,User states labels were previously confirmed by doctors at an organization; no separate clinician manifest was present in the folder.,UNKNOWN,UNKNOWN_CROPPED_224,UNKNOWN,UNKNOWN,UNKNOWN,UNKNOWN,UNKNOWN,7e690d61b0b16c83992315db1c92b7e938536c2be788270092ab1ef7a5cdbf56,224,224,JPEG,RGB,exploratory_only_until_participant_id_and_protocol_are_confirmed
hirschberg-folder-labels-v0.1,test/EXOTROPIA/exotropia_038.jpg,data_hirschberg\eye-classification\test\EXOTROPIA\exotropia_038.jpg,test,train,EXOTROPIA,exotropia,True,UNKNOWN,exotropia:exotropia_038,legacy_or_unknown_hirschberg_crop,user_attested_doctor_confirmed_folder_label,User states labels were previously confirmed by doctors at an organization; no separate clinician manifest was present in the folder.,UNKNOWN,UNKNOWN_CROPPED_224,UNKNOWN,UNKNOWN,UNKNOWN,UNKNOWN,UNKNOWN,39caf54116cc1bbdd8657de914ed136d8c163e882c06de05a6ee05c4fb1e1d5f,224,224,JPEG,RGB,exploratory_only_until_participant_id_and_protocol_are_confirmed
hirschberg-folder-labels-v0.1,test/EXOTROPIA/exotropia_039.jpg,data_hirschberg\eye-classification\test\EXOTROPIA\exotropia_039.jpg,test,val,EXOTROPIA,exotropia,True,UNKNOWN,exotropia:exotropia_039,legacy_or_unknown_hirschberg_crop,user_attested_doctor_confirmed_folder_label,User states labels were previously confirmed by doctors at an organization; no separate clinician manifest was present in the folder.,UNKNOWN,UNKNOWN_CROPPED_224,UNKNOWN,UNKNOWN,UNKNOWN,UNKNOWN,UNKNOWN,c55021ae969b4476b87da3f858ea1820c29f5ce9f0f49c9d69805be44c49f8dc,224,224,JPEG,RGB,exploratory_only_until_participant_id_and_protocol_are_confirmed
hirschberg-folder-labels-v0.1,test/EXOTROPIA/exotropia_040.jpg,data_hirschberg\eye-classification\test\EXOTROPIA\exotropia_040.jpg,test,train,EXOTROPIA,exotropia,True,UNKNOWN,exotropia:exotropia_040,legacy_or_unknown_hirschberg_crop,user_attested_doctor_confirmed_folder_label,User states labels were previously confirmed by doctors at an organization; no separate clinician manifest was present in the folder.,UNKNOWN,UNKNOWN_CROPPED_224,UNKNOWN,UNKNOWN,UNKNOWN,UNKNOWN,UNKNOWN,a5931bac0c7f295d933979eab613a0573d9e7635bd2070e53305e435b3c268ae,224,224,JPEG,RGB,exploratory_only_until_participant_id_and_protocol_are_confirmed
hirschberg-folder-labels-v0.1,test/EXOTROPIA/exotropia_041.jpg,data_hirschberg\eye-classification\test\EXOTROPIA\exotropia_041.jpg,test,val,EXOTROPIA,exotropia,True,UNKNOWN,exotropia:exotropia_041,legacy_or_unknown_hirschberg_crop,user_attested_doctor_confirmed_folder_label,User states labels were previously confirmed by doctors at an organization; no separate clinician manifest was present in the folder.,UNKNOWN,UNKNOWN_CROPPED_224,UNKNOWN,UNKNOWN,UNKNOWN,UNKNOWN,UNKNOWN,38abdf990af0798b31f462e8c32bfbe6627df180cc8f3cbffa6c0788c539f635,224,224,JPEG,RGB,exploratory_only_until_participant_id_and_protocol_are_confirmed
hirschberg-folder-labels-v0.1,train/ESOTROPIA/esotropia_003.jpg,data_hirschberg\eye-classification\train\ESOTROPIA\esotropia_003.jpg,train,train,ESOTROPIA,esotropia,True,UNKNOWN,esotropia:esotropia_003,legacy_or_unknown_hirschberg_crop,user_attested_doctor_confirmed_folder_label,User states labels were previously confirmed by doctors at an organization; no separate clinician manifest was present in the folder.,UNKNOWN,UNKNOWN_CROPPED_224,UNKNOWN,UNKNOWN,UNKNOWN,UNKNOWN,UNKNOWN,15ed52f85f8708e4dd0d92a3d32137848b1f1a7b22512b488583baf32753e71a,224,224,JPEG,RGB,exploratory_only_until_participant_id_and_protocol_are_confirmed
hirschberg-folder-labels-v0.1,train/ESOTROPIA/esotropia_004.jpg,data_hirschberg\eye-classification\train\ESOTROPIA\esotropia_004.jpg,train,test,ESOTROPIA,esotropia,True,UNKNOWN,esotropia:esotropia_004,legacy_or_unknown_hirschberg_crop,user_attested_doctor_confirmed_folder_label,User states labels were previously confirmed by doctors at an organization; no separate clinician manifest was present in the folder.,UNKNOWN,UNKNOWN_CROPPED_224,UNKNOWN,UNKNOWN,UNKNOWN,UNKNOWN,UNKNOWN,a7868c2dd1a6e79e4ae35dc27b46f1966af052532e552485b74f55f50527c3c6,224,224,JPEG,RGB,exploratory_only_until_participant_id_and_protocol_are_confirmed
hirschberg-folder-labels-v0.1,train/ESOTROPIA/esotropia_005.jpg,data_hirschberg\eye-classification\train\ESOTROPIA\esotropia_005.jpg,train,train,ESOTROPIA,esotropia,True,UNKNOWN,esotropia:esotropia_005,legacy_or_unknown_hirschberg_crop,user_attested_doctor_confirmed_folder_label,User states labels were previously confirmed by doctors at an organization; no separate clinician manifest was present in the folder.,UNKNOWN,UNKNOWN_CROPPED_224,UNKNOWN,UNKNOWN,UNKNOWN,UNKNOWN,UNKNOWN,c035483aeacf53d8dc6b27c54147443b7cd5cfb37acf282b50a7483e881b8540,224,224,JPEG,RGB,exploratory_only_until_participant_id_and_protocol_are_confirmed
hirschberg-folder-labels-v0.1,train/ESOTROPIA/esotropia_006.jpg,data_hirschberg\eye-classification\train\ESOTROPIA\esotropia_006.jpg,train,val,ESOTROPIA,esotropia,True,UNKNOWN,esotropia:esotropia_006,legacy_or_unknown_hirschberg_crop,user_attested_doctor_confirmed_folder_label,User states labels were previously confirmed by doctors at an organization; no separate clinician manifest was present in the folder.,UNKNOWN,UNKNOWN_CROPPED_224,UNKNOWN,UNKNOWN,UNKNOWN,UNKNOWN,UNKNOWN,9a2a508959a6431467e52d18c5fc811bc49f91410aadd7bec7bfc679cc688190,224,224,JPEG,RGB,exploratory_only_until_participant_id_and_protocol_are_confirmed
hirschberg-folder-labels-v0.1,train/ESOTROPIA/esotropia_007.jpg,data_hirschberg\eye-classification\train\ESOTROPIA\esotropia_007.jpg,train,train,ESOTROPIA,esotropia,True,UNKNOWN,esotropia:esotropia_007,legacy_or_unknown_hirschberg_crop,user_attested_doctor_confirmed_folder_label,User states labels were previously confirmed by doctors at an organization; no separate clinician manifest was present in the folder.,UNKNOWN,UNKNOWN_CROPPED_224,UNKNOWN,UNKNOWN,UNKNOWN,UNKNOWN,UNKNOWN,8761564817399f865194cc1572021e7df83deb3a52961ba6eab1038aeb42390b,224,224,JPEG,RGB,exploratory_only_until_participant_id_and_protocol_are_confirmed
hirschberg-folder-labels-v0.1,train/ESOTROPIA/esotropia_008.jpg,data_hirschberg\eye-classification\train\ESOTROPIA\esotropia_008.jpg,train,test,ESOTROPIA,esotropia,True,UNKNOWN,esotropia:esotropia_008,legacy_or_unknown_hirschberg_crop,user_attested_doctor_confirmed_folder_label,User states labels were previously confirmed by doctors at an organization; no separate clinician manifest was present in the folder.,UNKNOWN,UNKNOWN_CROPPED_224,UNKNOWN,UNKNOWN,UNKNOWN,UNKNOWN,UNKNOWN,ba36c1ed401d42ad9a6dcbff425de3012c87cddbf457d7210d28ec06d0bde471,224,224,JPEG,RGB,exploratory_only_until_participant_id_and_protocol_are_confirmed
hirschberg-folder-labels-v0.1,train/ESOTROPIA/esotropia_009.jpg,data_hirschberg\eye-classification\train\ESOTROPIA\esotropia_009.jpg,train,train,ESOTROPIA,esotropia,True,UNKNOWN,esotropia:esotropia_009,legacy_or_unknown_hirschberg_crop,user_attested_doctor_confirmed_folder_label,User states labels were previously confirmed by doctors at an organization; no separate clinician manifest was present in the folder.,UNKNOWN,UNKNOWN_CROPPED_224,UNKNOWN,UNKNOWN,UNKNOWN,UNKNOWN,UNKNOWN,ecffa900c78aac57f1a60c83d89652a9423518da31125e06a9469a827c8769be,224,224,JPEG,RGB,exploratory_only_until_participant_id_and_protocol_are_confirmed
hirschberg-folder-labels-v0.1,train/ESOTROPIA/esotropia_010.jpg,data_hirschberg\eye-classification\train\ESOTROPIA\esotropia_010.jpg,train,train,ESOTROPIA,esotropia,True,UNKNOWN,esotropia:esotropia_010,legacy_or_unknown_hirschberg_crop,user_attested_doctor_confirmed_folder_label,User states labels were previously confirmed by doctors at an organization; no separate clinician manifest was present in the folder.,UNKNOWN,UNKNOWN_CROPPED_224,UNKNOWN,UNKNOWN,UNKNOWN,UNKNOWN,UNKNOWN,8457b7ad2855ce554051491c4353e0817fab9a5e5b32ecd01ef12b46a4aefcd9,224,224,JPEG,RGB,exploratory_only_until_participant_id_and_protocol_are_confirmed
hirschberg-folder-labels-v0.1,train/ESOTROPIA/esotropia_011.jpg,data_hirschberg\eye-classification\train\ESOTROPIA\esotropia_011.jpg,train,test,ESOTROPIA,esotropia,True,UNKNOWN,esotropia:esotropia_011,legacy_or_unknown_hirschberg_crop,user_attested_doctor_confirmed_folder_label,User states labels were previously confirmed by doctors at an organization; no separate clinician manifest was present in the folder.,UNKNOWN,UNKNOWN_CROPPED_224,UNKNOWN,UNKNOWN,UNKNOWN,UNKNOWN,UNKNOWN,ef32a922595fb0e2501cad4623dda3ad76e48b6b7a0e87dcc6684535e6bc2e0b,224,224,JPEG,RGB,exploratory_only_until_participant_id_and_protocol_are_confirmed
hirschberg-folder-labels-v0.1,train/ESOTROPIA/esotropia_012.jpg,data_hirschberg\eye-classification\train\ESOTROPIA\esotropia_012.jpg,train,train,ESOTROPIA,esotropia,True,UNKNOWN,esotropia:esotropia_012,legacy_or_unknown_hirschberg_crop,user_attested_doctor_confirmed_folder_label,User states labels were previously confirmed by doctors at an organization; no separate clinician manifest was present in the folder.,UNKNOWN,UNKNOWN_CROPPED_224,UNKNOWN,UNKNOWN,UNKNOWN,UNKNOWN,UNKNOWN,6aa753c0dfd9c0e45d7f3b456150be42a1dbbb03d17ce3b74b7b8f5b2a4ea93a,224,224,JPEG,RGB,exploratory_only_until_participant_id_and_protocol_are_confirmed
hirschberg-folder-labels-v0.1,train/ESOTROPIA/esotropia_013.jpg,data_hirschberg\eye-classification\train\ESOTROPIA\esotropia_013.jpg,train,test,ESOTROPIA,esotropia,True,UNKNOWN,esotropia:esotropia_013,legacy_or_unknown_hirschberg_crop,user_attested_doctor_confirmed_folder_label,User states labels were previously confirmed by doctors at an organization; no separate clinician manifest was present in the folder.,UNKNOWN,UNKNOWN_CROPPED_224,UNKNOWN,UNKNOWN,UNKNOWN,UNKNOWN,UNKNOWN,bff11db6dfe3fc0b470010935173a011228c7639262373af0029199652fd00ba,224,224,JPEG,RGB,exploratory_only_until_participant_id_and_protocol_are_confirmed
hirschberg-folder-labels-v0.1,train/ESOTROPIA/esotropia_014.jpg,data_hirschberg\eye-classification\train\ESOTROPIA\esotropia_014.jpg,train,train,ESOTROPIA,esotropia,True,UNKNOWN,esotropia:esotropia_014,legacy_or_unknown_hirschberg_crop,user_attested_doctor_confirmed_folder_label,User states labels were previously confirmed by doctors at an organization; no separate clinician manifest was present in the folder.,UNKNOWN,UNKNOWN_CROPPED_224,UNKNOWN,UNKNOWN,UNKNOWN,UNKNOWN,UNKNOWN,750e914fdfaebbadb6849414c6da7539e588d17e5a5afec8c140d54a17f36fb9,224,224,JPEG,RGB,exploratory_only_until_participant_id_and_protocol_are_confirmed
hirschberg-folder-labels-v0.1,train/ESOTROPIA/esotropia_015.jpg,data_hirschberg\eye-classification\train\ESOTROPIA\esotropia_015.jpg,train,train,ESOTROPIA,esotropia,True,UNKNOWN,esotropia:esotropia_015,legacy_or_unknown_hirschberg_crop,user_attested_doctor_confirmed_folder_label,User states labels were previously confirmed by doctors at an organization; no separate clinician manifest was present in the folder.,UNKNOWN,UNKNOWN_CROPPED_224,UNKNOWN,UNKNOWN,UNKNOWN,UNKNOWN,UNKNOWN,d9b3ee5f31ca174b0ed0e7387fa8c2db68bc60ff8681fc9374525595f08e948e,224,224,JPEG,RGB,exploratory_only_until_participant_id_and_protocol_are_confirmed
hirschberg-folder-labels-v0.1,train/ESOTROPIA/esotropia_016.jpg,data_hirschberg\eye-classification\train\ESOTROPIA\esotropia_016.jpg,train,test,ESOTROPIA,esotropia,True,UNKNOWN,esotropia:esotropia_016,legacy_or_unknown_hirschberg_crop,user_attested_doctor_confirmed_folder_label,User states labels were previously confirmed by doctors at an organization; no separate clinician manifest was present in the folder.,UNKNOWN,UNKNOWN_CROPPED_224,UNKNOWN,UNKNOWN,UNKNOWN,UNKNOWN,UNKNOWN,bc269705f378ca76402cbae3b0992d837cd9a72a572ba87e9f7250c92e3c222f,224,224,JPEG,RGB,exploratory_only_until_participant_id_and_protocol_are_confirmed
hirschberg-folder-labels-v0.1,train/ESOTROPIA/esotropia_017.jpg,data_hirschberg\eye-classification\train\ESOTROPIA\esotropia_017.jpg,train,train,ESOTROPIA,esotropia,True,UNKNOWN,esotropia:esotropia_017,legacy_or_unknown_hirschberg_crop,user_attested_doctor_confirmed_folder_label,User states labels were previously confirmed by doctors at an organization; no separate clinician manifest was present in the folder.,UNKNOWN,UNKNOWN_CROPPED_224,UNKNOWN,UNKNOWN,UNKNOWN,UNKNOWN,UNKNOWN,31afe5ef1a1b57d3958dfaca15ffaf96c25852826f02f7dca22cf8a272498d71,224,224,JPEG,RGB,exploratory_only_until_participant_id_and_protocol_are_confirmed
hirschberg-folder-labels-v0.1,train/ESOTROPIA/esotropia_018.jpg,data_hirschberg\eye-classification\train\ESOTROPIA\esotropia_018.jpg,train,train,ESOTROPIA,esotropia,True,UNKNOWN,esotropia:esotropia_018,legacy_or_unknown_hirschberg_crop,user_attested_doctor_confirmed_folder_label,User states labels were previously confirmed by doctors at an organization; no separate clinician manifest was present in the folder.,UNKNOWN,UNKNOWN_CROPPED_224,UNKNOWN,UNKNOWN,UNKNOWN,UNKNOWN,UNKNOWN,8dbc4d8cac5db01eed13dd2d136b450547bf03502ae65ec57bac8a792b7baaf5,224,224,JPEG,RGB,exploratory_only_until_participant_id_and_protocol_are_confirmed
hirschberg-folder-labels-v0.1,train/ESOTROPIA/esotropia_019.jpg,data_hirschberg\eye-classification\train\ESOTROPIA\esotropia_019.jpg,train,train,ESOTROPIA,esotropia,True,UNKNOWN,esotropia:esotropia_019,legacy_or_unknown_hirschberg_crop,user_attested_doctor_confirmed_folder_label,User states labels were previously confirmed by doctors at an organization; no separate clinician manifest was present in the folder.,UNKNOWN,UNKNOWN_CROPPED_224,UNKNOWN,UNKNOWN,UNKNOWN,UNKNOWN,UNKNOWN,53c4d071f7a237a3c007ae187315262148839c7c1f115bb20ae3ca2bc239c6f9,224,224,JPEG,RGB,exploratory_only_until_participant_id_and_protocol_are_confirmed
hirschberg-folder-labels-v0.1,train/ESOTROPIA/esotropia_020.jpg,data_hirschberg\eye-classification\train\ESOTROPIA\esotropia_020.jpg,train,val,ESOTROPIA,esotropia,True,UNKNOWN,esotropia:esotropia_020,legacy_or_unknown_hirschberg_crop,user_attested_doctor_confirmed_folder_label,User states labels were previously confirmed by doctors at an organization; no separate clinician manifest was present in the folder.,UNKNOWN,UNKNOWN_CROPPED_224,UNKNOWN,UNKNOWN,UNKNOWN,UNKNOWN,UNKNOWN,9a4def1a10707d3ed70a02d8ef1926fbf52df54eb729e1c22401e6123378a9fd,224,224,JPEG,RGB,exploratory_only_until_participant_id_and_protocol_are_confirmed
hirschberg-folder-labels-v0.1,train/ESOTROPIA/esotropia_021.jpg,data_hirschberg\eye-classification\train\ESOTROPIA\esotropia_021.jpg,train,val,ESOTROPIA,esotropia,True,UNKNOWN,esotropia:esotropia_021,legacy_or_unknown_hirschberg_crop,user_attested_doctor_confirmed_folder_label,User states labels were previously confirmed by doctors at an organization; no separate clinician manifest was present in the folder.,UNKNOWN,UNKNOWN_CROPPED_224,UNKNOWN,UNKNOWN,UNKNOWN,UNKNOWN,UNKNOWN,792ad0ec5f41f07fa759d5146bd77434c1c029116e7b8f59d0c8705a73a43979,224,224,JPEG,RGB,exploratory_only_until_participant_id_and_protocol_are_confirmed
hirschberg-folder-labels-v0.1,train/ESOTROPIA/esotropia_022.jpg,data_hirschberg\eye-classification\train\ESOTROPIA\esotropia_022.jpg,train,val,ESOTROPIA,esotropia,True,UNKNOWN,esotropia:esotropia_022,legacy_or_unknown_hirschberg_crop,user_attested_doctor_confirmed_folder_label,User states labels were previously confirmed by doctors at an organization; no separate clinician manifest was present in the folder.,UNKNOWN,UNKNOWN_CROPPED_224,UNKNOWN,UNKNOWN,UNKNOWN,UNKNOWN,UNKNOWN,ec605118d4998dabb50cd6cb1864a69c6463b09d99e362d91f2d58123f9c0e10,224,224,JPEG,RGB,exploratory_only_until_participant_id_and_protocol_are_confirmed
hirschberg-folder-labels-v0.1,train/ESOTROPIA/esotropia_023.jpg,data_hirschberg\eye-classification\train\ESOTROPIA\esotropia_023.jpg,train,train,ESOTROPIA,esotropia,True,UNKNOWN,esotropia:esotropia_023,legacy_or_unknown_hirschberg_crop,user_attested_doctor_confirmed_folder_label,User states labels were previously confirmed by doctors at an organization; no separate clinician manifest was present in the folder.,UNKNOWN,UNKNOWN_CROPPED_224,UNKNOWN,UNKNOWN,UNKNOWN,UNKNOWN,UNKNOWN,c7b870597895e99e5a0ec81f176e96e111726cf770f9320909250f15b1477333,224,224,JPEG,RGB,exploratory_only_until_participant_id_and_protocol_are_confirmed
hirschberg-folder-labels-v0.1,train/ESOTROPIA/esotropia_024.jpg,data_hirschberg\eye-classification\train\ESOTROPIA\esotropia_024.jpg,train,train,ESOTROPIA,esotropia,True,UNKNOWN,esotropia:esotropia_024,legacy_or_unknown_hirschberg_crop,user_attested_doctor_confirmed_folder_label,User states labels were previously confirmed by doctors at an organization; no separate clinician manifest was present in the folder.,UNKNOWN,UNKNOWN_CROPPED_224,UNKNOWN,UNKNOWN,UNKNOWN,UNKNOWN,UNKNOWN,89f11ccc71cedaabafa2bb5ee4c869af6fbaa464d8e6a17e022433449a6534f7,224,224,JPEG,RGB,exploratory_only_until_participant_id_and_protocol_are_confirmed
hirschberg-folder-labels-v0.1,train/ESOTROPIA/esotropia_025.jpg,data_hirschberg\eye-classification\train\ESOTROPIA\esotropia_025.jpg,train,train,ESOTROPIA,esotropia,True,UNKNOWN,esotropia:esotropia_025,legacy_or_unknown_hirschberg_crop,user_attested_doctor_confirmed_folder_label,User states labels were previously confirmed by doctors at an organization; no separate clinician manifest was present in the folder.,UNKNOWN,UNKNOWN_CROPPED_224,UNKNOWN,UNKNOWN,UNKNOWN,UNKNOWN,UNKNOWN,5954103a0c2f93b980556f5d0525f0d42656d69170db63adec8bac35fd365290,224,224,JPEG,RGB,exploratory_only_until_participant_id_and_protocol_are_confirmed
hirschberg-folder-labels-v0.1,train/ESOTROPIA/esotropia_026.jpg,data_hirschberg\eye-classification\train\ESOTROPIA\esotropia_026.jpg,train,train,ESOTROPIA,esotropia,True,UNKNOWN,esotropia:esotropia_026,legacy_or_unknown_hirschberg_crop,user_attested_doctor_confirmed_folder_label,User states labels were previously confirmed by doctors at an organization; no separate clinician manifest was present in the folder.,UNKNOWN,UNKNOWN_CROPPED_224,UNKNOWN,UNKNOWN,UNKNOWN,UNKNOWN,UNKNOWN,8b98670b9e5e6f612299064a25c44f95b0cca775942c1a1c6e13ac05577b1852,224,224,JPEG,RGB,exploratory_only_until_participant_id_and_protocol_are_confirmed
hirschberg-folder-labels-v0.1,train/ESOTROPIA/esotropia_027.jpg,data_hirschberg\eye-classification\train\ESOTROPIA\esotropia_027.jpg,train,test,ESOTROPIA,esotropia,True,UNKNOWN,esotropia:esotropia_027,legacy_or_unknown_hirschberg_crop,user_attested_doctor_confirmed_folder_label,User states labels were previously confirmed by doctors at an organization; no separate clinician manifest was present in the folder.,UNKNOWN,UNKNOWN_CROPPED_224,UNKNOWN,UNKNOWN,UNKNOWN,UNKNOWN,UNKNOWN,164a04588c5ea58eca99d382d5ae9e5d8fe4ca032c0177d53e476d1f9a37fbaa,224,224,JPEG,RGB,exploratory_only_until_participant_id_and_protocol_are_confirmed
hirschberg-folder-labels-v0.1,train/ESOTROPIA/esotropia_028.jpg,data_hirschberg\eye-classification\train\ESOTROPIA\esotropia_028.jpg,train,train,ESOTROPIA,esotropia,True,UNKNOWN,esotropia:esotropia_028,legacy_or_unknown_hirschberg_crop,user_attested_doctor_confirmed_folder_label,User states labels were previously confirmed by doctors at an organization; no separate clinician manifest was present in the folder.,UNKNOWN,UNKNOWN_CROPPED_224,UNKNOWN,UNKNOWN,UNKNOWN,UNKNOWN,UNKNOWN,313f7a73d13a3da0cfe65e2c5ab4b381b35501e4dade4be43141050fd03a6bfa,224,224,JPEG,RGB,exploratory_only_until_participant_id_and_protocol_are_confirmed
hirschberg-folder-labels-v0.1,train/ESOTROPIA/esotropia_029.jpg,data_hirschberg\eye-classification\train\ESOTROPIA\esotropia_029.jpg,train,test,ESOTROPIA,esotropia,True,UNKNOWN,esotropia:esotropia_029,legacy_or_unknown_hirschberg_crop,user_attested_doctor_confirmed_folder_label,User states labels were previously confirmed by doctors at an organization; no separate clinician manifest was present in the folder.,UNKNOWN,UNKNOWN_CROPPED_224,UNKNOWN,UNKNOWN,UNKNOWN,UNKNOWN,UNKNOWN,35807d58ecb57ea4e9f24d1b81447bd52181b26c21bfe459dc1100b755891f07,224,224,JPEG,RGB,exploratory_only_until_participant_id_and_protocol_are_confirmed
hirschberg-folder-labels-v0.1,train/ESOTROPIA/esotropia_030.jpg,data_hirschberg\eye-classification\train\ESOTROPIA\esotropia_030.jpg,train,test,ESOTROPIA,esotropia,True,UNKNOWN,esotropia:esotropia_030,legacy_or_unknown_hirschberg_crop,user_attested_doctor_confirmed_folder_label,User states labels were previously confirmed by doctors at an organization; no separate clinician manifest was present in the folder.,UNKNOWN,UNKNOWN_CROPPED_224,UNKNOWN,UNKNOWN,UNKNOWN,UNKNOWN,UNKNOWN,20b78e1e5b1cf3c4b40c314463f87cf70c55f6ace4d2f728839dc74ffd1eb89e,224,224,JPEG,RGB,exploratory_only_until_participant_id_and_protocol_are_confirmed
hirschberg-folder-labels-v0.1,train/ESOTROPIA/esotropia_031.jpg,data_hirschberg\eye-classification\train\ESOTROPIA\esotropia_031.jpg,train,train,ESOTROPIA,esotropia,True,UNKNOWN,esotropia:esotropia_031,legacy_or_unknown_hirschberg_crop,user_attested_doctor_confirmed_folder_label,User states labels were previously confirmed by doctors at an organization; no separate clinician manifest was present in the folder.,UNKNOWN,UNKNOWN_CROPPED_224,UNKNOWN,UNKNOWN,UNKNOWN,UNKNOWN,UNKNOWN,3aa8fc074238ba1f21d0d7f81d27cba35aa52f753bd0a51393d4d07039a88b1e,224,224,JPEG,RGB,exploratory_only_until_participant_id_and_protocol_are_confirmed
hirschberg-folder-labels-v0.1,train/ESOTROPIA/esotropia_032.jpg,data_hirschberg\eye-classification\train\ESOTROPIA\esotropia_032.jpg,train,train,ESOTROPIA,esotropia,True,UNKNOWN,esotropia:esotropia_032,legacy_or_unknown_hirschberg_crop,user_attested_doctor_confirmed_folder_label,User states labels were previously confirmed by doctors at an organization; no separate clinician manifest was present in the folder.,UNKNOWN,UNKNOWN_CROPPED_224,UNKNOWN,UNKNOWN,UNKNOWN,UNKNOWN,UNKNOWN,4edb5220af91dd1e8530eef6b224ed490341c9339de044bc9ce29fcdda49b5b9,224,224,JPEG,RGB,exploratory_only_until_participant_id_and_protocol_are_confirmed
hirschberg-folder-labels-v0.1,train/ESOTROPIA/esotropia_033.jpg,data_hirschberg\eye-classification\train\ESOTROPIA\esotropia_033.jpg,train,train,ESOTROPIA,esotropia,True,UNKNOWN,esotropia:esotropia_033,legacy_or_unknown_hirschberg_crop,user_attested_doctor_confirmed_folder_label,User states labels were previously confirmed by doctors at an organization; no separate clinician manifest was present in the folder.,UNKNOWN,UNKNOWN_CROPPED_224,UNKNOWN,UNKNOWN,UNKNOWN,UNKNOWN,UNKNOWN,9541a264ea7e1202545bcaa5d9e1322e4ee22501a7001d8aa66d1790b4fd7e2e,224,224,JPEG,RGB,exploratory_only_until_participant_id_and_protocol_are_confirmed
hirschberg-folder-labels-v0.1,train/ESOTROPIA/esotropia_034.jpg,data_hirschberg\eye-classification\train\ESOTROPIA\esotropia_034.jpg,train,train,ESOTROPIA,esotropia,True,UNKNOWN,esotropia:esotropia_034,legacy_or_unknown_hirschberg_crop,user_attested_doctor_confirmed_folder_label,User states labels were previously confirmed by doctors at an organization; no separate clinician manifest was present in the folder.,UNKNOWN,UNKNOWN_CROPPED_224,UNKNOWN,UNKNOWN,UNKNOWN,UNKNOWN,UNKNOWN,dfc593468e8c8fdaedfa6f77c92b2716848cd1de144c3b88b260fe7dba59bbf6,224,224,JPEG,RGB,exploratory_only_until_participant_id_and_protocol_are_confirmed
hirschberg-folder-labels-v0.1,train/ESOTROPIA/esotropia_035.jpg,data_hirschberg\eye-classification\train\ESOTROPIA\esotropia_035.jpg,train,train,ESOTROPIA,esotropia,True,UNKNOWN,esotropia:esotropia_035,legacy_or_unknown_hirschberg_crop,user_attested_doctor_confirmed_folder_label,User states labels were previously confirmed by doctors at an organization; no separate clinician manifest was present in the folder.,UNKNOWN,UNKNOWN_CROPPED_224,UNKNOWN,UNKNOWN,UNKNOWN,UNKNOWN,UNKNOWN,5567fc83d3ef0c1e825097cc7852231a79c7d7bcb3f8cbf8c787666a41786b52,224,224,JPEG,RGB,exploratory_only_until_participant_id_and_protocol_are_confirmed
hirschberg-folder-labels-v0.1,train/ESOTROPIA/esotropia_036.jpg,data_hirschberg\eye-classification\train\ESOTROPIA\esotropia_036.jpg,train,test,ESOTROPIA,esotropia,True,UNKNOWN,esotropia:esotropia_036,legacy_or_unknown_hirschberg_crop,user_attested_doctor_confirmed_folder_label,User states labels were previously confirmed by doctors at an organization; no separate clinician manifest was present in the folder.,UNKNOWN,UNKNOWN_CROPPED_224,UNKNOWN,UNKNOWN,UNKNOWN,UNKNOWN,UNKNOWN,98ab3ede21732b9a15a0694c08a507bcfaca23c4076caa39f0b402de5b777fd9,224,224,JPEG,RGB,exploratory_only_until_participant_id_and_protocol_are_confirmed
hirschberg-folder-labels-v0.1,train/ESOTROPIA/esotropia_037.jpg,data_hirschberg\eye-classification\train\ESOTROPIA\esotropia_037.jpg,train,train,ESOTROPIA,esotropia,True,UNKNOWN,esotropia:esotropia_037,legacy_or_unknown_hirschberg_crop,user_attested_doctor_confirmed_folder_label,User states labels were previously confirmed by doctors at an organization; no separate clinician manifest was present in the folder.,UNKNOWN,UNKNOWN_CROPPED_224,UNKNOWN,UNKNOWN,UNKNOWN,UNKNOWN,UNKNOWN,2b57ef496db70c1660cee6c053f7796d0d6d331091f9e16239171ba97d1ff3f9,224,224,JPEG,RGB,exploratory_only_until_participant_id_and_protocol_are_confirmed
hirschberg-folder-labels-v0.1,train/ESOTROPIA/esotropia_038.jpg,data_hirschberg\eye-classification\train\ESOTROPIA\esotropia_038.jpg,train,val,ESOTROPIA,esotropia,True,UNKNOWN,esotropia:esotropia_038,legacy_or_unknown_hirschberg_crop,user_attested_doctor_confirmed_folder_label,User states labels were previously confirmed by doctors at an organization; no separate clinician manifest was present in the folder.,UNKNOWN,UNKNOWN_CROPPED_224,UNKNOWN,UNKNOWN,UNKNOWN,UNKNOWN,UNKNOWN,e18359e892822b2abad69a806399276fa3466e3cd0ca1ae986f3dd96c143a768,224,224,JPEG,RGB,exploratory_only_until_participant_id_and_protocol_are_confirmed
hirschberg-folder-labels-v0.1,train/ESOTROPIA/esotropia_039.jpg,data_hirschberg\eye-classification\train\ESOTROPIA\esotropia_039.jpg,train,train,ESOTROPIA,esotropia,True,UNKNOWN,esotropia:esotropia_039,legacy_or_unknown_hirschberg_crop,user_attested_doctor_confirmed_folder_label,User states labels were previously confirmed by doctors at an organization; no separate clinician manifest was present in the folder.,UNKNOWN,UNKNOWN_CROPPED_224,UNKNOWN,UNKNOWN,UNKNOWN,UNKNOWN,UNKNOWN,c52a7594273a55953e082df560b7fc505e8731418e6dfa57474d1d58933408db,224,224,JPEG,RGB,exploratory_only_until_participant_id_and_protocol_are_confirmed
hirschberg-folder-labels-v0.1,train/ESOTROPIA/esotropia_040.jpg,data_hirschberg\eye-classification\train\ESOTROPIA\esotropia_040.jpg,train,train,ESOTROPIA,esotropia,True,UNKNOWN,esotropia:esotropia_040,legacy_or_unknown_hirschberg_crop,user_attested_doctor_confirmed_folder_label,User states labels were previously confirmed by doctors at an organization; no separate clinician manifest was present in the folder.,UNKNOWN,UNKNOWN_CROPPED_224,UNKNOWN,UNKNOWN,UNKNOWN,UNKNOWN,UNKNOWN,37cf11422948674ad20c34ce0d33b76c613be73062d45c8bdf3bb27df47cf603,224,224,JPEG,RGB,exploratory_only_until_participant_id_and_protocol_are_confirmed
hirschberg-folder-labels-v0.1,train/ESOTROPIA/esotropia_041.jpg,data_hirschberg\eye-classification\train\ESOTROPIA\esotropia_041.jpg,train,train,ESOTROPIA,esotropia,True,UNKNOWN,esotropia:esotropia_041,legacy_or_unknown_hirschberg_crop,user_attested_doctor_confirmed_folder_label,User states labels were previously confirmed by doctors at an organization; no separate clinician manifest was present in the folder.,UNKNOWN,UNKNOWN_CROPPED_224,UNKNOWN,UNKNOWN,UNKNOWN,UNKNOWN,UNKNOWN,a9b11963603d34a3fdc5406f67fb85ecb13927af044784766d8e0b8a487ed680,224,224,JPEG,RGB,exploratory_only_until_participant_id_and_protocol_are_confirmed
hirschberg-folder-labels-v0.1,train/ESOTROPIA/esotropia_042.jpg,data_hirschberg\eye-classification\train\ESOTROPIA\esotropia_042.jpg,train,train,ESOTROPIA,esotropia,True,UNKNOWN,esotropia:esotropia_042,legacy_or_unknown_hirschberg_crop,user_attested_doctor_confirmed_folder_label,User states labels were previously confirmed by doctors at an organization; no separate clinician manifest was present in the folder.,UNKNOWN,UNKNOWN_CROPPED_224,UNKNOWN,UNKNOWN,UNKNOWN,UNKNOWN,UNKNOWN,3526c6919cf5de1137c9775eec4bbdd90dcb666f5fc8c608bdfab15df67378d3,224,224,JPEG,RGB,exploratory_only_until_participant_id_and_protocol_are_confirmed
hirschberg-folder-labels-v0.1,train/ESOTROPIA/esotropia_043.jpg,data_hirschberg\eye-classification\train\ESOTROPIA\esotropia_043.jpg,train,test,ESOTROPIA,esotropia,True,UNKNOWN,esotropia:esotropia_043,legacy_or_unknown_hirschberg_crop,user_attested_doctor_confirmed_folder_label,User states labels were previously confirmed by doctors at an organization; no separate clinician manifest was present in the folder.,UNKNOWN,UNKNOWN_CROPPED_224,UNKNOWN,UNKNOWN,UNKNOWN,UNKNOWN,UNKNOWN,6b77f9e960a852b065d9c3ec2cb782ece39df6a514175dd702098584280beb35,224,224,JPEG,RGB,exploratory_only_until_participant_id_and_protocol_are_confirmed
hirschberg-folder-labels-v0.1,train/ESOTROPIA/esotropia_044.jpg,data_hirschberg\eye-classification\train\ESOTROPIA\esotropia_044.jpg,train,train,ESOTROPIA,esotropia,True,UNKNOWN,esotropia:esotropia_044,legacy_or_unknown_hirschberg_crop,user_attested_doctor_confirmed_folder_label,User states labels were previously confirmed by doctors at an organization; no separate clinician manifest was present in the folder.,UNKNOWN,UNKNOWN_CROPPED_224,UNKNOWN,UNKNOWN,UNKNOWN,UNKNOWN,UNKNOWN,cab6c61ca8d38dcf73c9ab8c4561d8ad1c19e9c872b79ac42c30d5b84a74e7b1,224,224,JPEG,RGB,exploratory_only_until_participant_id_and_protocol_are_confirmed
hirschberg-folder-labels-v0.1,train/ESOTROPIA/esotropia_045.jpg,data_hirschberg\eye-classification\train\ESOTROPIA\esotropia_045.jpg,train,train,ESOTROPIA,esotropia,True,UNKNOWN,esotropia:esotropia_045,legacy_or_unknown_hirschberg_crop,user_attested_doctor_confirmed_folder_label,User states labels were previously confirmed by doctors at an organization; no separate clinician manifest was present in the folder.,UNKNOWN,UNKNOWN_CROPPED_224,UNKNOWN,UNKNOWN,UNKNOWN,UNKNOWN,UNKNOWN,1076d699fa37ceec1538f93ba0f438016ab73d946407a0d1df4e6dec7abfff5d,224,224,JPEG,RGB,exploratory_only_until_participant_id_and_protocol_are_confirmed
hirschberg-folder-labels-v0.1,train/ESOTROPIA/esotropia_046.jpg,data_hirschberg\eye-classification\train\ESOTROPIA\esotropia_046.jpg,train,val,ESOTROPIA,esotropia,True,UNKNOWN,esotropia:esotropia_046,legacy_or_unknown_hirschberg_crop,user_attested_doctor_confirmed_folder_label,User states labels were previously confirmed by doctors at an organization; no separate clinician manifest was present in the folder.,UNKNOWN,UNKNOWN_CROPPED_224,UNKNOWN,UNKNOWN,UNKNOWN,UNKNOWN,UNKNOWN,43c45b7f0d1535f83404f80de2aa1be351bffaa5aaab2da9bf96373d18d6cf99,224,224,JPEG,RGB,exploratory_only_until_participant_id_and_protocol_are_confirmed
hirschberg-folder-labels-v0.1,train/ESOTROPIA/esotropia_047.jpg,data_hirschberg\eye-classification\train\ESOTROPIA\esotropia_047.jpg,train,val,ESOTROPIA,esotropia,True,UNKNOWN,esotropia:esotropia_047,legacy_or_unknown_hirschberg_crop,user_attested_doctor_confirmed_folder_label,User states labels were previously confirmed by doctors at an organization; no separate clinician manifest was present in the folder.,UNKNOWN,UNKNOWN_CROPPED_224,UNKNOWN,UNKNOWN,UNKNOWN,UNKNOWN,UNKNOWN,5cc2e4c738a86f1bf6fd5b2f32de4a262e0bfb6e83c6e5d4f6b6da8fe0f68507,224,224,JPEG,RGB,exploratory_only_until_participant_id_and_protocol_are_confirmed
hirschberg-folder-labels-v0.1,train/ESOTROPIA/esotropia_048.jpg,data_hirschberg\eye-classification\train\ESOTROPIA\esotropia_048.jpg,train,val,ESOTROPIA,esotropia,True,UNKNOWN,esotropia:esotropia_048,legacy_or_unknown_hirschberg_crop,user_attested_doctor_confirmed_folder_label,User states labels were previously confirmed by doctors at an organization; no separate clinician manifest was present in the folder.,UNKNOWN,UNKNOWN_CROPPED_224,UNKNOWN,UNKNOWN,UNKNOWN,UNKNOWN,UNKNOWN,44dc6e67ec686be5b29231fa46c202ea8e4d579d2a6cc4859a4e1b61a9b3e87b,224,224,JPEG,RGB,exploratory_only_until_participant_id_and_protocol_are_confirmed
hirschberg-folder-labels-v0.1,train/ESOTROPIA/esotropia_049.jpg,data_hirschberg\eye-classification\train\ESOTROPIA\esotropia_049.jpg,train,train,ESOTROPIA,esotropia,True,UNKNOWN,esotropia:esotropia_049,legacy_or_unknown_hirschberg_crop,user_attested_doctor_confirmed_folder_label,User states labels were previously confirmed by doctors at an organization; no separate clinician manifest was present in the folder.,UNKNOWN,UNKNOWN_CROPPED_224,UNKNOWN,UNKNOWN,UNKNOWN,UNKNOWN,UNKNOWN,31d2def0ece7ecf72ae3b2583300bd7a71728ee29b63604411f02abddd05be9f,224,224,JPEG,RGB,exploratory_only_until_participant_id_and_protocol_are_confirmed
hirschberg-folder-labels-v0.1,train/ESOTROPIA/esotropia_050.jpg,data_hirschberg\eye-classification\train\ESOTROPIA\esotropia_050.jpg,train,train,ESOTROPIA,esotropia,True,UNKNOWN,esotropia:esotropia_050,legacy_or_unknown_hirschberg_crop,user_attested_doctor_confirmed_folder_label,User states labels were previously confirmed by doctors at an organization; no separate clinician manifest was present in the folder.,UNKNOWN,UNKNOWN_CROPPED_224,UNKNOWN,UNKNOWN,UNKNOWN,UNKNOWN,UNKNOWN,9f979d8f94b485268b26c67ab1c18440a31c7506f5c1d4202cd90cdf9208396a,224,224,JPEG,RGB,exploratory_only_until_participant_id_and_protocol_are_confirmed
hirschberg-folder-labels-v0.1,train/ESOTROPIA/esotropia_051.jpg,data_hirschberg\eye-classification\train\ESOTROPIA\esotropia_051.jpg,train,train,ESOTROPIA,esotropia,True,UNKNOWN,esotropia:esotropia_051,legacy_or_unknown_hirschberg_crop,user_attested_doctor_confirmed_folder_label,User states labels were previously confirmed by doctors at an organization; no separate clinician manifest was present in the folder.,UNKNOWN,UNKNOWN_CROPPED_224,UNKNOWN,UNKNOWN,UNKNOWN,UNKNOWN,UNKNOWN,ae9f02e4524ce018496481bbe09d4cf35fa86ce269ec77fcd556f8ee1d1eb309,224,224,JPEG,RGB,exploratory_only_until_participant_id_and_protocol_are_confirmed
hirschberg-folder-labels-v0.1,train/ESOTROPIA/esotropia_052.jpg,data_hirschberg\eye-classification\train\ESOTROPIA\esotropia_052.jpg,train,train,ESOTROPIA,esotropia,True,UNKNOWN,esotropia:esotropia_052,legacy_or_unknown_hirschberg_crop,user_attested_doctor_confirmed_folder_label,User states labels were previously confirmed by doctors at an organization; no separate clinician manifest was present in the folder.,UNKNOWN,UNKNOWN_CROPPED_224,UNKNOWN,UNKNOWN,UNKNOWN,UNKNOWN,UNKNOWN,cf8527cedf6a571dbdca7b0980eec04004b130ae8c3a5dbe97ee91531348299d,224,224,JPEG,RGB,exploratory_only_until_participant_id_and_protocol_are_confirmed
hirschberg-folder-labels-v0.1,train/ESOTROPIA/esotropia_053.jpg,data_hirschberg\eye-classification\train\ESOTROPIA\esotropia_053.jpg,train,train,ESOTROPIA,esotropia,True,UNKNOWN,esotropia:esotropia_053,legacy_or_unknown_hirschberg_crop,user_attested_doctor_confirmed_folder_label,User states labels were previously confirmed by doctors at an organization; no separate clinician manifest was present in the folder.,UNKNOWN,UNKNOWN_CROPPED_224,UNKNOWN,UNKNOWN,UNKNOWN,UNKNOWN,UNKNOWN,7dece6bfab1920b1abbd4ae0a7f3257006313296581b09bb9e2b63d7908d3b24,224,224,JPEG,RGB,exploratory_only_until_participant_id_and_protocol_are_confirmed
hirschberg-folder-labels-v0.1,train/ESOTROPIA/esotropia_054.jpg,data_hirschberg\eye-classification\train\ESOTROPIA\esotropia_054.jpg,train,train,ESOTROPIA,esotropia,True,UNKNOWN,esotropia:esotropia_054,legacy_or_unknown_hirschberg_crop,user_attested_doctor_confirmed_folder_label,User states labels were previously confirmed by doctors at an organization; no separate clinician manifest was present in the folder.,UNKNOWN,UNKNOWN_CROPPED_224,UNKNOWN,UNKNOWN,UNKNOWN,UNKNOWN,UNKNOWN,ba70c0f255fcc5d7d9edd3816935ad3c8ec7ac441f6588124cd0f97450c59e83,224,224,JPEG,RGB,exploratory_only_until_participant_id_and_protocol_are_confirmed
hirschberg-folder-labels-v0.1,train/ESOTROPIA/esotropia_055.jpg,data_hirschberg\eye-classification\train\ESOTROPIA\esotropia_055.jpg,train,train,ESOTROPIA,esotropia,True,UNKNOWN,esotropia:esotropia_055,legacy_or_unknown_hirschberg_crop,user_attested_doctor_confirmed_folder_label,User states labels were previously confirmed by doctors at an organization; no separate clinician manifest was present in the folder.,UNKNOWN,UNKNOWN_CROPPED_224,UNKNOWN,UNKNOWN,UNKNOWN,UNKNOWN,UNKNOWN,654e51b7083ab8c1d1e6d542f338e71227054dd1ed1698d9528d4c42c387a7a5,224,224,JPEG,RGB,exploratory_only_until_participant_id_and_protocol_are_confirmed
hirschberg-folder-labels-v0.1,train/ESOTROPIA/esotropia_056.jpg,data_hirschberg\eye-classification\train\ESOTROPIA\esotropia_056.jpg,train,test,ESOTROPIA,esotropia,True,UNKNOWN,esotropia:esotropia_056,legacy_or_unknown_hirschberg_crop,user_attested_doctor_confirmed_folder_label,User states labels were previously confirmed by doctors at an organization; no separate clinician manifest was present in the folder.,UNKNOWN,UNKNOWN_CROPPED_224,UNKNOWN,UNKNOWN,UNKNOWN,UNKNOWN,UNKNOWN,daa93267d75db0c331bf439cff87f56586e7b84107604951852c57c4ddcca94c,224,224,JPEG,RGB,exploratory_only_until_participant_id_and_protocol_are_confirmed
hirschberg-folder-labels-v0.1,train/ESOTROPIA/esotropia_057.jpg,data_hirschberg\eye-classification\train\ESOTROPIA\esotropia_057.jpg,train,train,ESOTROPIA,esotropia,True,UNKNOWN,esotropia:esotropia_057,legacy_or_unknown_hirschberg_crop,user_attested_doctor_confirmed_folder_label,User states labels were previously confirmed by doctors at an organization; no separate clinician manifest was present in the folder.,UNKNOWN,UNKNOWN_CROPPED_224,UNKNOWN,UNKNOWN,UNKNOWN,UNKNOWN,UNKNOWN,12c5976db72c3efa0616dd72ee0094fed5c3096ed48d26090610b348ac2658d2,224,224,JPEG,RGB,exploratory_only_until_participant_id_and_protocol_are_confirmed
hirschberg-folder-labels-v0.1,train/ESOTROPIA/esotropia_058.jpg,data_hirschberg\eye-classification\train\ESOTROPIA\esotropia_058.jpg,train,train,ESOTROPIA,esotropia,True,UNKNOWN,esotropia:esotropia_058,legacy_or_unknown_hirschberg_crop,user_attested_doctor_confirmed_folder_label,User states labels were previously confirmed by doctors at an organization; no separate clinician manifest was present in the folder.,UNKNOWN,UNKNOWN_CROPPED_224,UNKNOWN,UNKNOWN,UNKNOWN,UNKNOWN,UNKNOWN,f7978bdcb5c93ba25bc13de361f58f614ddd2f151adf5428a27c91f447ca49c4,224,224,JPEG,RGB,exploratory_only_until_participant_id_and_protocol_are_confirmed
hirschberg-folder-labels-v0.1,train/ESOTROPIA/esotropia_059.jpg,data_hirschberg\eye-classification\train\ESOTROPIA\esotropia_059.jpg,train,val,ESOTROPIA,esotropia,True,UNKNOWN,esotropia:esotropia_059,legacy_or_unknown_hirschberg_crop,user_attested_doctor_confirmed_folder_label,User states labels were previously confirmed by doctors at an organization; no separate clinician manifest was present in the folder.,UNKNOWN,UNKNOWN_CROPPED_224,UNKNOWN,UNKNOWN,UNKNOWN,UNKNOWN,UNKNOWN,875e8537c858aba5b6a9b88141b3db241eb68600f3f6960a0fa5e853a4c5a31c,224,224,JPEG,RGB,exploratory_only_until_participant_id_and_protocol_are_confirmed
hirschberg-folder-labels-v0.1,train/ESOTROPIA/esotropia_060.jpg,data_hirschberg\eye-classification\train\ESOTROPIA\esotropia_060.jpg,train,train,ESOTROPIA,esotropia,True,UNKNOWN,esotropia:esotropia_060,legacy_or_unknown_hirschberg_crop,user_attested_doctor_confirmed_folder_label,User states labels were previously confirmed by doctors at an organization; no separate clinician manifest was present in the folder.,UNKNOWN,UNKNOWN_CROPPED_224,UNKNOWN,UNKNOWN,UNKNOWN,UNKNOWN,UNKNOWN,576132f2263606ab716a416726a18af1258d7518898c86f9b28fbcccf771c960,224,224,JPEG,RGB,exploratory_only_until_participant_id_and_protocol_are_confirmed
hirschberg-folder-labels-v0.1,train/ESOTROPIA/esotropia_061.jpg,data_hirschberg\eye-classification\train\ESOTROPIA\esotropia_061.jpg,train,val,ESOTROPIA,esotropia,True,UNKNOWN,esotropia:esotropia_061,legacy_or_unknown_hirschberg_crop,user_attested_doctor_confirmed_folder_label,User states labels were previously confirmed by doctors at an organization; no separate clinician manifest was present in the folder.,UNKNOWN,UNKNOWN_CROPPED_224,UNKNOWN,UNKNOWN,UNKNOWN,UNKNOWN,UNKNOWN,0f779a51788db15a09d632a42d6beee074a968ec10df4e78f3eb1e2b6908dbaa,224,224,JPEG,RGB,exploratory_only_until_participant_id_and_protocol_are_confirmed
hirschberg-folder-labels-v0.1,train/ESOTROPIA/esotropia_062.jpg,data_hirschberg\eye-classification\train\ESOTROPIA\esotropia_062.jpg,train,test,ESOTROPIA,esotropia,True,UNKNOWN,esotropia:esotropia_062,legacy_or_unknown_hirschberg_crop,user_attested_doctor_confirmed_folder_label,User states labels were previously confirmed by doctors at an organization; no separate clinician manifest was present in the folder.,UNKNOWN,UNKNOWN_CROPPED_224,UNKNOWN,UNKNOWN,UNKNOWN,UNKNOWN,UNKNOWN,78fbf820d6b3da3055cb5f6336710c6b8b03c0d4fb4ba232f110280f088f6538,224,224,JPEG,RGB,exploratory_only_until_participant_id_and_protocol_are_confirmed
hirschberg-folder-labels-v0.1,train/ESOTROPIA/esotropia_063.jpg,data_hirschberg\eye-classification\train\ESOTROPIA\esotropia_063.jpg,train,train,ESOTROPIA,esotropia,True,UNKNOWN,esotropia:esotropia_063,legacy_or_unknown_hirschberg_crop,user_attested_doctor_confirmed_folder_label,User states labels were previously confirmed by doctors at an organization; no separate clinician manifest was present in the folder.,UNKNOWN,UNKNOWN_CROPPED_224,UNKNOWN,UNKNOWN,UNKNOWN,UNKNOWN,UNKNOWN,69a9d570dfb0c410178a48afbc8d2d02d5b8154d41e78877f561b030b8064df8,224,224,JPEG,RGB,exploratory_only_until_participant_id_and_protocol_are_confirmed
hirschberg-folder-labels-v0.1,train/ESOTROPIA/esotropia_064.jpg,data_hirschberg\eye-classification\train\ESOTROPIA\esotropia_064.jpg,train,train,ESOTROPIA,esotropia,True,UNKNOWN,esotropia:esotropia_064,legacy_or_unknown_hirschberg_crop,user_attested_doctor_confirmed_folder_label,User states labels were previously confirmed by doctors at an organization; no separate clinician manifest was present in the folder.,UNKNOWN,UNKNOWN_CROPPED_224,UNKNOWN,UNKNOWN,UNKNOWN,UNKNOWN,UNKNOWN,c689eb4d012f84a74ce66b464a377e436c53d0475229b5cbca94c08b242646df,224,224,JPEG,RGB,exploratory_only_until_participant_id_and_protocol_are_confirmed
hirschberg-folder-labels-v0.1,train/ESOTROPIA/esotropia_065.jpg,data_hirschberg\eye-classification\train\ESOTROPIA\esotropia_065.jpg,train,train,ESOTROPIA,esotropia,True,UNKNOWN,esotropia:esotropia_065,legacy_or_unknown_hirschberg_crop,user_attested_doctor_confirmed_folder_label,User states labels were previously confirmed by doctors at an organization; no separate clinician manifest was present in the folder.,UNKNOWN,UNKNOWN_CROPPED_224,UNKNOWN,UNKNOWN,UNKNOWN,UNKNOWN,UNKNOWN,ebb4b2c5ed5c28511e587a8459a0dacc91cef122aa4edd04adb20354181a754f,224,224,JPEG,RGB,exploratory_only_until_participant_id_and_protocol_are_confirmed
hirschberg-folder-labels-v0.1,train/ESOTROPIA/esotropia_066.jpg,data_hirschberg\eye-classification\train\ESOTROPIA\esotropia_066.jpg,train,train,ESOTROPIA,esotropia,True,UNKNOWN,esotropia:esotropia_066,legacy_or_unknown_hirschberg_crop,user_attested_doctor_confirmed_folder_label,User states labels were previously confirmed by doctors at an organization; no separate clinician manifest was present in the folder.,UNKNOWN,UNKNOWN_CROPPED_224,UNKNOWN,UNKNOWN,UNKNOWN,UNKNOWN,UNKNOWN,b30b1e979f12c41739e379c3109cf4cb0cf7ff2483fad511df4e8d1d42794e19,224,224,JPEG,RGB,exploratory_only_until_participant_id_and_protocol_are_confirmed
hirschberg-folder-labels-v0.1,train/ESOTROPIA/esotropia_067.jpg,data_hirschberg\eye-classification\train\ESOTROPIA\esotropia_067.jpg,train,train,ESOTROPIA,esotropia,True,UNKNOWN,esotropia:esotropia_067,legacy_or_unknown_hirschberg_crop,user_attested_doctor_confirmed_folder_label,User states labels were previously confirmed by doctors at an organization; no separate clinician manifest was present in the folder.,UNKNOWN,UNKNOWN_CROPPED_224,UNKNOWN,UNKNOWN,UNKNOWN,UNKNOWN,UNKNOWN,89a217999581d7dec9cd6fe599b0af0431b85fae0d504e72954f54235558b1f5,224,224,JPEG,RGB,exploratory_only_until_participant_id_and_protocol_are_confirmed
hirschberg-folder-labels-v0.1,train/ESOTROPIA/esotropia_068.jpg,data_hirschberg\eye-classification\train\ESOTROPIA\esotropia_068.jpg,train,train,ESOTROPIA,esotropia,True,UNKNOWN,esotropia:esotropia_068,legacy_or_unknown_hirschberg_crop,user_attested_doctor_confirmed_folder_label,User states labels were previously confirmed by doctors at an organization; no separate clinician manifest was present in the folder.,UNKNOWN,UNKNOWN_CROPPED_224,UNKNOWN,UNKNOWN,UNKNOWN,UNKNOWN,UNKNOWN,1cf9c188b6aca07de89f0637842614acd57734644962fca496f2aebc2fd915da,224,224,JPEG,RGB,exploratory_only_until_participant_id_and_protocol_are_confirmed
hirschberg-folder-labels-v0.1,train/ESOTROPIA/esotropia_069.jpg,data_hirschberg\eye-classification\train\ESOTROPIA\esotropia_069.jpg,train,train,ESOTROPIA,esotropia,True,UNKNOWN,esotropia:esotropia_069,legacy_or_unknown_hirschberg_crop,user_attested_doctor_confirmed_folder_label,User states labels were previously confirmed by doctors at an organization; no separate clinician manifest was present in the folder.,UNKNOWN,UNKNOWN_CROPPED_224,UNKNOWN,UNKNOWN,UNKNOWN,UNKNOWN,UNKNOWN,845faba3605c7749f9f433e5b240a0381587e40d7dfb7424c45137eb86f75128,224,224,JPEG,RGB,exploratory_only_until_participant_id_and_protocol_are_confirmed
hirschberg-folder-labels-v0.1,train/ESOTROPIA/esotropia_070.jpg,data_hirschberg\eye-classification\train\ESOTROPIA\esotropia_070.jpg,train,train,ESOTROPIA,esotropia,True,UNKNOWN,esotropia:esotropia_070,legacy_or_unknown_hirschberg_crop,user_attested_doctor_confirmed_folder_label,User states labels were previously confirmed by doctors at an organization; no separate clinician manifest was present in the folder.,UNKNOWN,UNKNOWN_CROPPED_224,UNKNOWN,UNKNOWN,UNKNOWN,UNKNOWN,UNKNOWN,d47b3d163a5fedd8dc2c9bf7401120f6504f30b1b0b99366a4e0c5407ce14fd2,224,224,JPEG,RGB,exploratory_only_until_participant_id_and_protocol_are_confirmed
hirschberg-folder-labels-v0.1,train/ESOTROPIA/esotropia_071.jpg,data_hirschberg\eye-classification\train\ESOTROPIA\esotropia_071.jpg,train,train,ESOTROPIA,esotropia,True,UNKNOWN,esotropia:esotropia_071,legacy_or_unknown_hirschberg_crop,user_attested_doctor_confirmed_folder_label,User states labels were previously confirmed by doctors at an organization; no separate clinician manifest was present in the folder.,UNKNOWN,UNKNOWN_CROPPED_224,UNKNOWN,UNKNOWN,UNKNOWN,UNKNOWN,UNKNOWN,cb023162e8339ea347bab5a5a7e3968b0637858722032e79761d36db64d92300,224,224,JPEG,RGB,exploratory_only_until_participant_id_and_protocol_are_confirmed
hirschberg-folder-labels-v0.1,train/ESOTROPIA/esotropia_072.jpg,data_hirschberg\eye-classification\train\ESOTROPIA\esotropia_072.jpg,train,test,ESOTROPIA,esotropia,True,UNKNOWN,esotropia:esotropia_072,legacy_or_unknown_hirschberg_crop,user_attested_doctor_confirmed_folder_label,User states labels were previously confirmed by doctors at an organization; no separate clinician manifest was present in the folder.,UNKNOWN,UNKNOWN_CROPPED_224,UNKNOWN,UNKNOWN,UNKNOWN,UNKNOWN,UNKNOWN,3ac0448c51c8c185417516cc25fd4551759edc80e0cc5c5a9ced1bd1d4779fc4,224,224,JPEG,RGB,exploratory_only_until_participant_id_and_protocol_are_confirmed
hirschberg-folder-labels-v0.1,train/ESOTROPIA/esotropia_073.jpg,data_hirschberg\eye-classification\train\ESOTROPIA\esotropia_073.jpg,train,train,ESOTROPIA,esotropia,True,UNKNOWN,esotropia:esotropia_073,legacy_or_unknown_hirschberg_crop,user_attested_doctor_confirmed_folder_label,User states labels were previously confirmed by doctors at an organization; no separate clinician manifest was present in the folder.,UNKNOWN,UNKNOWN_CROPPED_224,UNKNOWN,UNKNOWN,UNKNOWN,UNKNOWN,UNKNOWN,7c02d58c2defca75bab57e3fea0cd3ea1de25b5335a8105efa23baec6a6b0770,224,224,JPEG,RGB,exploratory_only_until_participant_id_and_protocol_are_confirmed
hirschberg-folder-labels-v0.1,train/ESOTROPIA/esotropia_074.jpg,data_hirschberg\eye-classification\train\ESOTROPIA\esotropia_074.jpg,train,train,ESOTROPIA,esotropia,True,UNKNOWN,esotropia:esotropia_074,legacy_or_unknown_hirschberg_crop,user_attested_doctor_confirmed_folder_label,User states labels were previously confirmed by doctors at an organization; no separate clinician manifest was present in the folder.,UNKNOWN,UNKNOWN_CROPPED_224,UNKNOWN,UNKNOWN,UNKNOWN,UNKNOWN,UNKNOWN,041b137298306de4effcec4ed270b13ad1a71b923db3cb9675463d3559a9897e,224,224,JPEG,RGB,exploratory_only_until_participant_id_and_protocol_are_confirmed
hirschberg-folder-labels-v0.1,train/ESOTROPIA/esotropia_075.jpg,data_hirschberg\eye-classification\train\ESOTROPIA\esotropia_075.jpg,train,train,ESOTROPIA,esotropia,True,UNKNOWN,esotropia:esotropia_075,legacy_or_unknown_hirschberg_crop,user_attested_doctor_confirmed_folder_label,User states labels were previously confirmed by doctors at an organization; no separate clinician manifest was present in the folder.,UNKNOWN,UNKNOWN_CROPPED_224,UNKNOWN,UNKNOWN,UNKNOWN,UNKNOWN,UNKNOWN,87b689165ebdebd8ae232823a21e5514323afe54284c38ddad457279931b92f5,224,224,JPEG,RGB,exploratory_only_until_participant_id_and_protocol_are_confirmed
hirschberg-folder-labels-v0.1,train/ESOTROPIA/esotropia_076.jpg,data_hirschberg\eye-classification\train\ESOTROPIA\esotropia_076.jpg,train,train,ESOTROPIA,esotropia,True,UNKNOWN,esotropia:esotropia_076,legacy_or_unknown_hirschberg_crop,user_attested_doctor_confirmed_folder_label,User states labels were previously confirmed by doctors at an organization; no separate clinician manifest was present in the folder.,UNKNOWN,UNKNOWN_CROPPED_224,UNKNOWN,UNKNOWN,UNKNOWN,UNKNOWN,UNKNOWN,45d7b240224504143d315bdb9c7b0b58b31f426607fc0957d326de9ca95b577c,224,224,JPEG,RGB,exploratory_only_until_participant_id_and_protocol_are_confirmed
hirschberg-folder-labels-v0.1,train/ESOTROPIA/esotropia_077.jpg,data_hirschberg\eye-classification\train\ESOTROPIA\esotropia_077.jpg,train,test,ESOTROPIA,esotropia,True,UNKNOWN,esotropia:esotropia_077,legacy_or_unknown_hirschberg_crop,user_attested_doctor_confirmed_folder_label,User states labels were previously confirmed by doctors at an organization; no separate clinician manifest was present in the folder.,UNKNOWN,UNKNOWN_CROPPED_224,UNKNOWN,UNKNOWN,UNKNOWN,UNKNOWN,UNKNOWN,8105470505638977f7ea99f1898ac6802f92ec4bf20049e88c4140a75f637411,224,224,JPEG,RGB,exploratory_only_until_participant_id_and_protocol_are_confirmed
hirschberg-folder-labels-v0.1,train/ESOTROPIA/esotropia_078.jpg,data_hirschberg\eye-classification\train\ESOTROPIA\esotropia_078.jpg,train,train,ESOTROPIA,esotropia,True,UNKNOWN,esotropia:esotropia_078,legacy_or_unknown_hirschberg_crop,user_attested_doctor_confirmed_folder_label,User states labels were previously confirmed by doctors at an organization; no separate clinician manifest was present in the folder.,UNKNOWN,UNKNOWN_CROPPED_224,UNKNOWN,UNKNOWN,UNKNOWN,UNKNOWN,UNKNOWN,7906991c4b735f8c690a399bfb32fd29d08c67135693992c7b9da48244594f93,224,224,JPEG,RGB,exploratory_only_until_participant_id_and_protocol_are_confirmed
hirschberg-folder-labels-v0.1,train/ESOTROPIA/esotropia_079.jpg,data_hirschberg\eye-classification\train\ESOTROPIA\esotropia_079.jpg,train,val,ESOTROPIA,esotropia,True,UNKNOWN,esotropia:esotropia_079,legacy_or_unknown_hirschberg_crop,user_attested_doctor_confirmed_folder_label,User states labels were previously confirmed by doctors at an organization; no separate clinician manifest was present in the folder.,UNKNOWN,UNKNOWN_CROPPED_224,UNKNOWN,UNKNOWN,UNKNOWN,UNKNOWN,UNKNOWN,bdad96612e1e304fc871128f02ae05da664ae36a3682e9b35582d3ef7c155160,224,224,JPEG,RGB,exploratory_only_until_participant_id_and_protocol_are_confirmed
hirschberg-folder-labels-v0.1,train/ESOTROPIA/esotropia_080.jpg,data_hirschberg\eye-classification\train\ESOTROPIA\esotropia_080.jpg,train,test,ESOTROPIA,esotropia,True,UNKNOWN,esotropia:esotropia_080,legacy_or_unknown_hirschberg_crop,user_attested_doctor_confirmed_folder_label,User states labels were previously confirmed by doctors at an organization; no separate clinician manifest was present in the folder.,UNKNOWN,UNKNOWN_CROPPED_224,UNKNOWN,UNKNOWN,UNKNOWN,UNKNOWN,UNKNOWN,e4451a8fa2ef2cfe4245e22c428a195a74188424d33f69524cb2027710049979,224,224,JPEG,RGB,exploratory_only_until_participant_id_and_protocol_are_confirmed
hirschberg-folder-labels-v0.1,train/ESOTROPIA/esotropia_081.jpg,data_hirschberg\eye-classification\train\ESOTROPIA\esotropia_081.jpg,train,train,ESOTROPIA,esotropia,True,UNKNOWN,esotropia:esotropia_081,legacy_or_unknown_hirschberg_crop,user_attested_doctor_confirmed_folder_label,User states labels were previously confirmed by doctors at an organization; no separate clinician manifest was present in the folder.,UNKNOWN,UNKNOWN_CROPPED_224,UNKNOWN,UNKNOWN,UNKNOWN,UNKNOWN,UNKNOWN,c99b37f7bf425931f922935b0b7a497287a81c4fae015afc91808c7c4f497ddf,224,224,JPEG,RGB,exploratory_only_until_participant_id_and_protocol_are_confirmed
hirschberg-folder-labels-v0.1,train/ESOTROPIA/esotropia_082.jpg,data_hirschberg\eye-classification\train\ESOTROPIA\esotropia_082.jpg,train,train,ESOTROPIA,esotropia,True,UNKNOWN,esotropia:esotropia_082,legacy_or_unknown_hirschberg_crop,user_attested_doctor_confirmed_folder_label,User states labels were previously confirmed by doctors at an organization; no separate clinician manifest was present in the folder.,UNKNOWN,UNKNOWN_CROPPED_224,UNKNOWN,UNKNOWN,UNKNOWN,UNKNOWN,UNKNOWN,a527c03627a779b697022b7cf36b9bcc042a4b714eaa2b8c5a81fa840c56cfbd,224,224,JPEG,RGB,exploratory_only_until_participant_id_and_protocol_are_confirmed
hirschberg-folder-labels-v0.1,train/ESOTROPIA/esotropia_083.jpg,data_hirschberg\eye-classification\train\ESOTROPIA\esotropia_083.jpg,train,test,ESOTROPIA,esotropia,True,UNKNOWN,esotropia:esotropia_083,legacy_or_unknown_hirschberg_crop,user_attested_doctor_confirmed_folder_label,User states labels were previously confirmed by doctors at an organization; no separate clinician manifest was present in the folder.,UNKNOWN,UNKNOWN_CROPPED_224,UNKNOWN,UNKNOWN,UNKNOWN,UNKNOWN,UNKNOWN,c723fe719ac61fed6adb2e110512306a3dca7a30f3b3f8c9edca13daea79995c,224,224,JPEG,RGB,exploratory_only_until_participant_id_and_protocol_are_confirmed
hirschberg-folder-labels-v0.1,train/ESOTROPIA/esotropia_084.jpg,data_hirschberg\eye-classification\train\ESOTROPIA\esotropia_084.jpg,train,train,ESOTROPIA,esotropia,True,UNKNOWN,esotropia:esotropia_084,legacy_or_unknown_hirschberg_crop,user_attested_doctor_confirmed_folder_label,User states labels were previously confirmed by doctors at an organization; no separate clinician manifest was present in the folder.,UNKNOWN,UNKNOWN_CROPPED_224,UNKNOWN,UNKNOWN,UNKNOWN,UNKNOWN,UNKNOWN,6d730c48a31ee42692d059b633c693c5593339679bb91e0dfc246b6bd5eae211,224,224,JPEG,RGB,exploratory_only_until_participant_id_and_protocol_are_confirmed
hirschberg-folder-labels-v0.1,train/ESOTROPIA/esotropia_085.jpg,data_hirschberg\eye-classification\train\ESOTROPIA\esotropia_085.jpg,train,val,ESOTROPIA,esotropia,True,UNKNOWN,esotropia:esotropia_085,legacy_or_unknown_hirschberg_crop,user_attested_doctor_confirmed_folder_label,User states labels were previously confirmed by doctors at an organization; no separate clinician manifest was present in the folder.,UNKNOWN,UNKNOWN_CROPPED_224,UNKNOWN,UNKNOWN,UNKNOWN,UNKNOWN,UNKNOWN,a55db12569b08d3bb231eb2abc3142183e8ca111973a639a626a67041acdbb54,224,224,JPEG,RGB,exploratory_only_until_participant_id_and_protocol_are_confirmed
hirschberg-folder-labels-v0.1,train/ESOTROPIA/esotropia_086.jpg,data_hirschberg\eye-classification\train\ESOTROPIA\esotropia_086.jpg,train,train,ESOTROPIA,esotropia,True,UNKNOWN,esotropia:esotropia_086,legacy_or_unknown_hirschberg_crop,user_attested_doctor_confirmed_folder_label,User states labels were previously confirmed by doctors at an organization; no separate clinician manifest was present in the folder.,UNKNOWN,UNKNOWN_CROPPED_224,UNKNOWN,UNKNOWN,UNKNOWN,UNKNOWN,UNKNOWN,53825945222ba77993d843ede21ba95f870197402779a02480badb78934e00f7,224,224,JPEG,RGB,exploratory_only_until_participant_id_and_protocol_are_confirmed
hirschberg-folder-labels-v0.1,train/ESOTROPIA/esotropia_087.jpg,data_hirschberg\eye-classification\train\ESOTROPIA\esotropia_087.jpg,train,train,ESOTROPIA,esotropia,True,UNKNOWN,esotropia:esotropia_087,legacy_or_unknown_hirschberg_crop,user_attested_doctor_confirmed_folder_label,User states labels were previously confirmed by doctors at an organization; no separate clinician manifest was present in the folder.,UNKNOWN,UNKNOWN_CROPPED_224,UNKNOWN,UNKNOWN,UNKNOWN,UNKNOWN,UNKNOWN,bda516d4e4ea383937aeb44e30a429f52a29555b35a811a2ab2aa6d881b4d5dd,224,224,JPEG,RGB,exploratory_only_until_participant_id_and_protocol_are_confirmed
hirschberg-folder-labels-v0.1,train/ESOTROPIA/esotropia_088.jpg,data_hirschberg\eye-classification\train\ESOTROPIA\esotropia_088.jpg,train,train,ESOTROPIA,esotropia,True,UNKNOWN,esotropia:esotropia_088,legacy_or_unknown_hirschberg_crop,user_attested_doctor_confirmed_folder_label,User states labels were previously confirmed by doctors at an organization; no separate clinician manifest was present in the folder.,UNKNOWN,UNKNOWN_CROPPED_224,UNKNOWN,UNKNOWN,UNKNOWN,UNKNOWN,UNKNOWN,5daaf642e45bbdfc544bdf5843080159033f6517d95fe11fae4d61d54c23926b,224,224,JPEG,RGB,exploratory_only_until_participant_id_and_protocol_are_confirmed
hirschberg-folder-labels-v0.1,train/ESOTROPIA/esotropia_089.jpg,data_hirschberg\eye-classification\train\ESOTROPIA\esotropia_089.jpg,train,test,ESOTROPIA,esotropia,True,UNKNOWN,esotropia:esotropia_089,legacy_or_unknown_hirschberg_crop,user_attested_doctor_confirmed_folder_label,User states labels were previously confirmed by doctors at an organization; no separate clinician manifest was present in the folder.,UNKNOWN,UNKNOWN_CROPPED_224,UNKNOWN,UNKNOWN,UNKNOWN,UNKNOWN,UNKNOWN,f86781d2d625a849d4166a2e00ca21aa6a628e2bcb0b69050eb3782e419ece9b,224,224,JPEG,RGB,exploratory_only_until_participant_id_and_protocol_are_confirmed
hirschberg-folder-labels-v0.1,train/ESOTROPIA/esotropia_090.jpg,data_hirschberg\eye-classification\train\ESOTROPIA\esotropia_090.jpg,train,train,ESOTROPIA,esotropia,True,UNKNOWN,esotropia:esotropia_090,legacy_or_unknown_hirschberg_crop,user_attested_doctor_confirmed_folder_label,User states labels were previously confirmed by doctors at an organization; no separate clinician manifest was present in the folder.,UNKNOWN,UNKNOWN_CROPPED_224,UNKNOWN,UNKNOWN,UNKNOWN,UNKNOWN,UNKNOWN,65da59465ea460a74c28dc17bb22303a5916521096cf5db569455aade21ed865,224,224,JPEG,RGB,exploratory_only_until_participant_id_and_protocol_are_confirmed
hirschberg-folder-labels-v0.1,train/ESOTROPIA/esotropia_091.jpg,data_hirschberg\eye-classification\train\ESOTROPIA\esotropia_091.jpg,train,test,ESOTROPIA,esotropia,True,UNKNOWN,esotropia:esotropia_091,legacy_or_unknown_hirschberg_crop,user_attested_doctor_confirmed_folder_label,User states labels were previously confirmed by doctors at an organization; no separate clinician manifest was present in the folder.,UNKNOWN,UNKNOWN_CROPPED_224,UNKNOWN,UNKNOWN,UNKNOWN,UNKNOWN,UNKNOWN,90c5b6b629e98d2c365faf5deb27b3178ef1b11b8aa0ea139446ca318dd37837,224,224,JPEG,RGB,exploratory_only_until_participant_id_and_protocol_are_confirmed
hirschberg-folder-labels-v0.1,train/ESOTROPIA/esotropia_092.jpg,data_hirschberg\eye-classification\train\ESOTROPIA\esotropia_092.jpg,train,train,ESOTROPIA,esotropia,True,UNKNOWN,esotropia:esotropia_092,legacy_or_unknown_hirschberg_crop,user_attested_doctor_confirmed_folder_label,User states labels were previously confirmed by doctors at an organization; no separate clinician manifest was present in the folder.,UNKNOWN,UNKNOWN_CROPPED_224,UNKNOWN,UNKNOWN,UNKNOWN,UNKNOWN,UNKNOWN,3a899ea595582089b2123045c5b2ea5e91abdfff5f6768f7d54a521adcf352cc,224,224,JPEG,RGB,exploratory_only_until_participant_id_and_protocol_are_confirmed
hirschberg-folder-labels-v0.1,train/ESOTROPIA/esotropia_093.jpg,data_hirschberg\eye-classification\train\ESOTROPIA\esotropia_093.jpg,train,train,ESOTROPIA,esotropia,True,UNKNOWN,esotropia:esotropia_093,legacy_or_unknown_hirschberg_crop,user_attested_doctor_confirmed_folder_label,User states labels were previously confirmed by doctors at an organization; no separate clinician manifest was present in the folder.,UNKNOWN,UNKNOWN_CROPPED_224,UNKNOWN,UNKNOWN,UNKNOWN,UNKNOWN,UNKNOWN,e3a4800ba2a24c30968d04665be5de258d9e51bc559eaac4aad4270e5705ada2,224,224,JPEG,RGB,exploratory_only_until_participant_id_and_protocol_are_confirmed
hirschberg-folder-labels-v0.1,train/ESOTROPIA/esotropia_094.jpg,data_hirschberg\eye-classification\train\ESOTROPIA\esotropia_094.jpg,train,val,ESOTROPIA,esotropia,True,UNKNOWN,esotropia:esotropia_094,legacy_or_unknown_hirschberg_crop,user_attested_doctor_confirmed_folder_label,User states labels were previously confirmed by doctors at an organization; no separate clinician manifest was present in the folder.,UNKNOWN,UNKNOWN_CROPPED_224,UNKNOWN,UNKNOWN,UNKNOWN,UNKNOWN,UNKNOWN,c0cf360c86fd52ff0444e507eedba43f667a2501e70e58aca9e7e6d8a6055867,224,224,JPEG,RGB,exploratory_only_until_participant_id_and_protocol_are_confirmed
hirschberg-folder-labels-v0.1,train/ESOTROPIA/esotropia_095.jpg,data_hirschberg\eye-classification\train\ESOTROPIA\esotropia_095.jpg,train,val,ESOTROPIA,esotropia,True,UNKNOWN,esotropia:esotropia_095,legacy_or_unknown_hirschberg_crop,user_attested_doctor_confirmed_folder_label,User states labels were previously confirmed by doctors at an organization; no separate clinician manifest was present in the folder.,UNKNOWN,UNKNOWN_CROPPED_224,UNKNOWN,UNKNOWN,UNKNOWN,UNKNOWN,UNKNOWN,a27545daed25420cd56e66a84867b920a0a056c71491e93e16327048a45ae6f9,224,224,JPEG,RGB,exploratory_only_until_participant_id_and_protocol_are_confirmed
hirschberg-folder-labels-v0.1,train/ESOTROPIA/esotropia_096.jpg,data_hirschberg\eye-classification\train\ESOTROPIA\esotropia_096.jpg,train,train,ESOTROPIA,esotropia,True,UNKNOWN,esotropia:esotropia_096,legacy_or_unknown_hirschberg_crop,user_attested_doctor_confirmed_folder_label,User states labels were previously confirmed by doctors at an organization; no separate clinician manifest was present in the folder.,UNKNOWN,UNKNOWN_CROPPED_224,UNKNOWN,UNKNOWN,UNKNOWN,UNKNOWN,UNKNOWN,2ee0be10aa087d9d52acfeb80652c630683e7d2864a6c96596a23f7fda6fd7ea,224,224,JPEG,RGB,exploratory_only_until_participant_id_and_protocol_are_confirmed
hirschberg-folder-labels-v0.1,train/ESOTROPIA/esotropia_097.jpg,data_hirschberg\eye-classification\train\ESOTROPIA\esotropia_097.jpg,train,train,ESOTROPIA,esotropia,True,UNKNOWN,esotropia:esotropia_097,legacy_or_unknown_hirschberg_crop,user_attested_doctor_confirmed_folder_label,User states labels were previously confirmed by doctors at an organization; no separate clinician manifest was present in the folder.,UNKNOWN,UNKNOWN_CROPPED_224,UNKNOWN,UNKNOWN,UNKNOWN,UNKNOWN,UNKNOWN,21a0d8e4c9ee8721139ed0ca17700dfb526c358a33705f5cc7823e89bfc8bbfa,224,224,JPEG,RGB,exploratory_only_until_participant_id_and_protocol_are_confirmed
hirschberg-folder-labels-v0.1,train/ESOTROPIA/esotropia_098.jpg,data_hirschberg\eye-classification\train\ESOTROPIA\esotropia_098.jpg,train,train,ESOTROPIA,esotropia,True,UNKNOWN,esotropia:esotropia_098,legacy_or_unknown_hirschberg_crop,user_attested_doctor_confirmed_folder_label,User states labels were previously confirmed by doctors at an organization; no separate clinician manifest was present in the folder.,UNKNOWN,UNKNOWN_CROPPED_224,UNKNOWN,UNKNOWN,UNKNOWN,UNKNOWN,UNKNOWN,13acef364250ba213264ea60910e9ab13af12b7195adc92545b2e684be1726aa,224,224,JPEG,RGB,exploratory_only_until_participant_id_and_protocol_are_confirmed
hirschberg-folder-labels-v0.1,train/ESOTROPIA/esotropia_099.jpg,data_hirschberg\eye-classification\train\ESOTROPIA\esotropia_099.jpg,train,train,ESOTROPIA,esotropia,True,UNKNOWN,esotropia:esotropia_099,legacy_or_unknown_hirschberg_crop,user_attested_doctor_confirmed_folder_label,User states labels were previously confirmed by doctors at an organization; no separate clinician manifest was present in the folder.,UNKNOWN,UNKNOWN_CROPPED_224,UNKNOWN,UNKNOWN,UNKNOWN,UNKNOWN,UNKNOWN,f34fed5df2868093ec9a455668eec90d8564353058e0cbfb153eba735da42111,224,224,JPEG,RGB,exploratory_only_until_participant_id_and_protocol_are_confirmed
hirschberg-folder-labels-v0.1,train/ESOTROPIA/esotropia_100.jpg,data_hirschberg\eye-classification\train\ESOTROPIA\esotropia_100.jpg,train,train,ESOTROPIA,esotropia,True,UNKNOWN,esotropia:esotropia_100,legacy_or_unknown_hirschberg_crop,user_attested_doctor_confirmed_folder_label,User states labels were previously confirmed by doctors at an organization; no separate clinician manifest was present in the folder.,UNKNOWN,UNKNOWN_CROPPED_224,UNKNOWN,UNKNOWN,UNKNOWN,UNKNOWN,UNKNOWN,8f75285fdd8ddd1e98479eb05d78a461832e825015776afa5eb9c6803dee6568,224,224,JPEG,RGB,exploratory_only_until_participant_id_and_protocol_are_confirmed
hirschberg-folder-labels-v0.1,train/ESOTROPIA/esotropia_101.jpg,data_hirschberg\eye-classification\train\ESOTROPIA\esotropia_101.jpg,train,train,ESOTROPIA,esotropia,True,UNKNOWN,esotropia:esotropia_101,legacy_or_unknown_hirschberg_crop,user_attested_doctor_confirmed_folder_label,User states labels were previously confirmed by doctors at an organization; no separate clinician manifest was present in the folder.,UNKNOWN,UNKNOWN_CROPPED_224,UNKNOWN,UNKNOWN,UNKNOWN,UNKNOWN,UNKNOWN,6cc636592ec0a402811de443eaa9a73a3237ddb62df2a142a9920d2bf567f9b3,224,224,JPEG,RGB,exploratory_only_until_participant_id_and_protocol_are_confirmed
hirschberg-folder-labels-v0.1,train/ESOTROPIA/esotropia_102.jpg,data_hirschberg\eye-classification\train\ESOTROPIA\esotropia_102.jpg,train,val,ESOTROPIA,esotropia,True,UNKNOWN,esotropia:esotropia_102,legacy_or_unknown_hirschberg_crop,user_attested_doctor_confirmed_folder_label,User states labels were previously confirmed by doctors at an organization; no separate clinician manifest was present in the folder.,UNKNOWN,UNKNOWN_CROPPED_224,UNKNOWN,UNKNOWN,UNKNOWN,UNKNOWN,UNKNOWN,682f9bbd0c4992e5d3b4250f7e283c7df0251658849d12e75891c7f2acf4cd83,224,224,JPEG,RGB,exploratory_only_until_participant_id_and_protocol_are_confirmed
hirschberg-folder-labels-v0.1,train/ESOTROPIA/esotropia_103.jpg,data_hirschberg\eye-classification\train\ESOTROPIA\esotropia_103.jpg,train,train,ESOTROPIA,esotropia,True,UNKNOWN,esotropia:esotropia_103,legacy_or_unknown_hirschberg_crop,user_attested_doctor_confirmed_folder_label,User states labels were previously confirmed by doctors at an organization; no separate clinician manifest was present in the folder.,UNKNOWN,UNKNOWN_CROPPED_224,UNKNOWN,UNKNOWN,UNKNOWN,UNKNOWN,UNKNOWN,5d32c41bb875bb8fb160865560fe1a092749ab4eb5f6a7652eb223520eae1461,224,224,JPEG,RGB,exploratory_only_until_participant_id_and_protocol_are_confirmed
hirschberg-folder-labels-v0.1,train/ESOTROPIA/esotropia_104.jpg,data_hirschberg\eye-classification\train\ESOTROPIA\esotropia_104.jpg,train,train,ESOTROPIA,esotropia,True,UNKNOWN,esotropia:esotropia_104,legacy_or_unknown_hirschberg_crop,user_attested_doctor_confirmed_folder_label,User states labels were previously confirmed by doctors at an organization; no separate clinician manifest was present in the folder.,UNKNOWN,UNKNOWN_CROPPED_224,UNKNOWN,UNKNOWN,UNKNOWN,UNKNOWN,UNKNOWN,886da042bc3bd72d582a0f9fe85ef5208878b3c017800041d12ea293a9c83273,224,224,JPEG,RGB,exploratory_only_until_participant_id_and_protocol_are_confirmed
hirschberg-folder-labels-v0.1,train/ESOTROPIA/esotropia_105.jpg,data_hirschberg\eye-classification\train\ESOTROPIA\esotropia_105.jpg,train,val,ESOTROPIA,esotropia,True,UNKNOWN,esotropia:esotropia_105,legacy_or_unknown_hirschberg_crop,user_attested_doctor_confirmed_folder_label,User states labels were previously confirmed by doctors at an organization; no separate clinician manifest was present in the folder.,UNKNOWN,UNKNOWN_CROPPED_224,UNKNOWN,UNKNOWN,UNKNOWN,UNKNOWN,UNKNOWN,3dc797614d27145d8134b53f44f89b11fa4055b431c1cb88d2624809c683ca38,224,224,JPEG,RGB,exploratory_only_until_participant_id_and_protocol_are_confirmed
hirschberg-folder-labels-v0.1,train/ESOTROPIA/esotropia_106.jpg,data_hirschberg\eye-classification\train\ESOTROPIA\esotropia_106.jpg,train,train,ESOTROPIA,esotropia,True,UNKNOWN,esotropia:esotropia_106,legacy_or_unknown_hirschberg_crop,user_attested_doctor_confirmed_folder_label,User states labels were previously confirmed by doctors at an organization; no separate clinician manifest was present in the folder.,UNKNOWN,UNKNOWN_CROPPED_224,UNKNOWN,UNKNOWN,UNKNOWN,UNKNOWN,UNKNOWN,d03aa1cca4c18d39115324bbd83fd7623b48db3566166ba811da876cb52272be,224,224,JPEG,RGB,exploratory_only_until_participant_id_and_protocol_are_confirmed
hirschberg-folder-labels-v0.1,train/ESOTROPIA/esotropia_107.jpg,data_hirschberg\eye-classification\train\ESOTROPIA\esotropia_107.jpg,train,train,ESOTROPIA,esotropia,True,UNKNOWN,esotropia:esotropia_107,legacy_or_unknown_hirschberg_crop,user_attested_doctor_confirmed_folder_label,User states labels were previously confirmed by doctors at an organization; no separate clinician manifest was present in the folder.,UNKNOWN,UNKNOWN_CROPPED_224,UNKNOWN,UNKNOWN,UNKNOWN,UNKNOWN,UNKNOWN,c85f81020217c5a8ec0b114480e7d7e54e4e9a33bc41a38e4b8c8510b519f248,224,224,JPEG,RGB,exploratory_only_until_participant_id_and_protocol_are_confirmed
hirschberg-folder-labels-v0.1,train/ESOTROPIA/esotropia_108.jpg,data_hirschberg\eye-classification\train\ESOTROPIA\esotropia_108.jpg,train,train,ESOTROPIA,esotropia,True,UNKNOWN,esotropia:esotropia_108,legacy_or_unknown_hirschberg_crop,user_attested_doctor_confirmed_folder_label,User states labels were previously confirmed by doctors at an organization; no separate clinician manifest was present in the folder.,UNKNOWN,UNKNOWN_CROPPED_224,UNKNOWN,UNKNOWN,UNKNOWN,UNKNOWN,UNKNOWN,48494940ef6e8f0c366520147346dc6b4d5f5e798ec0e2b51aa5e15f1253e7da,224,224,JPEG,RGB,exploratory_only_until_participant_id_and_protocol_are_confirmed
hirschberg-folder-labels-v0.1,train/ESOTROPIA/esotropia_109.jpg,data_hirschberg\eye-classification\train\ESOTROPIA\esotropia_109.jpg,train,train,ESOTROPIA,esotropia,True,UNKNOWN,esotropia:esotropia_109,legacy_or_unknown_hirschberg_crop,user_attested_doctor_confirmed_folder_label,User states labels were previously confirmed by doctors at an organization; no separate clinician manifest was present in the folder.,UNKNOWN,UNKNOWN_CROPPED_224,UNKNOWN,UNKNOWN,UNKNOWN,UNKNOWN,UNKNOWN,1e9d529329da98b528972c7d702700ed3eab709048404c7449fc3c1295cff9e9,224,224,JPEG,RGB,exploratory_only_until_participant_id_and_protocol_are_confirmed
hirschberg-folder-labels-v0.1,train/ESOTROPIA/esotropia_110.jpg,data_hirschberg\eye-classification\train\ESOTROPIA\esotropia_110.jpg,train,val,ESOTROPIA,esotropia,True,UNKNOWN,esotropia:esotropia_110,legacy_or_unknown_hirschberg_crop,user_attested_doctor_confirmed_folder_label,User states labels were previously confirmed by doctors at an organization; no separate clinician manifest was present in the folder.,UNKNOWN,UNKNOWN_CROPPED_224,UNKNOWN,UNKNOWN,UNKNOWN,UNKNOWN,UNKNOWN,cffd30e7a98de35de8e1a54d498ba5cf2d2979571a898218baa1aa58576ae7a0,224,224,JPEG,RGB,exploratory_only_until_participant_id_and_protocol_are_confirmed
hirschberg-folder-labels-v0.1,train/ESOTROPIA/esotropia_111.jpg,data_hirschberg\eye-classification\train\ESOTROPIA\esotropia_111.jpg,train,train,ESOTROPIA,esotropia,True,UNKNOWN,esotropia:esotropia_111,legacy_or_unknown_hirschberg_crop,user_attested_doctor_confirmed_folder_label,User states labels were previously confirmed by doctors at an organization; no separate clinician manifest was present in the folder.,UNKNOWN,UNKNOWN_CROPPED_224,UNKNOWN,UNKNOWN,UNKNOWN,UNKNOWN,UNKNOWN,9df530d1f00ba552ff63680dcb05e22bf5169238389de0fd5a5838bcf46d40e7,224,224,JPEG,RGB,exploratory_only_until_participant_id_and_protocol_are_confirmed
hirschberg-folder-labels-v0.1,train/ESOTROPIA/esotropia_112.jpg,data_hirschberg\eye-classification\train\ESOTROPIA\esotropia_112.jpg,train,train,ESOTROPIA,esotropia,True,UNKNOWN,esotropia:esotropia_112,legacy_or_unknown_hirschberg_crop,user_attested_doctor_confirmed_folder_label,User states labels were previously confirmed by doctors at an organization; no separate clinician manifest was present in the folder.,UNKNOWN,UNKNOWN_CROPPED_224,UNKNOWN,UNKNOWN,UNKNOWN,UNKNOWN,UNKNOWN,0b49fb0b9757f3085d7d48b9c6971578af65e75d6af0a0fe1f578e57c341840c,224,224,JPEG,RGB,exploratory_only_until_participant_id_and_protocol_are_confirmed
hirschberg-folder-labels-v0.1,train/ESOTROPIA/esotropia_113.jpg,data_hirschberg\eye-classification\train\ESOTROPIA\esotropia_113.jpg,train,train,ESOTROPIA,esotropia,True,UNKNOWN,esotropia:esotropia_113,legacy_or_unknown_hirschberg_crop,user_attested_doctor_confirmed_folder_label,User states labels were previously confirmed by doctors at an organization; no separate clinician manifest was present in the folder.,UNKNOWN,UNKNOWN_CROPPED_224,UNKNOWN,UNKNOWN,UNKNOWN,UNKNOWN,UNKNOWN,895a5d85a7d0aff728d6722499dc4f20afe4b9dedd832e15449f37a31f400589,224,224,JPEG,RGB,exploratory_only_until_participant_id_and_protocol_are_confirmed
hirschberg-folder-labels-v0.1,train/ESOTROPIA/esotropia_114.jpg,data_hirschberg\eye-classification\train\ESOTROPIA\esotropia_114.jpg,train,train,ESOTROPIA,esotropia,True,UNKNOWN,esotropia:esotropia_114,legacy_or_unknown_hirschberg_crop,user_attested_doctor_confirmed_folder_label,User states labels were previously confirmed by doctors at an organization; no separate clinician manifest was present in the folder.,UNKNOWN,UNKNOWN_CROPPED_224,UNKNOWN,UNKNOWN,UNKNOWN,UNKNOWN,UNKNOWN,1ec5179a1710f1fcd387b1bfd751b78157a226af7e4cb4f6e7dbb95952d50dbd,224,224,JPEG,RGB,exploratory_only_until_participant_id_and_protocol_are_confirmed
hirschberg-folder-labels-v0.1,train/ESOTROPIA/esotropia_115.jpg,data_hirschberg\eye-classification\train\ESOTROPIA\esotropia_115.jpg,train,train,ESOTROPIA,esotropia,True,UNKNOWN,esotropia:esotropia_115,legacy_or_unknown_hirschberg_crop,user_attested_doctor_confirmed_folder_label,User states labels were previously confirmed by doctors at an organization; no separate clinician manifest was present in the folder.,UNKNOWN,UNKNOWN_CROPPED_224,UNKNOWN,UNKNOWN,UNKNOWN,UNKNOWN,UNKNOWN,40f0d722eed5edb4c8ee321eb1d4089f8795a7e8d9d49cfaa2af200e8dd66b65,224,224,JPEG,RGB,exploratory_only_until_participant_id_and_protocol_are_confirmed
hirschberg-folder-labels-v0.1,train/ESOTROPIA/esotropia_116.jpg,data_hirschberg\eye-classification\train\ESOTROPIA\esotropia_116.jpg,train,val,ESOTROPIA,esotropia,True,UNKNOWN,esotropia:esotropia_116,legacy_or_unknown_hirschberg_crop,user_attested_doctor_confirmed_folder_label,User states labels were previously confirmed by doctors at an organization; no separate clinician manifest was present in the folder.,UNKNOWN,UNKNOWN_CROPPED_224,UNKNOWN,UNKNOWN,UNKNOWN,UNKNOWN,UNKNOWN,738da76120ca5963dd619f15fa106400a0eea4078298e2b54b1e72c36ca061bb,224,224,JPEG,RGB,exploratory_only_until_participant_id_and_protocol_are_confirmed
hirschberg-folder-labels-v0.1,train/ESOTROPIA/esotropia_117.jpg,data_hirschberg\eye-classification\train\ESOTROPIA\esotropia_117.jpg,train,train,ESOTROPIA,esotropia,True,UNKNOWN,esotropia:esotropia_117,legacy_or_unknown_hirschberg_crop,user_attested_doctor_confirmed_folder_label,User states labels were previously confirmed by doctors at an organization; no separate clinician manifest was present in the folder.,UNKNOWN,UNKNOWN_CROPPED_224,UNKNOWN,UNKNOWN,UNKNOWN,UNKNOWN,UNKNOWN,a93295ef5afb80761459b061677b0ac0d82fa3537b5e12e55d458b5980d63a88,224,224,JPEG,RGB,exploratory_only_until_participant_id_and_protocol_are_confirmed
hirschberg-folder-labels-v0.1,train/ESOTROPIA/esotropia_118.jpg,data_hirschberg\eye-classification\train\ESOTROPIA\esotropia_118.jpg,train,train,ESOTROPIA,esotropia,True,UNKNOWN,esotropia:esotropia_118,legacy_or_unknown_hirschberg_crop,user_attested_doctor_confirmed_folder_label,User states labels were previously confirmed by doctors at an organization; no separate clinician manifest was present in the folder.,UNKNOWN,UNKNOWN_CROPPED_224,UNKNOWN,UNKNOWN,UNKNOWN,UNKNOWN,UNKNOWN,83ecef7e0b82027124dc088a80be3b02fbb49c410aedfbdde38ab4403f4bba92,224,224,JPEG,RGB,exploratory_only_until_participant_id_and_protocol_are_confirmed
hirschberg-folder-labels-v0.1,train/ESOTROPIA/esotropia_119.jpg,data_hirschberg\eye-classification\train\ESOTROPIA\esotropia_119.jpg,train,test,ESOTROPIA,esotropia,True,UNKNOWN,esotropia:esotropia_119,legacy_or_unknown_hirschberg_crop,user_attested_doctor_confirmed_folder_label,User states labels were previously confirmed by doctors at an organization; no separate clinician manifest was present in the folder.,UNKNOWN,UNKNOWN_CROPPED_224,UNKNOWN,UNKNOWN,UNKNOWN,UNKNOWN,UNKNOWN,52d9f64c5285bf769a91cf395f39b2f8a59edf58e46b2d1807993f0636aa9bdc,224,224,JPEG,RGB,exploratory_only_until_participant_id_and_protocol_are_confirmed
hirschberg-folder-labels-v0.1,train/ESOTROPIA/esotropia_120.jpg,data_hirschberg\eye-classification\train\ESOTROPIA\esotropia_120.jpg,train,train,ESOTROPIA,esotropia,True,UNKNOWN,esotropia:esotropia_120,legacy_or_unknown_hirschberg_crop,user_attested_doctor_confirmed_folder_label,User states labels were previously confirmed by doctors at an organization; no separate clinician manifest was present in the folder.,UNKNOWN,UNKNOWN_CROPPED_224,UNKNOWN,UNKNOWN,UNKNOWN,UNKNOWN,UNKNOWN,e70646c3598eaf3cd0654bfe5dcc4ca3eb19b96eaa248a353b2748b0fef8dd77,224,224,JPEG,RGB,exploratory_only_until_participant_id_and_protocol_are_confirmed
hirschberg-folder-labels-v0.1,train/ESOTROPIA/esotropia_121.jpg,data_hirschberg\eye-classification\train\ESOTROPIA\esotropia_121.jpg,train,train,ESOTROPIA,esotropia,True,UNKNOWN,esotropia:esotropia_121,legacy_or_unknown_hirschberg_crop,user_attested_doctor_confirmed_folder_label,User states labels were previously confirmed by doctors at an organization; no separate clinician manifest was present in the folder.,UNKNOWN,UNKNOWN_CROPPED_224,UNKNOWN,UNKNOWN,UNKNOWN,UNKNOWN,UNKNOWN,6aa3e3069c239351b559473f14bd304b27986f4100a385739b61efbb2c23e12d,224,224,JPEG,RGB,exploratory_only_until_participant_id_and_protocol_are_confirmed
hirschberg-folder-labels-v0.1,train/ESOTROPIA/esotropia_122.jpg,data_hirschberg\eye-classification\train\ESOTROPIA\esotropia_122.jpg,train,train,ESOTROPIA,esotropia,True,UNKNOWN,esotropia:esotropia_122,legacy_or_unknown_hirschberg_crop,user_attested_doctor_confirmed_folder_label,User states labels were previously confirmed by doctors at an organization; no separate clinician manifest was present in the folder.,UNKNOWN,UNKNOWN_CROPPED_224,UNKNOWN,UNKNOWN,UNKNOWN,UNKNOWN,UNKNOWN,5bdeebcda7de5f1bee0b84df202a165d1c2bb88095c798c1886c55cb5fb00253,224,224,JPEG,RGB,exploratory_only_until_participant_id_and_protocol_are_confirmed
hirschberg-folder-labels-v0.1,train/ESOTROPIA/esotropia_123.jpg,data_hirschberg\eye-classification\train\ESOTROPIA\esotropia_123.jpg,train,train,ESOTROPIA,esotropia,True,UNKNOWN,esotropia:esotropia_123,legacy_or_unknown_hirschberg_crop,user_attested_doctor_confirmed_folder_label,User states labels were previously confirmed by doctors at an organization; no separate clinician manifest was present in the folder.,UNKNOWN,UNKNOWN_CROPPED_224,UNKNOWN,UNKNOWN,UNKNOWN,UNKNOWN,UNKNOWN,0278873218e517a6cfced62fbc949246a6a207ce3f8599e54e1b6ccee5492c46,224,224,JPEG,RGB,exploratory_only_until_participant_id_and_protocol_are_confirmed
hirschberg-folder-labels-v0.1,train/ESOTROPIA/esotropia_124.jpg,data_hirschberg\eye-classification\train\ESOTROPIA\esotropia_124.jpg,train,test,ESOTROPIA,esotropia,True,UNKNOWN,esotropia:esotropia_124,legacy_or_unknown_hirschberg_crop,user_attested_doctor_confirmed_folder_label,User states labels were previously confirmed by doctors at an organization; no separate clinician manifest was present in the folder.,UNKNOWN,UNKNOWN_CROPPED_224,UNKNOWN,UNKNOWN,UNKNOWN,UNKNOWN,UNKNOWN,f8ca38b133626c4d6b368456f04e2873b7b444584736bcea6e240007061549b7,224,224,JPEG,RGB,exploratory_only_until_participant_id_and_protocol_are_confirmed
hirschberg-folder-labels-v0.1,train/ESOTROPIA/esotropia_125.jpg,data_hirschberg\eye-classification\train\ESOTROPIA\esotropia_125.jpg,train,train,ESOTROPIA,esotropia,True,UNKNOWN,esotropia:esotropia_125,legacy_or_unknown_hirschberg_crop,user_attested_doctor_confirmed_folder_label,User states labels were previously confirmed by doctors at an organization; no separate clinician manifest was present in the folder.,UNKNOWN,UNKNOWN_CROPPED_224,UNKNOWN,UNKNOWN,UNKNOWN,UNKNOWN,UNKNOWN,f5cf9ec513146ebc1dc63df2924c45f5c1c77b4604d842331c92ea00347b8533,224,224,JPEG,RGB,exploratory_only_until_participant_id_and_protocol_are_confirmed
hirschberg-folder-labels-v0.1,train/ESOTROPIA/esotropia_126.jpg,data_hirschberg\eye-classification\train\ESOTROPIA\esotropia_126.jpg,train,train,ESOTROPIA,esotropia,True,UNKNOWN,esotropia:esotropia_126,legacy_or_unknown_hirschberg_crop,user_attested_doctor_confirmed_folder_label,User states labels were previously confirmed by doctors at an organization; no separate clinician manifest was present in the folder.,UNKNOWN,UNKNOWN_CROPPED_224,UNKNOWN,UNKNOWN,UNKNOWN,UNKNOWN,UNKNOWN,148d1dc95c63d63799fa468f39ba451475f076163c5deaca5795e0a5768c6fb8,224,224,JPEG,RGB,exploratory_only_until_participant_id_and_protocol_are_confirmed
hirschberg-folder-labels-v0.1,train/ESOTROPIA/esotropia_127.jpg,data_hirschberg\eye-classification\train\ESOTROPIA\esotropia_127.jpg,train,val,ESOTROPIA,esotropia,True,UNKNOWN,esotropia:esotropia_127,legacy_or_unknown_hirschberg_crop,user_attested_doctor_confirmed_folder_label,User states labels were previously confirmed by doctors at an organization; no separate clinician manifest was present in the folder.,UNKNOWN,UNKNOWN_CROPPED_224,UNKNOWN,UNKNOWN,UNKNOWN,UNKNOWN,UNKNOWN,6b7f5f432faa1b9075deb094398107c749c5bc554f73f1e73f29c02c87bd7e41,224,224,JPEG,RGB,exploratory_only_until_participant_id_and_protocol_are_confirmed
hirschberg-folder-labels-v0.1,train/ESOTROPIA/esotropia_128.jpg,data_hirschberg\eye-classification\train\ESOTROPIA\esotropia_128.jpg,train,test,ESOTROPIA,esotropia,True,UNKNOWN,esotropia:esotropia_128,legacy_or_unknown_hirschberg_crop,user_attested_doctor_confirmed_folder_label,User states labels were previously confirmed by doctors at an organization; no separate clinician manifest was present in the folder.,UNKNOWN,UNKNOWN_CROPPED_224,UNKNOWN,UNKNOWN,UNKNOWN,UNKNOWN,UNKNOWN,81f7dabdb7fb4a16e3455d9a2919cef6742e6614dcb624a0834f8a27132e0e48,224,224,JPEG,RGB,exploratory_only_until_participant_id_and_protocol_are_confirmed
hirschberg-folder-labels-v0.1,train/ESOTROPIA/esotropia_129.jpg,data_hirschberg\eye-classification\train\ESOTROPIA\esotropia_129.jpg,train,train,ESOTROPIA,esotropia,True,UNKNOWN,esotropia:esotropia_129,legacy_or_unknown_hirschberg_crop,user_attested_doctor_confirmed_folder_label,User states labels were previously confirmed by doctors at an organization; no separate clinician manifest was present in the folder.,UNKNOWN,UNKNOWN_CROPPED_224,UNKNOWN,UNKNOWN,UNKNOWN,UNKNOWN,UNKNOWN,3b439331a2164c9822cc73fc3c93a48f8644a018af08925761e4fb63856954e6,224,224,JPEG,RGB,exploratory_only_until_participant_id_and_protocol_are_confirmed
hirschberg-folder-labels-v0.1,train/ESOTROPIA/esotropia_130.jpg,data_hirschberg\eye-classification\train\ESOTROPIA\esotropia_130.jpg,train,val,ESOTROPIA,esotropia,True,UNKNOWN,esotropia:esotropia_130,legacy_or_unknown_hirschberg_crop,user_attested_doctor_confirmed_folder_label,User states labels were previously confirmed by doctors at an organization; no separate clinician manifest was present in the folder.,UNKNOWN,UNKNOWN_CROPPED_224,UNKNOWN,UNKNOWN,UNKNOWN,UNKNOWN,UNKNOWN,4bfcb351b8221cc4b3df0941e102faeb8cc4f18abff9521eb77760238136f00f,224,224,JPEG,RGB,exploratory_only_until_participant_id_and_protocol_are_confirmed
hirschberg-folder-labels-v0.1,train/ESOTROPIA/esotropia_131.jpg,data_hirschberg\eye-classification\train\ESOTROPIA\esotropia_131.jpg,train,train,ESOTROPIA,esotropia,True,UNKNOWN,esotropia:esotropia_131,legacy_or_unknown_hirschberg_crop,user_attested_doctor_confirmed_folder_label,User states labels were previously confirmed by doctors at an organization; no separate clinician manifest was present in the folder.,UNKNOWN,UNKNOWN_CROPPED_224,UNKNOWN,UNKNOWN,UNKNOWN,UNKNOWN,UNKNOWN,b89902cfd561f12536234077bc749ff877d78f95c0fb14c4b1a1f44c63e6553b,224,224,JPEG,RGB,exploratory_only_until_participant_id_and_protocol_are_confirmed
hirschberg-folder-labels-v0.1,train/ESOTROPIA/esotropia_132.jpg,data_hirschberg\eye-classification\train\ESOTROPIA\esotropia_132.jpg,train,train,ESOTROPIA,esotropia,True,UNKNOWN,esotropia:esotropia_132,legacy_or_unknown_hirschberg_crop,user_attested_doctor_confirmed_folder_label,User states labels were previously confirmed by doctors at an organization; no separate clinician manifest was present in the folder.,UNKNOWN,UNKNOWN_CROPPED_224,UNKNOWN,UNKNOWN,UNKNOWN,UNKNOWN,UNKNOWN,2fb20d2b4b3f319356e3a451c2d0a4bfe96277b891ab93ca3c107443427c4fb3,224,224,JPEG,RGB,exploratory_only_until_participant_id_and_protocol_are_confirmed
hirschberg-folder-labels-v0.1,train/ESOTROPIA/esotropia_133.jpg,data_hirschberg\eye-classification\train\ESOTROPIA\esotropia_133.jpg,train,train,ESOTROPIA,esotropia,True,UNKNOWN,esotropia:esotropia_133,legacy_or_unknown_hirschberg_crop,user_attested_doctor_confirmed_folder_label,User states labels were previously confirmed by doctors at an organization; no separate clinician manifest was present in the folder.,UNKNOWN,UNKNOWN_CROPPED_224,UNKNOWN,UNKNOWN,UNKNOWN,UNKNOWN,UNKNOWN,4a85ff031b9e4302f285c4f6b0853cabbc50cbab7ebaaf13c661c2ac90176aad,224,224,JPEG,RGB,exploratory_only_until_participant_id_and_protocol_are_confirmed
hirschberg-folder-labels-v0.1,train/ESOTROPIA/esotropia_134.jpg,data_hirschberg\eye-classification\train\ESOTROPIA\esotropia_134.jpg,train,val,ESOTROPIA,esotropia,True,UNKNOWN,esotropia:esotropia_134,legacy_or_unknown_hirschberg_crop,user_attested_doctor_confirmed_folder_label,User states labels were previously confirmed by doctors at an organization; no separate clinician manifest was present in the folder.,UNKNOWN,UNKNOWN_CROPPED_224,UNKNOWN,UNKNOWN,UNKNOWN,UNKNOWN,UNKNOWN,b106c760cb33b46c49f72f327626acd83a4c74bd99e927a45ec32849373f52ec,224,224,JPEG,RGB,exploratory_only_until_participant_id_and_protocol_are_confirmed
hirschberg-folder-labels-v0.1,train/ESOTROPIA/esotropia_135.jpg,data_hirschberg\eye-classification\train\ESOTROPIA\esotropia_135.jpg,train,test,ESOTROPIA,esotropia,True,UNKNOWN,esotropia:esotropia_135,legacy_or_unknown_hirschberg_crop,user_attested_doctor_confirmed_folder_label,User states labels were previously confirmed by doctors at an organization; no separate clinician manifest was present in the folder.,UNKNOWN,UNKNOWN_CROPPED_224,UNKNOWN,UNKNOWN,UNKNOWN,UNKNOWN,UNKNOWN,fea0cd99be7fbd8939ba593a2a47c52250c48b8f8502fe20ffaa929d9914c527,224,224,JPEG,RGB,exploratory_only_until_participant_id_and_protocol_are_confirmed
hirschberg-folder-labels-v0.1,train/ESOTROPIA/esotropia_136.jpg,data_hirschberg\eye-classification\train\ESOTROPIA\esotropia_136.jpg,train,train,ESOTROPIA,esotropia,True,UNKNOWN,esotropia:esotropia_136,legacy_or_unknown_hirschberg_crop,user_attested_doctor_confirmed_folder_label,User states labels were previously confirmed by doctors at an organization; no separate clinician manifest was present in the folder.,UNKNOWN,UNKNOWN_CROPPED_224,UNKNOWN,UNKNOWN,UNKNOWN,UNKNOWN,UNKNOWN,6e1497e868e9ca7bb1f668a3b4c2c4171dacc666d00c5b6f5aeb366aec522495,224,224,JPEG,RGB,exploratory_only_until_participant_id_and_protocol_are_confirmed
hirschberg-folder-labels-v0.1,train/ESOTROPIA/esotropia_137.jpg,data_hirschberg\eye-classification\train\ESOTROPIA\esotropia_137.jpg,train,train,ESOTROPIA,esotropia,True,UNKNOWN,esotropia:esotropia_137,legacy_or_unknown_hirschberg_crop,user_attested_doctor_confirmed_folder_label,User states labels were previously confirmed by doctors at an organization; no separate clinician manifest was present in the folder.,UNKNOWN,UNKNOWN_CROPPED_224,UNKNOWN,UNKNOWN,UNKNOWN,UNKNOWN,UNKNOWN,f84cb4eb260969d592df43cf22ebe3e485bbbf77afe122223d9890395c10ecef,224,224,JPEG,RGB,exploratory_only_until_participant_id_and_protocol_are_confirmed
hirschberg-folder-labels-v0.1,train/ESOTROPIA/esotropia_138.jpg,data_hirschberg\eye-classification\train\ESOTROPIA\esotropia_138.jpg,train,val,ESOTROPIA,esotropia,True,UNKNOWN,esotropia:esotropia_138,legacy_or_unknown_hirschberg_crop,user_attested_doctor_confirmed_folder_label,User states labels were previously confirmed by doctors at an organization; no separate clinician manifest was present in the folder.,UNKNOWN,UNKNOWN_CROPPED_224,UNKNOWN,UNKNOWN,UNKNOWN,UNKNOWN,UNKNOWN,0eec0dfec630155713d148f884030c5bb9b6bdad654400013a40e07821514cf6,224,224,JPEG,RGB,exploratory_only_until_participant_id_and_protocol_are_confirmed
hirschberg-folder-labels-v0.1,train/ESOTROPIA/esotropia_139.jpg,data_hirschberg\eye-classification\train\ESOTROPIA\esotropia_139.jpg,train,val,ESOTROPIA,esotropia,True,UNKNOWN,esotropia:esotropia_139,legacy_or_unknown_hirschberg_crop,user_attested_doctor_confirmed_folder_label,User states labels were previously confirmed by doctors at an organization; no separate clinician manifest was present in the folder.,UNKNOWN,UNKNOWN_CROPPED_224,UNKNOWN,UNKNOWN,UNKNOWN,UNKNOWN,UNKNOWN,41adb6425288a07226ecef8f5225f6fe01c0d0e672d0937618ede82f608c6910,224,224,JPEG,RGB,exploratory_only_until_participant_id_and_protocol_are_confirmed
hirschberg-folder-labels-v0.1,train/ESOTROPIA/esotropia_140.jpg,data_hirschberg\eye-classification\train\ESOTROPIA\esotropia_140.jpg,train,val,ESOTROPIA,esotropia,True,UNKNOWN,esotropia:esotropia_140,legacy_or_unknown_hirschberg_crop,user_attested_doctor_confirmed_folder_label,User states labels were previously confirmed by doctors at an organization; no separate clinician manifest was present in the folder.,UNKNOWN,UNKNOWN_CROPPED_224,UNKNOWN,UNKNOWN,UNKNOWN,UNKNOWN,UNKNOWN,05d04eb84b2da0bd9882ab376849927e041d778e3412d69b7f2cefa3f9aa0c9b,224,224,JPEG,RGB,exploratory_only_until_participant_id_and_protocol_are_confirmed
hirschberg-folder-labels-v0.1,train/ESOTROPIA/esotropia_141.jpg,data_hirschberg\eye-classification\train\ESOTROPIA\esotropia_141.jpg,train,train,ESOTROPIA,esotropia,True,UNKNOWN,esotropia:esotropia_141,legacy_or_unknown_hirschberg_crop,user_attested_doctor_confirmed_folder_label,User states labels were previously confirmed by doctors at an organization; no separate clinician manifest was present in the folder.,UNKNOWN,UNKNOWN_CROPPED_224,UNKNOWN,UNKNOWN,UNKNOWN,UNKNOWN,UNKNOWN,4429ae33f9ffc50709d3b63b72cc600339160511d704db870e4965145bdbfd78,224,224,JPEG,RGB,exploratory_only_until_participant_id_and_protocol_are_confirmed
hirschberg-folder-labels-v0.1,train/ESOTROPIA/esotropia_142.jpg,data_hirschberg\eye-classification\train\ESOTROPIA\esotropia_142.jpg,train,train,ESOTROPIA,esotropia,True,UNKNOWN,esotropia:esotropia_142,legacy_or_unknown_hirschberg_crop,user_attested_doctor_confirmed_folder_label,User states labels were previously confirmed by doctors at an organization; no separate clinician manifest was present in the folder.,UNKNOWN,UNKNOWN_CROPPED_224,UNKNOWN,UNKNOWN,UNKNOWN,UNKNOWN,UNKNOWN,6c90acc77fae42d35191a07c3c9a5b84b2c4aadfeb7cbb7e3d1ac584e88cd698,224,224,JPEG,RGB,exploratory_only_until_participant_id_and_protocol_are_confirmed
hirschberg-folder-labels-v0.1,train/ESOTROPIA/esotropia_143.jpg,data_hirschberg\eye-classification\train\ESOTROPIA\esotropia_143.jpg,train,train,ESOTROPIA,esotropia,True,UNKNOWN,esotropia:esotropia_143,legacy_or_unknown_hirschberg_crop,user_attested_doctor_confirmed_folder_label,User states labels were previously confirmed by doctors at an organization; no separate clinician manifest was present in the folder.,UNKNOWN,UNKNOWN_CROPPED_224,UNKNOWN,UNKNOWN,UNKNOWN,UNKNOWN,UNKNOWN,9e4859d10bb575d22e94b220dff0db9776c4631e4da71ce5d3303ec298a9490c,224,224,JPEG,RGB,exploratory_only_until_participant_id_and_protocol_are_confirmed
hirschberg-folder-labels-v0.1,train/ESOTROPIA/esotropia_144.jpg,data_hirschberg\eye-classification\train\ESOTROPIA\esotropia_144.jpg,train,train,ESOTROPIA,esotropia,True,UNKNOWN,esotropia:esotropia_144,legacy_or_unknown_hirschberg_crop,user_attested_doctor_confirmed_folder_label,User states labels were previously confirmed by doctors at an organization; no separate clinician manifest was present in the folder.,UNKNOWN,UNKNOWN_CROPPED_224,UNKNOWN,UNKNOWN,UNKNOWN,UNKNOWN,UNKNOWN,8401975f14dbc6c76c900161b5196fa0122cd7133b930160b7a87f26aa8d523f,224,224,JPEG,RGB,exploratory_only_until_participant_id_and_protocol_are_confirmed
hirschberg-folder-labels-v0.1,train/ESOTROPIA/esotropia_145.jpg,data_hirschberg\eye-classification\train\ESOTROPIA\esotropia_145.jpg,train,train,ESOTROPIA,esotropia,True,UNKNOWN,esotropia:esotropia_145,legacy_or_unknown_hirschberg_crop,user_attested_doctor_confirmed_folder_label,User states labels were previously confirmed by doctors at an organization; no separate clinician manifest was present in the folder.,UNKNOWN,UNKNOWN_CROPPED_224,UNKNOWN,UNKNOWN,UNKNOWN,UNKNOWN,UNKNOWN,a8e347f0f1aad66d63eaa5e8f87dba15d098789075157a5b2120c56fd3a0e6d0,224,224,JPEG,RGB,exploratory_only_until_participant_id_and_protocol_are_confirmed
hirschberg-folder-labels-v0.1,train/ESOTROPIA/esotropia_146.jpg,data_hirschberg\eye-classification\train\ESOTROPIA\esotropia_146.jpg,train,train,ESOTROPIA,esotropia,True,UNKNOWN,esotropia:esotropia_146,legacy_or_unknown_hirschberg_crop,user_attested_doctor_confirmed_folder_label,User states labels were previously confirmed by doctors at an organization; no separate clinician manifest was present in the folder.,UNKNOWN,UNKNOWN_CROPPED_224,UNKNOWN,UNKNOWN,UNKNOWN,UNKNOWN,UNKNOWN,f3ed07ef9bdd596259a5db654ce3100a82bebc25c56ffe8a7cc816d0e98fff0d,224,224,JPEG,RGB,exploratory_only_until_participant_id_and_protocol_are_confirmed
hirschberg-folder-labels-v0.1,train/ESOTROPIA/esotropia_147.jpg,data_hirschberg\eye-classification\train\ESOTROPIA\esotropia_147.jpg,train,train,ESOTROPIA,esotropia,True,UNKNOWN,esotropia:esotropia_147,legacy_or_unknown_hirschberg_crop,user_attested_doctor_confirmed_folder_label,User states labels were previously confirmed by doctors at an organization; no separate clinician manifest was present in the folder.,UNKNOWN,UNKNOWN_CROPPED_224,UNKNOWN,UNKNOWN,UNKNOWN,UNKNOWN,UNKNOWN,d16973a4b1824a51df279225713cfe9319e26bd7062ead68981c49c9ca98085b,224,224,JPEG,RGB,exploratory_only_until_participant_id_and_protocol_are_confirmed
hirschberg-folder-labels-v0.1,train/ESOTROPIA/esotropia_148.jpg,data_hirschberg\eye-classification\train\ESOTROPIA\esotropia_148.jpg,train,train,ESOTROPIA,esotropia,True,UNKNOWN,esotropia:esotropia_148,legacy_or_unknown_hirschberg_crop,user_attested_doctor_confirmed_folder_label,User states labels were previously confirmed by doctors at an organization; no separate clinician manifest was present in the folder.,UNKNOWN,UNKNOWN_CROPPED_224,UNKNOWN,UNKNOWN,UNKNOWN,UNKNOWN,UNKNOWN,57dcdb33069830050f223f3569051c5ac2277381c40ee4d86bb87a05899389d6,224,224,JPEG,RGB,exploratory_only_until_participant_id_and_protocol_are_confirmed
hirschberg-folder-labels-v0.1,train/ESOTROPIA/esotropia_149.jpg,data_hirschberg\eye-classification\train\ESOTROPIA\esotropia_149.jpg,train,train,ESOTROPIA,esotropia,True,UNKNOWN,esotropia:esotropia_149,legacy_or_unknown_hirschberg_crop,user_attested_doctor_confirmed_folder_label,User states labels were previously confirmed by doctors at an organization; no separate clinician manifest was present in the folder.,UNKNOWN,UNKNOWN_CROPPED_224,UNKNOWN,UNKNOWN,UNKNOWN,UNKNOWN,UNKNOWN,2b00910fe7c0f6fd7a4e2e815b8604d3530361e6199c96931cca35169828b5ca,224,224,JPEG,RGB,exploratory_only_until_participant_id_and_protocol_are_confirmed
hirschberg-folder-labels-v0.1,train/ESOTROPIA/esotropia_150.jpg,data_hirschberg\eye-classification\train\ESOTROPIA\esotropia_150.jpg,train,train,ESOTROPIA,esotropia,True,UNKNOWN,esotropia:esotropia_150,legacy_or_unknown_hirschberg_crop,user_attested_doctor_confirmed_folder_label,User states labels were previously confirmed by doctors at an organization; no separate clinician manifest was present in the folder.,UNKNOWN,UNKNOWN_CROPPED_224,UNKNOWN,UNKNOWN,UNKNOWN,UNKNOWN,UNKNOWN,5ca4c696e001e94ee2120b3dc2fe69fa4759e04c5ea8b3d7c60b7cac4130067f,224,224,JPEG,RGB,exploratory_only_until_participant_id_and_protocol_are_confirmed
hirschberg-folder-labels-v0.1,train/ESOTROPIA/esotropia_151.jpg,data_hirschberg\eye-classification\train\ESOTROPIA\esotropia_151.jpg,train,train,ESOTROPIA,esotropia,True,UNKNOWN,esotropia:esotropia_151,legacy_or_unknown_hirschberg_crop,user_attested_doctor_confirmed_folder_label,User states labels were previously confirmed by doctors at an organization; no separate clinician manifest was present in the folder.,UNKNOWN,UNKNOWN_CROPPED_224,UNKNOWN,UNKNOWN,UNKNOWN,UNKNOWN,UNKNOWN,69e5b134a729943ce6c01393244046b552f8957f00fe250fd372c4cf167967b3,224,224,JPEG,RGB,exploratory_only_until_participant_id_and_protocol_are_confirmed
hirschberg-folder-labels-v0.1,train/ESOTROPIA/esotropia_152.jpg,data_hirschberg\eye-classification\train\ESOTROPIA\esotropia_152.jpg,train,val,ESOTROPIA,esotropia,True,UNKNOWN,esotropia:esotropia_152,legacy_or_unknown_hirschberg_crop,user_attested_doctor_confirmed_folder_label,User states labels were previously confirmed by doctors at an organization; no separate clinician manifest was present in the folder.,UNKNOWN,UNKNOWN_CROPPED_224,UNKNOWN,UNKNOWN,UNKNOWN,UNKNOWN,UNKNOWN,891d456a52cd7b3e3f358021ae53f9998a798703fcb1aea396ce17ba4163b887,224,224,JPEG,RGB,exploratory_only_until_participant_id_and_protocol_are_confirmed
hirschberg-folder-labels-v0.1,train/ESOTROPIA/esotropia_153.jpg,data_hirschberg\eye-classification\train\ESOTROPIA\esotropia_153.jpg,train,train,ESOTROPIA,esotropia,True,UNKNOWN,esotropia:esotropia_153,legacy_or_unknown_hirschberg_crop,user_attested_doctor_confirmed_folder_label,User states labels were previously confirmed by doctors at an organization; no separate clinician manifest was present in the folder.,UNKNOWN,UNKNOWN_CROPPED_224,UNKNOWN,UNKNOWN,UNKNOWN,UNKNOWN,UNKNOWN,c696070a5becbf44c9264b18a4cd27a7f71e5b04218dc84ae735fec7718b7817,224,224,JPEG,RGB,exploratory_only_until_participant_id_and_protocol_are_confirmed
hirschberg-folder-labels-v0.1,train/ESOTROPIA/esotropia_154.jpg,data_hirschberg\eye-classification\train\ESOTROPIA\esotropia_154.jpg,train,train,ESOTROPIA,esotropia,True,UNKNOWN,esotropia:esotropia_154,legacy_or_unknown_hirschberg_crop,user_attested_doctor_confirmed_folder_label,User states labels were previously confirmed by doctors at an organization; no separate clinician manifest was present in the folder.,UNKNOWN,UNKNOWN_CROPPED_224,UNKNOWN,UNKNOWN,UNKNOWN,UNKNOWN,UNKNOWN,46a106c164c009b2905d298f5bcc9cd8b8e12063f7d56b21426b5ad2a27c4e60,224,224,JPEG,RGB,exploratory_only_until_participant_id_and_protocol_are_confirmed
hirschberg-folder-labels-v0.1,train/ESOTROPIA/esotropia_155.jpg,data_hirschberg\eye-classification\train\ESOTROPIA\esotropia_155.jpg,train,train,ESOTROPIA,esotropia,True,UNKNOWN,esotropia:esotropia_155,legacy_or_unknown_hirschberg_crop,user_attested_doctor_confirmed_folder_label,User states labels were previously confirmed by doctors at an organization; no separate clinician manifest was present in the folder.,UNKNOWN,UNKNOWN_CROPPED_224,UNKNOWN,UNKNOWN,UNKNOWN,UNKNOWN,UNKNOWN,f9056f9d9112c29dbedb1de822e73021a2f9da7a2449a57b37533ae1e4c7f6cb,224,224,JPEG,RGB,exploratory_only_until_participant_id_and_protocol_are_confirmed
hirschberg-folder-labels-v0.1,train/ESOTROPIA/esotropia_156.jpg,data_hirschberg\eye-classification\train\ESOTROPIA\esotropia_156.jpg,train,test,ESOTROPIA,esotropia,True,UNKNOWN,esotropia:esotropia_156,legacy_or_unknown_hirschberg_crop,user_attested_doctor_confirmed_folder_label,User states labels were previously confirmed by doctors at an organization; no separate clinician manifest was present in the folder.,UNKNOWN,UNKNOWN_CROPPED_224,UNKNOWN,UNKNOWN,UNKNOWN,UNKNOWN,UNKNOWN,e42e565a607398636abe85d8b2296d76d2b097a71419d7f7297f17178eccab72,224,224,JPEG,RGB,exploratory_only_until_participant_id_and_protocol_are_confirmed
hirschberg-folder-labels-v0.1,train/ESOTROPIA/esotropia_157.jpg,data_hirschberg\eye-classification\train\ESOTROPIA\esotropia_157.jpg,train,test,ESOTROPIA,esotropia,True,UNKNOWN,esotropia:esotropia_157,legacy_or_unknown_hirschberg_crop,user_attested_doctor_confirmed_folder_label,User states labels were previously confirmed by doctors at an organization; no separate clinician manifest was present in the folder.,UNKNOWN,UNKNOWN_CROPPED_224,UNKNOWN,UNKNOWN,UNKNOWN,UNKNOWN,UNKNOWN,ff2c7bd550806d184532d7b1343512c96b32f6c03eeceeeace68166f4dfafe37,224,224,JPEG,RGB,exploratory_only_until_participant_id_and_protocol_are_confirmed
hirschberg-folder-labels-v0.1,train/ESOTROPIA/esotropia_158.jpg,data_hirschberg\eye-classification\train\ESOTROPIA\esotropia_158.jpg,train,train,ESOTROPIA,esotropia,True,UNKNOWN,esotropia:esotropia_158,legacy_or_unknown_hirschberg_crop,user_attested_doctor_confirmed_folder_label,User states labels were previously confirmed by doctors at an organization; no separate clinician manifest was present in the folder.,UNKNOWN,UNKNOWN_CROPPED_224,UNKNOWN,UNKNOWN,UNKNOWN,UNKNOWN,UNKNOWN,28ac181b5253a23a1ff471c7b6291827b98192c822016d505defce54ee0c869e,224,224,JPEG,RGB,exploratory_only_until_participant_id_and_protocol_are_confirmed
hirschberg-folder-labels-v0.1,train/ESOTROPIA/esotropia_159.jpg,data_hirschberg\eye-classification\train\ESOTROPIA\esotropia_159.jpg,train,train,ESOTROPIA,esotropia,True,UNKNOWN,esotropia:esotropia_159,legacy_or_unknown_hirschberg_crop,user_attested_doctor_confirmed_folder_label,User states labels were previously confirmed by doctors at an organization; no separate clinician manifest was present in the folder.,UNKNOWN,UNKNOWN_CROPPED_224,UNKNOWN,UNKNOWN,UNKNOWN,UNKNOWN,UNKNOWN,e01eeaf390df01f7ab57e0e887dd6d3e1e0c5c73f3e252811db99700433e5057,224,224,JPEG,RGB,exploratory_only_until_participant_id_and_protocol_are_confirmed
hirschberg-folder-labels-v0.1,train/ESOTROPIA/esotropia_160.jpg,data_hirschberg\eye-classification\train\ESOTROPIA\esotropia_160.jpg,train,train,ESOTROPIA,esotropia,True,UNKNOWN,esotropia:esotropia_160,legacy_or_unknown_hirschberg_crop,user_attested_doctor_confirmed_folder_label,User states labels were previously confirmed by doctors at an organization; no separate clinician manifest was present in the folder.,UNKNOWN,UNKNOWN_CROPPED_224,UNKNOWN,UNKNOWN,UNKNOWN,UNKNOWN,UNKNOWN,50a932bc464038f511ff0eca4b70a2b85eb350bec0eb6aec59964a175290a570,224,224,JPEG,RGB,exploratory_only_until_participant_id_and_protocol_are_confirmed
hirschberg-folder-labels-v0.1,train/ESOTROPIA/esotropia_161.jpg,data_hirschberg\eye-classification\train\ESOTROPIA\esotropia_161.jpg,train,train,ESOTROPIA,esotropia,True,UNKNOWN,esotropia:esotropia_161,legacy_or_unknown_hirschberg_crop,user_attested_doctor_confirmed_folder_label,User states labels were previously confirmed by doctors at an organization; no separate clinician manifest was present in the folder.,UNKNOWN,UNKNOWN_CROPPED_224,UNKNOWN,UNKNOWN,UNKNOWN,UNKNOWN,UNKNOWN,01aae01538b3ede30f123fb0acb5cbf51bf660c2353cbfe53158c3bb51fa31fc,224,224,JPEG,RGB,exploratory_only_until_participant_id_and_protocol_are_confirmed
hirschberg-folder-labels-v0.1,train/ESOTROPIA/esotropia_162.jpg,data_hirschberg\eye-classification\train\ESOTROPIA\esotropia_162.jpg,train,test,ESOTROPIA,esotropia,True,UNKNOWN,esotropia:esotropia_162,legacy_or_unknown_hirschberg_crop,user_attested_doctor_confirmed_folder_label,User states labels were previously confirmed by doctors at an organization; no separate clinician manifest was present in the folder.,UNKNOWN,UNKNOWN_CROPPED_224,UNKNOWN,UNKNOWN,UNKNOWN,UNKNOWN,UNKNOWN,cbb07cb3901ba03e014473a69f524f932df6024f2f24ceb1bc1ce4d05216fdf9,224,224,JPEG,RGB,exploratory_only_until_participant_id_and_protocol_are_confirmed
hirschberg-folder-labels-v0.1,train/ESOTROPIA/esotropia_163.jpg,data_hirschberg\eye-classification\train\ESOTROPIA\esotropia_163.jpg,train,train,ESOTROPIA,esotropia,True,UNKNOWN,esotropia:esotropia_163,legacy_or_unknown_hirschberg_crop,user_attested_doctor_confirmed_folder_label,User states labels were previously confirmed by doctors at an organization; no separate clinician manifest was present in the folder.,UNKNOWN,UNKNOWN_CROPPED_224,UNKNOWN,UNKNOWN,UNKNOWN,UNKNOWN,UNKNOWN,9c3845549aae89c00dbcb78c31d232a484b20a756026257a4868be525feb0ee6,224,224,JPEG,RGB,exploratory_only_until_participant_id_and_protocol_are_confirmed
hirschberg-folder-labels-v0.1,train/ESOTROPIA/esotropia_164.jpg,data_hirschberg\eye-classification\train\ESOTROPIA\esotropia_164.jpg,train,test,ESOTROPIA,esotropia,True,UNKNOWN,esotropia:esotropia_164,legacy_or_unknown_hirschberg_crop,user_attested_doctor_confirmed_folder_label,User states labels were previously confirmed by doctors at an organization; no separate clinician manifest was present in the folder.,UNKNOWN,UNKNOWN_CROPPED_224,UNKNOWN,UNKNOWN,UNKNOWN,UNKNOWN,UNKNOWN,bb129bbb894cc09938d63f3f42ec2e52c6b86501c60647e86d44b3df754a4fb3,224,224,JPEG,RGB,exploratory_only_until_participant_id_and_protocol_are_confirmed
hirschberg-folder-labels-v0.1,train/ESOTROPIA/esotropia_165.jpg,data_hirschberg\eye-classification\train\ESOTROPIA\esotropia_165.jpg,train,train,ESOTROPIA,esotropia,True,UNKNOWN,esotropia:esotropia_165,legacy_or_unknown_hirschberg_crop,user_attested_doctor_confirmed_folder_label,User states labels were previously confirmed by doctors at an organization; no separate clinician manifest was present in the folder.,UNKNOWN,UNKNOWN_CROPPED_224,UNKNOWN,UNKNOWN,UNKNOWN,UNKNOWN,UNKNOWN,ba3ea1d976ba89556e63f6aee43839c9171efc4a5ed105211c399eeaa17c573c,224,224,JPEG,RGB,exploratory_only_until_participant_id_and_protocol_are_confirmed
hirschberg-folder-labels-v0.1,train/ESOTROPIA/esotropia_166.jpg,data_hirschberg\eye-classification\train\ESOTROPIA\esotropia_166.jpg,train,train,ESOTROPIA,esotropia,True,UNKNOWN,esotropia:esotropia_166,legacy_or_unknown_hirschberg_crop,user_attested_doctor_confirmed_folder_label,User states labels were previously confirmed by doctors at an organization; no separate clinician manifest was present in the folder.,UNKNOWN,UNKNOWN_CROPPED_224,UNKNOWN,UNKNOWN,UNKNOWN,UNKNOWN,UNKNOWN,b29889e81dae1c8dbbc24f7b2c7fd0837883a22af8a5d8418b89e4bd74b8ff17,224,224,JPEG,RGB,exploratory_only_until_participant_id_and_protocol_are_confirmed
hirschberg-folder-labels-v0.1,train/ESOTROPIA/esotropia_167.jpg,data_hirschberg\eye-classification\train\ESOTROPIA\esotropia_167.jpg,train,train,ESOTROPIA,esotropia,True,UNKNOWN,esotropia:esotropia_167,legacy_or_unknown_hirschberg_crop,user_attested_doctor_confirmed_folder_label,User states labels were previously confirmed by doctors at an organization; no separate clinician manifest was present in the folder.,UNKNOWN,UNKNOWN_CROPPED_224,UNKNOWN,UNKNOWN,UNKNOWN,UNKNOWN,UNKNOWN,51c81dffddcd26757bc11f3113f346fbeaa4daa61072d5b5dcb2136082da8d1d,224,224,JPEG,RGB,exploratory_only_until_participant_id_and_protocol_are_confirmed
hirschberg-folder-labels-v0.1,train/ESOTROPIA/esotropia_168.jpg,data_hirschberg\eye-classification\train\ESOTROPIA\esotropia_168.jpg,train,train,ESOTROPIA,esotropia,True,UNKNOWN,esotropia:esotropia_168,legacy_or_unknown_hirschberg_crop,user_attested_doctor_confirmed_folder_label,User states labels were previously confirmed by doctors at an organization; no separate clinician manifest was present in the folder.,UNKNOWN,UNKNOWN_CROPPED_224,UNKNOWN,UNKNOWN,UNKNOWN,UNKNOWN,UNKNOWN,e698c927536bedfbbce15c6446ddf473dce25251dd46c70a86a25a866e9063ba,224,224,JPEG,RGB,exploratory_only_until_participant_id_and_protocol_are_confirmed
hirschberg-folder-labels-v0.1,train/ESOTROPIA/esotropia_169.jpg,data_hirschberg\eye-classification\train\ESOTROPIA\esotropia_169.jpg,train,train,ESOTROPIA,esotropia,True,UNKNOWN,esotropia:esotropia_169,legacy_or_unknown_hirschberg_crop,user_attested_doctor_confirmed_folder_label,User states labels were previously confirmed by doctors at an organization; no separate clinician manifest was present in the folder.,UNKNOWN,UNKNOWN_CROPPED_224,UNKNOWN,UNKNOWN,UNKNOWN,UNKNOWN,UNKNOWN,684e13bd26b44cadc2392aea405a043af49aab60013ba750f03670c27d239f25,224,224,JPEG,RGB,exploratory_only_until_participant_id_and_protocol_are_confirmed
hirschberg-folder-labels-v0.1,train/ESOTROPIA/esotropia_170.jpg,data_hirschberg\eye-classification\train\ESOTROPIA\esotropia_170.jpg,train,test,ESOTROPIA,esotropia,True,UNKNOWN,esotropia:esotropia_170,legacy_or_unknown_hirschberg_crop,user_attested_doctor_confirmed_folder_label,User states labels were previously confirmed by doctors at an organization; no separate clinician manifest was present in the folder.,UNKNOWN,UNKNOWN_CROPPED_224,UNKNOWN,UNKNOWN,UNKNOWN,UNKNOWN,UNKNOWN,3f0fb33b9f4d1a4cde17450e37e9eca3eb6bbef57d3b71ca115f6c4c762321a0,224,224,JPEG,RGB,exploratory_only_until_participant_id_and_protocol_are_confirmed
hirschberg-folder-labels-v0.1,train/ESOTROPIA/esotropia_171.jpg,data_hirschberg\eye-classification\train\ESOTROPIA\esotropia_171.jpg,train,train,ESOTROPIA,esotropia,True,UNKNOWN,esotropia:esotropia_171,legacy_or_unknown_hirschberg_crop,user_attested_doctor_confirmed_folder_label,User states labels were previously confirmed by doctors at an organization; no separate clinician manifest was present in the folder.,UNKNOWN,UNKNOWN_CROPPED_224,UNKNOWN,UNKNOWN,UNKNOWN,UNKNOWN,UNKNOWN,6176771ecbb1bedee59019bf546691bdf956bc07a561c68ef464ce5f3d7afa44,224,224,JPEG,RGB,exploratory_only_until_participant_id_and_protocol_are_confirmed
hirschberg-folder-labels-v0.1,train/ESOTROPIA/esotropia_172.jpg,data_hirschberg\eye-classification\train\ESOTROPIA\esotropia_172.jpg,train,test,ESOTROPIA,esotropia,True,UNKNOWN,esotropia:esotropia_172,legacy_or_unknown_hirschberg_crop,user_attested_doctor_confirmed_folder_label,User states labels were previously confirmed by doctors at an organization; no separate clinician manifest was present in the folder.,UNKNOWN,UNKNOWN_CROPPED_224,UNKNOWN,UNKNOWN,UNKNOWN,UNKNOWN,UNKNOWN,78e21bdaafc271b27d929469a95ba119bcee66c4d57ee048ed2057ffabf373f1,224,224,JPEG,RGB,exploratory_only_until_participant_id_and_protocol_are_confirmed
hirschberg-folder-labels-v0.1,train/ESOTROPIA/esotropia_173.jpg,data_hirschberg\eye-classification\train\ESOTROPIA\esotropia_173.jpg,train,val,ESOTROPIA,esotropia,True,UNKNOWN,esotropia:esotropia_173,legacy_or_unknown_hirschberg_crop,user_attested_doctor_confirmed_folder_label,User states labels were previously confirmed by doctors at an organization; no separate clinician manifest was present in the folder.,UNKNOWN,UNKNOWN_CROPPED_224,UNKNOWN,UNKNOWN,UNKNOWN,UNKNOWN,UNKNOWN,0fa50311ac183eb71efe894a080812c166f45810333b6819d0c5038a3e0e86b7,224,224,JPEG,RGB,exploratory_only_until_participant_id_and_protocol_are_confirmed
hirschberg-folder-labels-v0.1,train/EXOTROPIA/exotropia_001.jpg,data_hirschberg\eye-classification\train\EXOTROPIA\exotropia_001.jpg,train,val,EXOTROPIA,exotropia,True,UNKNOWN,exotropia:exotropia_001,legacy_or_unknown_hirschberg_crop,user_attested_doctor_confirmed_folder_label,User states labels were previously confirmed by doctors at an organization; no separate clinician manifest was present in the folder.,UNKNOWN,UNKNOWN_CROPPED_224,UNKNOWN,UNKNOWN,UNKNOWN,UNKNOWN,UNKNOWN,8eec529fb4091ad092b8e17a6ec3bc19bf13dfc11b6dbca3a1716d545f350b89,224,224,JPEG,RGB,exploratory_only_until_participant_id_and_protocol_are_confirmed
hirschberg-folder-labels-v0.1,train/EXOTROPIA/exotropia_002.jpg,data_hirschberg\eye-classification\train\EXOTROPIA\exotropia_002.jpg,train,val,EXOTROPIA,exotropia,True,UNKNOWN,exotropia:exotropia_002,legacy_or_unknown_hirschberg_crop,user_attested_doctor_confirmed_folder_label,User states labels were previously confirmed by doctors at an organization; no separate clinician manifest was present in the folder.,UNKNOWN,UNKNOWN_CROPPED_224,UNKNOWN,UNKNOWN,UNKNOWN,UNKNOWN,UNKNOWN,53e119ec53a2c82b45ef7232b51981653bc0c7e3ddb3e69a2df5415160bf727e,224,224,JPEG,RGB,exploratory_only_until_participant_id_and_protocol_are_confirmed
hirschberg-folder-labels-v0.1,train/EXOTROPIA/exotropia_003.jpg,data_hirschberg\eye-classification\train\EXOTROPIA\exotropia_003.jpg,train,test,EXOTROPIA,exotropia,True,UNKNOWN,exotropia:exotropia_003,legacy_or_unknown_hirschberg_crop,user_attested_doctor_confirmed_folder_label,User states labels were previously confirmed by doctors at an organization; no separate clinician manifest was present in the folder.,UNKNOWN,UNKNOWN_CROPPED_224,UNKNOWN,UNKNOWN,UNKNOWN,UNKNOWN,UNKNOWN,b9de368b89bad49b9dd041f65d4556f005b701b7a30601d1ae49a9718af4b8aa,224,224,JPEG,RGB,exploratory_only_until_participant_id_and_protocol_are_confirmed
hirschberg-folder-labels-v0.1,train/EXOTROPIA/exotropia_004.jpg,data_hirschberg\eye-classification\train\EXOTROPIA\exotropia_004.jpg,train,train,EXOTROPIA,exotropia,True,UNKNOWN,exotropia:exotropia_004,legacy_or_unknown_hirschberg_crop,user_attested_doctor_confirmed_folder_label,User states labels were previously confirmed by doctors at an organization; no separate clinician manifest was present in the folder.,UNKNOWN,UNKNOWN_CROPPED_224,UNKNOWN,UNKNOWN,UNKNOWN,UNKNOWN,UNKNOWN,f100d62c70f05e5c0313b3b47f50036f0d5af7bc3dcce8376da59f01d56482ad,224,224,JPEG,RGB,exploratory_only_until_participant_id_and_protocol_are_confirmed
hirschberg-folder-labels-v0.1,train/EXOTROPIA/exotropia_005.jpg,data_hirschberg\eye-classification\train\EXOTROPIA\exotropia_005.jpg,train,train,EXOTROPIA,exotropia,True,UNKNOWN,exotropia:exotropia_005,legacy_or_unknown_hirschberg_crop,user_attested_doctor_confirmed_folder_label,User states labels were previously confirmed by doctors at an organization; no separate clinician manifest was present in the folder.,UNKNOWN,UNKNOWN_CROPPED_224,UNKNOWN,UNKNOWN,UNKNOWN,UNKNOWN,UNKNOWN,e0e5137fd2bc734c8564e77222bac41c041e174a466282eba2a8cc16d76ab9c2,224,224,JPEG,RGB,exploratory_only_until_participant_id_and_protocol_are_confirmed
hirschberg-folder-labels-v0.1,train/EXOTROPIA/exotropia_006.jpg,data_hirschberg\eye-classification\train\EXOTROPIA\exotropia_006.jpg,train,val,EXOTROPIA,exotropia,True,UNKNOWN,exotropia:exotropia_006,legacy_or_unknown_hirschberg_crop,user_attested_doctor_confirmed_folder_label,User states labels were previously confirmed by doctors at an organization; no separate clinician manifest was present in the folder.,UNKNOWN,UNKNOWN_CROPPED_224,UNKNOWN,UNKNOWN,UNKNOWN,UNKNOWN,UNKNOWN,96e91179f0e725ad37715014f836de99f41d4d5640d9b46b01d65016747ffb78,224,224,JPEG,RGB,exploratory_only_until_participant_id_and_protocol_are_confirmed
hirschberg-folder-labels-v0.1,train/EXOTROPIA/exotropia_007.jpg,data_hirschberg\eye-classification\train\EXOTROPIA\exotropia_007.jpg,train,train,EXOTROPIA,exotropia,True,UNKNOWN,exotropia:exotropia_007,legacy_or_unknown_hirschberg_crop,user_attested_doctor_confirmed_folder_label,User states labels were previously confirmed by doctors at an organization; no separate clinician manifest was present in the folder.,UNKNOWN,UNKNOWN_CROPPED_224,UNKNOWN,UNKNOWN,UNKNOWN,UNKNOWN,UNKNOWN,5e0ed4aa10034b69b019a7a8de4ebb14fe5899a94275c0d281f8a558d208ce5f,224,224,JPEG,RGB,exploratory_only_until_participant_id_and_protocol_are_confirmed
hirschberg-folder-labels-v0.1,train/EXOTROPIA/exotropia_008.jpg,data_hirschberg\eye-classification\train\EXOTROPIA\exotropia_008.jpg,train,test,EXOTROPIA,exotropia,True,UNKNOWN,exotropia:exotropia_008,legacy_or_unknown_hirschberg_crop,user_attested_doctor_confirmed_folder_label,User states labels were previously confirmed by doctors at an organization; no separate clinician manifest was present in the folder.,UNKNOWN,UNKNOWN_CROPPED_224,UNKNOWN,UNKNOWN,UNKNOWN,UNKNOWN,UNKNOWN,e4c671126d8f498c56bfcf766854db6a4b452f68793400b9f3574aaf86a327bd,224,224,JPEG,RGB,exploratory_only_until_participant_id_and_protocol_are_confirmed
hirschberg-folder-labels-v0.1,train/EXOTROPIA/exotropia_009.jpg,data_hirschberg\eye-classification\train\EXOTROPIA\exotropia_009.jpg,train,test,EXOTROPIA,exotropia,True,UNKNOWN,exotropia:exotropia_009,legacy_or_unknown_hirschberg_crop,user_attested_doctor_confirmed_folder_label,User states labels were previously confirmed by doctors at an organization; no separate clinician manifest was present in the folder.,UNKNOWN,UNKNOWN_CROPPED_224,UNKNOWN,UNKNOWN,UNKNOWN,UNKNOWN,UNKNOWN,4034ef2f9f7a5d9996b4b8e47f65d3ae73c01f3bd225cd31c988b3295e957c49,224,224,JPEG,RGB,exploratory_only_until_participant_id_and_protocol_are_confirmed
hirschberg-folder-labels-v0.1,train/EXOTROPIA/exotropia_010.jpg,data_hirschberg\eye-classification\train\EXOTROPIA\exotropia_010.jpg,train,train,EXOTROPIA,exotropia,True,UNKNOWN,exotropia:exotropia_010,legacy_or_unknown_hirschberg_crop,user_attested_doctor_confirmed_folder_label,User states labels were previously confirmed by doctors at an organization; no separate clinician manifest was present in the folder.,UNKNOWN,UNKNOWN_CROPPED_224,UNKNOWN,UNKNOWN,UNKNOWN,UNKNOWN,UNKNOWN,0b586dc6c10bf361b68e3738ac405eb93ecbce0e2f5d915bd13ed0ca90513182,224,224,JPEG,RGB,exploratory_only_until_participant_id_and_protocol_are_confirmed
hirschberg-folder-labels-v0.1,train/EXOTROPIA/exotropia_011.jpg,data_hirschberg\eye-classification\train\EXOTROPIA\exotropia_011.jpg,train,train,EXOTROPIA,exotropia,True,UNKNOWN,exotropia:exotropia_011,legacy_or_unknown_hirschberg_crop,user_attested_doctor_confirmed_folder_label,User states labels were previously confirmed by doctors at an organization; no separate clinician manifest was present in the folder.,UNKNOWN,UNKNOWN_CROPPED_224,UNKNOWN,UNKNOWN,UNKNOWN,UNKNOWN,UNKNOWN,fde7144003ac0cac2b8ebc6d06d47fc5a40580d4d7ff3efe6c2d07d82e910e5b,224,224,JPEG,RGB,exploratory_only_until_participant_id_and_protocol_are_confirmed
hirschberg-folder-labels-v0.1,train/EXOTROPIA/exotropia_012.jpg,data_hirschberg\eye-classification\train\EXOTROPIA\exotropia_012.jpg,train,train,EXOTROPIA,exotropia,True,UNKNOWN,exotropia:exotropia_012,legacy_or_unknown_hirschberg_crop,user_attested_doctor_confirmed_folder_label,User states labels were previously confirmed by doctors at an organization; no separate clinician manifest was present in the folder.,UNKNOWN,UNKNOWN_CROPPED_224,UNKNOWN,UNKNOWN,UNKNOWN,UNKNOWN,UNKNOWN,b98d2dd6ac08698aa7e9d1a79ee051332d7af41ed7fc469b64489198220dead7,224,224,JPEG,RGB,exploratory_only_until_participant_id_and_protocol_are_confirmed
hirschberg-folder-labels-v0.1,train/EXOTROPIA/exotropia_013.jpg,data_hirschberg\eye-classification\train\EXOTROPIA\exotropia_013.jpg,train,test,EXOTROPIA,exotropia,True,UNKNOWN,exotropia:exotropia_013,legacy_or_unknown_hirschberg_crop,user_attested_doctor_confirmed_folder_label,User states labels were previously confirmed by doctors at an organization; no separate clinician manifest was present in the folder.,UNKNOWN,UNKNOWN_CROPPED_224,UNKNOWN,UNKNOWN,UNKNOWN,UNKNOWN,UNKNOWN,eeaf6f8b694c68f507a86fd114f96e78773cf6fd750db8648a116915454f7bec,224,224,JPEG,RGB,exploratory_only_until_participant_id_and_protocol_are_confirmed
hirschberg-folder-labels-v0.1,train/EXOTROPIA/exotropia_014.jpg,data_hirschberg\eye-classification\train\EXOTROPIA\exotropia_014.jpg,train,val,EXOTROPIA,exotropia,True,UNKNOWN,exotropia:exotropia_014,legacy_or_unknown_hirschberg_crop,user_attested_doctor_confirmed_folder_label,User states labels were previously confirmed by doctors at an organization; no separate clinician manifest was present in the folder.,UNKNOWN,UNKNOWN_CROPPED_224,UNKNOWN,UNKNOWN,UNKNOWN,UNKNOWN,UNKNOWN,96c394ddbc41864edf1497d546e96432356656428317bd65564a483887bbd5a6,224,224,JPEG,RGB,exploratory_only_until_participant_id_and_protocol_are_confirmed
hirschberg-folder-labels-v0.1,train/EXOTROPIA/exotropia_015.jpg,data_hirschberg\eye-classification\train\EXOTROPIA\exotropia_015.jpg,train,val,EXOTROPIA,exotropia,True,UNKNOWN,exotropia:exotropia_015,legacy_or_unknown_hirschberg_crop,user_attested_doctor_confirmed_folder_label,User states labels were previously confirmed by doctors at an organization; no separate clinician manifest was present in the folder.,UNKNOWN,UNKNOWN_CROPPED_224,UNKNOWN,UNKNOWN,UNKNOWN,UNKNOWN,UNKNOWN,8c19e9d03391a4936a7546fe99fd7dc24f63957ad9f3bdd55717ce08c15ecd1f,224,224,JPEG,RGB,exploratory_only_until_participant_id_and_protocol_are_confirmed
hirschberg-folder-labels-v0.1,train/EXOTROPIA/exotropia_016.jpg,data_hirschberg\eye-classification\train\EXOTROPIA\exotropia_016.jpg,train,train,EXOTROPIA,exotropia,True,UNKNOWN,exotropia:exotropia_016,legacy_or_unknown_hirschberg_crop,user_attested_doctor_confirmed_folder_label,User states labels were previously confirmed by doctors at an organization; no separate clinician manifest was present in the folder.,UNKNOWN,UNKNOWN_CROPPED_224,UNKNOWN,UNKNOWN,UNKNOWN,UNKNOWN,UNKNOWN,13b2f9861c107aadf456c4033a36e60ec8c0db0a1fd69768082770f2bdc30c82,224,224,JPEG,RGB,exploratory_only_until_participant_id_and_protocol_are_confirmed
hirschberg-folder-labels-v0.1,train/EXOTROPIA/exotropia_017.jpg,data_hirschberg\eye-classification\train\EXOTROPIA\exotropia_017.jpg,train,train,EXOTROPIA,exotropia,True,UNKNOWN,exotropia:exotropia_017,legacy_or_unknown_hirschberg_crop,user_attested_doctor_confirmed_folder_label,User states labels were previously confirmed by doctors at an organization; no separate clinician manifest was present in the folder.,UNKNOWN,UNKNOWN_CROPPED_224,UNKNOWN,UNKNOWN,UNKNOWN,UNKNOWN,UNKNOWN,ecbc4911ff706d360ecb922a4b1f82ad7b09d7af9b563219414c4ebdfdacbc3b,224,224,JPEG,RGB,exploratory_only_until_participant_id_and_protocol_are_confirmed
hirschberg-folder-labels-v0.1,train/EXOTROPIA/exotropia_018.jpg,data_hirschberg\eye-classification\train\EXOTROPIA\exotropia_018.jpg,train,train,EXOTROPIA,exotropia,True,UNKNOWN,exotropia:exotropia_018,legacy_or_unknown_hirschberg_crop,user_attested_doctor_confirmed_folder_label,User states labels were previously confirmed by doctors at an organization; no separate clinician manifest was present in the folder.,UNKNOWN,UNKNOWN_CROPPED_224,UNKNOWN,UNKNOWN,UNKNOWN,UNKNOWN,UNKNOWN,342bd3be20d71ed5899d33803724acd8f2aef6a8c4835ca1a3030b1cd9fffb53,224,224,JPEG,RGB,exploratory_only_until_participant_id_and_protocol_are_confirmed
hirschberg-folder-labels-v0.1,train/EXOTROPIA/exotropia_019.jpg,data_hirschberg\eye-classification\train\EXOTROPIA\exotropia_019.jpg,train,train,EXOTROPIA,exotropia,True,UNKNOWN,exotropia:exotropia_019,legacy_or_unknown_hirschberg_crop,user_attested_doctor_confirmed_folder_label,User states labels were previously confirmed by doctors at an organization; no separate clinician manifest was present in the folder.,UNKNOWN,UNKNOWN_CROPPED_224,UNKNOWN,UNKNOWN,UNKNOWN,UNKNOWN,UNKNOWN,9e800f74b986855d581ae3db81a9c7a73e4fc963a92828a67fba118204bdc556,224,224,JPEG,RGB,exploratory_only_until_participant_id_and_protocol_are_confirmed
hirschberg-folder-labels-v0.1,train/EXOTROPIA/exotropia_020.jpg,data_hirschberg\eye-classification\train\EXOTROPIA\exotropia_020.jpg,train,train,EXOTROPIA,exotropia,True,UNKNOWN,exotropia:exotropia_020,legacy_or_unknown_hirschberg_crop,user_attested_doctor_confirmed_folder_label,User states labels were previously confirmed by doctors at an organization; no separate clinician manifest was present in the folder.,UNKNOWN,UNKNOWN_CROPPED_224,UNKNOWN,UNKNOWN,UNKNOWN,UNKNOWN,UNKNOWN,0486038898423aad1c1045c4b982a6b381c0603a5ed2d61632ead0589bf171f5,224,224,JPEG,RGB,exploratory_only_until_participant_id_and_protocol_are_confirmed
hirschberg-folder-labels-v0.1,train/EXOTROPIA/exotropia_021.jpg,data_hirschberg\eye-classification\train\EXOTROPIA\exotropia_021.jpg,train,train,EXOTROPIA,exotropia,True,UNKNOWN,exotropia:exotropia_021,legacy_or_unknown_hirschberg_crop,user_attested_doctor_confirmed_folder_label,User states labels were previously confirmed by doctors at an organization; no separate clinician manifest was present in the folder.,UNKNOWN,UNKNOWN_CROPPED_224,UNKNOWN,UNKNOWN,UNKNOWN,UNKNOWN,UNKNOWN,81e1cf1d9feafa113e6c98b5b073fac1d50f4965559b6ac77f06519fefe678db,224,224,JPEG,RGB,exploratory_only_until_participant_id_and_protocol_are_confirmed
hirschberg-folder-labels-v0.1,train/EXOTROPIA/exotropia_022.jpg,data_hirschberg\eye-classification\train\EXOTROPIA\exotropia_022.jpg,train,train,EXOTROPIA,exotropia,True,UNKNOWN,exotropia:exotropia_022,legacy_or_unknown_hirschberg_crop,user_attested_doctor_confirmed_folder_label,User states labels were previously confirmed by doctors at an organization; no separate clinician manifest was present in the folder.,UNKNOWN,UNKNOWN_CROPPED_224,UNKNOWN,UNKNOWN,UNKNOWN,UNKNOWN,UNKNOWN,ac4c5182b5222451832a79a3510155f683afca7351734b938ff12bcfae8fb7fb,224,224,JPEG,RGB,exploratory_only_until_participant_id_and_protocol_are_confirmed
hirschberg-folder-labels-v0.1,train/EXOTROPIA/exotropia_023.jpg,data_hirschberg\eye-classification\train\EXOTROPIA\exotropia_023.jpg,train,train,EXOTROPIA,exotropia,True,UNKNOWN,exotropia:exotropia_023,legacy_or_unknown_hirschberg_crop,user_attested_doctor_confirmed_folder_label,User states labels were previously confirmed by doctors at an organization; no separate clinician manifest was present in the folder.,UNKNOWN,UNKNOWN_CROPPED_224,UNKNOWN,UNKNOWN,UNKNOWN,UNKNOWN,UNKNOWN,46c5d04336b2a386a0d208959f09ad5b46cffaddc106c79d00dbe24893e624df,224,224,JPEG,RGB,exploratory_only_until_participant_id_and_protocol_are_confirmed
hirschberg-folder-labels-v0.1,train/EXOTROPIA/exotropia_024.jpg,data_hirschberg\eye-classification\train\EXOTROPIA\exotropia_024.jpg,train,train,EXOTROPIA,exotropia,True,UNKNOWN,exotropia:exotropia_024,legacy_or_unknown_hirschberg_crop,user_attested_doctor_confirmed_folder_label,User states labels were previously confirmed by doctors at an organization; no separate clinician manifest was present in the folder.,UNKNOWN,UNKNOWN_CROPPED_224,UNKNOWN,UNKNOWN,UNKNOWN,UNKNOWN,UNKNOWN,85addcd2e23b027d05a00c1b115559ca83107a30f78066ec9dc5d941563686c1,224,224,JPEG,RGB,exploratory_only_until_participant_id_and_protocol_are_confirmed
hirschberg-folder-labels-v0.1,train/EXOTROPIA/exotropia_025.jpg,data_hirschberg\eye-classification\train\EXOTROPIA\exotropia_025.jpg,train,test,EXOTROPIA,exotropia,True,UNKNOWN,exotropia:exotropia_025,legacy_or_unknown_hirschberg_crop,user_attested_doctor_confirmed_folder_label,User states labels were previously confirmed by doctors at an organization; no separate clinician manifest was present in the folder.,UNKNOWN,UNKNOWN_CROPPED_224,UNKNOWN,UNKNOWN,UNKNOWN,UNKNOWN,UNKNOWN,01285118c84e52852f0914779538262b3190841551abe962c6bf74347baa83b5,224,224,JPEG,RGB,exploratory_only_until_participant_id_and_protocol_are_confirmed
hirschberg-folder-labels-v0.1,train/EXOTROPIA/exotropia_026.jpg,data_hirschberg\eye-classification\train\EXOTROPIA\exotropia_026.jpg,train,train,EXOTROPIA,exotropia,True,UNKNOWN,exotropia:exotropia_026,legacy_or_unknown_hirschberg_crop,user_attested_doctor_confirmed_folder_label,User states labels were previously confirmed by doctors at an organization; no separate clinician manifest was present in the folder.,UNKNOWN,UNKNOWN_CROPPED_224,UNKNOWN,UNKNOWN,UNKNOWN,UNKNOWN,UNKNOWN,c6b6cdfd5143125932b8b809be8d961039c51bb52eca4b0b79ec240510ecb5af,224,224,JPEG,RGB,exploratory_only_until_participant_id_and_protocol_are_confirmed
hirschberg-folder-labels-v0.1,train/EXOTROPIA/exotropia_027.jpg,data_hirschberg\eye-classification\train\EXOTROPIA\exotropia_027.jpg,train,train,EXOTROPIA,exotropia,True,UNKNOWN,exotropia:exotropia_027,legacy_or_unknown_hirschberg_crop,user_attested_doctor_confirmed_folder_label,User states labels were previously confirmed by doctors at an organization; no separate clinician manifest was present in the folder.,UNKNOWN,UNKNOWN_CROPPED_224,UNKNOWN,UNKNOWN,UNKNOWN,UNKNOWN,UNKNOWN,66bb74f600c290e92891cf5690c49dda4dcf4b945d9715e0b054e76263d168b3,224,224,JPEG,RGB,exploratory_only_until_participant_id_and_protocol_are_confirmed
hirschberg-folder-labels-v0.1,train/EXOTROPIA/exotropia_028.jpg,data_hirschberg\eye-classification\train\EXOTROPIA\exotropia_028.jpg,train,train,EXOTROPIA,exotropia,True,UNKNOWN,exotropia:exotropia_028,legacy_or_unknown_hirschberg_crop,user_attested_doctor_confirmed_folder_label,User states labels were previously confirmed by doctors at an organization; no separate clinician manifest was present in the folder.,UNKNOWN,UNKNOWN_CROPPED_224,UNKNOWN,UNKNOWN,UNKNOWN,UNKNOWN,UNKNOWN,c9f585273d7b5d56cf917de15a88e528153be8063cc9d75e3b636d90c652f9c8,224,224,JPEG,RGB,exploratory_only_until_participant_id_and_protocol_are_confirmed
hirschberg-folder-labels-v0.1,train/EXOTROPIA/exotropia_029.jpg,data_hirschberg\eye-classification\train\EXOTROPIA\exotropia_029.jpg,train,test,EXOTROPIA,exotropia,True,UNKNOWN,exotropia:exotropia_029,legacy_or_unknown_hirschberg_crop,user_attested_doctor_confirmed_folder_label,User states labels were previously confirmed by doctors at an organization; no separate clinician manifest was present in the folder.,UNKNOWN,UNKNOWN_CROPPED_224,UNKNOWN,UNKNOWN,UNKNOWN,UNKNOWN,UNKNOWN,c98909df7a4f0ae87b28dfd203e4154b479361f4e7d52ba1200e8e8026fe30c1,224,224,JPEG,RGB,exploratory_only_until_participant_id_and_protocol_are_confirmed
hirschberg-folder-labels-v0.1,train/EXOTROPIA/exotropia_030.jpg,data_hirschberg\eye-classification\train\EXOTROPIA\exotropia_030.jpg,train,val,EXOTROPIA,exotropia,True,UNKNOWN,exotropia:exotropia_030,legacy_or_unknown_hirschberg_crop,user_attested_doctor_confirmed_folder_label,User states labels were previously confirmed by doctors at an organization; no separate clinician manifest was present in the folder.,UNKNOWN,UNKNOWN_CROPPED_224,UNKNOWN,UNKNOWN,UNKNOWN,UNKNOWN,UNKNOWN,bb88661f5004c2ecac6e3cf7345c9b37965c93362df5d91772bffae6b3b6a76f,224,224,JPEG,RGB,exploratory_only_until_participant_id_and_protocol_are_confirmed
hirschberg-folder-labels-v0.1,train/EXOTROPIA/exotropia_031.jpg,data_hirschberg\eye-classification\train\EXOTROPIA\exotropia_031.jpg,train,train,EXOTROPIA,exotropia,True,UNKNOWN,exotropia:exotropia_031,legacy_or_unknown_hirschberg_crop,user_attested_doctor_confirmed_folder_label,User states labels were previously confirmed by doctors at an organization; no separate clinician manifest was present in the folder.,UNKNOWN,UNKNOWN_CROPPED_224,UNKNOWN,UNKNOWN,UNKNOWN,UNKNOWN,UNKNOWN,47257b1c82022f1fe1e11f437e47af0e8d614f8be9d8c166a44a8ea94f291218,224,224,JPEG,RGB,exploratory_only_until_participant_id_and_protocol_are_confirmed
hirschberg-folder-labels-v0.1,train/EXOTROPIA/exotropia_032.jpg,data_hirschberg\eye-classification\train\EXOTROPIA\exotropia_032.jpg,train,val,EXOTROPIA,exotropia,True,UNKNOWN,exotropia:exotropia_032,legacy_or_unknown_hirschberg_crop,user_attested_doctor_confirmed_folder_label,User states labels were previously confirmed by doctors at an organization; no separate clinician manifest was present in the folder.,UNKNOWN,UNKNOWN_CROPPED_224,UNKNOWN,UNKNOWN,UNKNOWN,UNKNOWN,UNKNOWN,cb7d8bb159378b527a38d556253b7b8c13d1eb9f254b0607bd4b14be7a0222fc,224,224,JPEG,RGB,exploratory_only_until_participant_id_and_protocol_are_confirmed
hirschberg-folder-labels-v0.1,train/EXOTROPIA/exotropia_033.jpg,data_hirschberg\eye-classification\train\EXOTROPIA\exotropia_033.jpg,train,train,EXOTROPIA,exotropia,True,UNKNOWN,exotropia:exotropia_033,legacy_or_unknown_hirschberg_crop,user_attested_doctor_confirmed_folder_label,User states labels were previously confirmed by doctors at an organization; no separate clinician manifest was present in the folder.,UNKNOWN,UNKNOWN_CROPPED_224,UNKNOWN,UNKNOWN,UNKNOWN,UNKNOWN,UNKNOWN,8319d64850ef0418d94645d013d551fa3f8ce72b15e0e8a0fb3219abe45be63b,224,224,JPEG,RGB,exploratory_only_until_participant_id_and_protocol_are_confirmed
hirschberg-folder-labels-v0.1,train/EXOTROPIA/exotropia_034.jpg,data_hirschberg\eye-classification\train\EXOTROPIA\exotropia_034.jpg,train,test,EXOTROPIA,exotropia,True,UNKNOWN,exotropia:exotropia_034,legacy_or_unknown_hirschberg_crop,user_attested_doctor_confirmed_folder_label,User states labels were previously confirmed by doctors at an organization; no separate clinician manifest was present in the folder.,UNKNOWN,UNKNOWN_CROPPED_224,UNKNOWN,UNKNOWN,UNKNOWN,UNKNOWN,UNKNOWN,348f3ea6b5be7fb7a77f9312e15bb4604bbba10917fdf14f13fd5d97dbbba893,224,224,JPEG,RGB,exploratory_only_until_participant_id_and_protocol_are_confirmed
hirschberg-folder-labels-v0.1,train/EXOTROPIA/exotropia_035.jpg,data_hirschberg\eye-classification\train\EXOTROPIA\exotropia_035.jpg,train,val,EXOTROPIA,exotropia,True,UNKNOWN,exotropia:exotropia_035,legacy_or_unknown_hirschberg_crop,user_attested_doctor_confirmed_folder_label,User states labels were previously confirmed by doctors at an organization; no separate clinician manifest was present in the folder.,UNKNOWN,UNKNOWN_CROPPED_224,UNKNOWN,UNKNOWN,UNKNOWN,UNKNOWN,UNKNOWN,b9a4042db384ea7ee556036439c16e9aa8b6a6ea018abd1109361ffb1c1a8d06,224,224,JPEG,RGB,exploratory_only_until_participant_id_and_protocol_are_confirmed
hirschberg-folder-labels-v0.1,train/EXOTROPIA/exotropia_036.jpg,data_hirschberg\eye-classification\train\EXOTROPIA\exotropia_036.jpg,train,train,EXOTROPIA,exotropia,True,UNKNOWN,exotropia:exotropia_036,legacy_or_unknown_hirschberg_crop,user_attested_doctor_confirmed_folder_label,User states labels were previously confirmed by doctors at an organization; no separate clinician manifest was present in the folder.,UNKNOWN,UNKNOWN_CROPPED_224,UNKNOWN,UNKNOWN,UNKNOWN,UNKNOWN,UNKNOWN,71f1101bba41ac3c8a515a92cf0fedda890c2438fe29926db7194e25f7a08382,224,224,JPEG,RGB,exploratory_only_until_participant_id_and_protocol_are_confirmed
hirschberg-folder-labels-v0.1,train/EXOTROPIA/exotropia_037.jpg,data_hirschberg\eye-classification\train\EXOTROPIA\exotropia_037.jpg,train,train,EXOTROPIA,exotropia,True,UNKNOWN,exotropia:exotropia_037,legacy_or_unknown_hirschberg_crop,user_attested_doctor_confirmed_folder_label,User states labels were previously confirmed by doctors at an organization; no separate clinician manifest was present in the folder.,UNKNOWN,UNKNOWN_CROPPED_224,UNKNOWN,UNKNOWN,UNKNOWN,UNKNOWN,UNKNOWN,946eddfc1ab888a62360a073436a9ea05365d4132723ec9fd66da1c480d4715d,224,224,JPEG,RGB,exploratory_only_until_participant_id_and_protocol_are_confirmed
hirschberg-folder-labels-v0.1,train/EXOTROPIA/exotropia_038.jpg,data_hirschberg\eye-classification\train\EXOTROPIA\exotropia_038.jpg,train,train,EXOTROPIA,exotropia,True,UNKNOWN,exotropia:exotropia_038,legacy_or_unknown_hirschberg_crop,user_attested_doctor_confirmed_folder_label,User states labels were previously confirmed by doctors at an organization; no separate clinician manifest was present in the folder.,UNKNOWN,UNKNOWN_CROPPED_224,UNKNOWN,UNKNOWN,UNKNOWN,UNKNOWN,UNKNOWN,468f0644560e7596e55e1f61c3399c93a16170a48df4c99d74c057b2d3cd3974,224,224,JPEG,RGB,exploratory_only_until_participant_id_and_protocol_are_confirmed
hirschberg-folder-labels-v0.1,train/EXOTROPIA/exotropia_039.jpg,data_hirschberg\eye-classification\train\EXOTROPIA\exotropia_039.jpg,train,val,EXOTROPIA,exotropia,True,UNKNOWN,exotropia:exotropia_039,legacy_or_unknown_hirschberg_crop,user_attested_doctor_confirmed_folder_label,User states labels were previously confirmed by doctors at an organization; no separate clinician manifest was present in the folder.,UNKNOWN,UNKNOWN_CROPPED_224,UNKNOWN,UNKNOWN,UNKNOWN,UNKNOWN,UNKNOWN,a99c3352a286b293a88e73d82bd93f2a8606f498a47cafec65a3ee550264f72d,224,224,JPEG,RGB,exploratory_only_until_participant_id_and_protocol_are_confirmed
hirschberg-folder-labels-v0.1,train/EXOTROPIA/exotropia_040.jpg,data_hirschberg\eye-classification\train\EXOTROPIA\exotropia_040.jpg,train,train,EXOTROPIA,exotropia,True,UNKNOWN,exotropia:exotropia_040,legacy_or_unknown_hirschberg_crop,user_attested_doctor_confirmed_folder_label,User states labels were previously confirmed by doctors at an organization; no separate clinician manifest was present in the folder.,UNKNOWN,UNKNOWN_CROPPED_224,UNKNOWN,UNKNOWN,UNKNOWN,UNKNOWN,UNKNOWN,02a7158bb0f4ac4ac6456cb22eafefb1f77c7b3bfef931dee1f11644b46493a1,224,224,JPEG,RGB,exploratory_only_until_participant_id_and_protocol_are_confirmed
hirschberg-folder-labels-v0.1,train/EXOTROPIA/exotropia_041.jpg,data_hirschberg\eye-classification\train\EXOTROPIA\exotropia_041.jpg,train,val,EXOTROPIA,exotropia,True,UNKNOWN,exotropia:exotropia_041,legacy_or_unknown_hirschberg_crop,user_attested_doctor_confirmed_folder_label,User states labels were previously confirmed by doctors at an organization; no separate clinician manifest was present in the folder.,UNKNOWN,UNKNOWN_CROPPED_224,UNKNOWN,UNKNOWN,UNKNOWN,UNKNOWN,UNKNOWN,27c85f4e08450799a82857cd6e4c516c0fd100121b9fdedc8e5e0605c2b81605,224,224,JPEG,RGB,exploratory_only_until_participant_id_and_protocol_are_confirmed
hirschberg-folder-labels-v0.1,train/EXOTROPIA/exotropia_042.jpg,data_hirschberg\eye-classification\train\EXOTROPIA\exotropia_042.jpg,train,train,EXOTROPIA,exotropia,True,UNKNOWN,exotropia:exotropia_042,legacy_or_unknown_hirschberg_crop,user_attested_doctor_confirmed_folder_label,User states labels were previously confirmed by doctors at an organization; no separate clinician manifest was present in the folder.,UNKNOWN,UNKNOWN_CROPPED_224,UNKNOWN,UNKNOWN,UNKNOWN,UNKNOWN,UNKNOWN,802b00d9c8f25d005aaab7ac87305c6c6e60dd53bef906a5eefd257595c989fe,224,224,JPEG,RGB,exploratory_only_until_participant_id_and_protocol_are_confirmed
hirschberg-folder-labels-v0.1,train/EXOTROPIA/exotropia_043.jpg,data_hirschberg\eye-classification\train\EXOTROPIA\exotropia_043.jpg,train,train,EXOTROPIA,exotropia,True,UNKNOWN,exotropia:exotropia_043,legacy_or_unknown_hirschberg_crop,user_attested_doctor_confirmed_folder_label,User states labels were previously confirmed by doctors at an organization; no separate clinician manifest was present in the folder.,UNKNOWN,UNKNOWN_CROPPED_224,UNKNOWN,UNKNOWN,UNKNOWN,UNKNOWN,UNKNOWN,0131f9f35612d9653e8b2a58c8f59ac0daa8ae8ccd27eb39c84d60f7243f91b1,224,224,JPEG,RGB,exploratory_only_until_participant_id_and_protocol_are_confirmed
hirschberg-folder-labels-v0.1,train/EXOTROPIA/exotropia_044.jpg,data_hirschberg\eye-classification\train\EXOTROPIA\exotropia_044.jpg,train,train,EXOTROPIA,exotropia,True,UNKNOWN,exotropia:exotropia_044,legacy_or_unknown_hirschberg_crop,user_attested_doctor_confirmed_folder_label,User states labels were previously confirmed by doctors at an organization; no separate clinician manifest was present in the folder.,UNKNOWN,UNKNOWN_CROPPED_224,UNKNOWN,UNKNOWN,UNKNOWN,UNKNOWN,UNKNOWN,b881d07d335d3bd9bc61f6407b99e7105af100869e814c8baf05f2dcfb9052e4,224,224,JPEG,RGB,exploratory_only_until_participant_id_and_protocol_are_confirmed
hirschberg-folder-labels-v0.1,train/EXOTROPIA/exotropia_045.jpg,data_hirschberg\eye-classification\train\EXOTROPIA\exotropia_045.jpg,train,train,EXOTROPIA,exotropia,True,UNKNOWN,exotropia:exotropia_045,legacy_or_unknown_hirschberg_crop,user_attested_doctor_confirmed_folder_label,User states labels were previously confirmed by doctors at an organization; no separate clinician manifest was present in the folder.,UNKNOWN,UNKNOWN_CROPPED_224,UNKNOWN,UNKNOWN,UNKNOWN,UNKNOWN,UNKNOWN,3cc53ac8b4980f293037b16a19c60e08b11cff4b782f1e2919501814466f9f83,224,224,JPEG,RGB,exploratory_only_until_participant_id_and_protocol_are_confirmed
hirschberg-folder-labels-v0.1,train/EXOTROPIA/exotropia_046.jpg,data_hirschberg\eye-classification\train\EXOTROPIA\exotropia_046.jpg,train,train,EXOTROPIA,exotropia,True,UNKNOWN,exotropia:exotropia_046,legacy_or_unknown_hirschberg_crop,user_attested_doctor_confirmed_folder_label,User states labels were previously confirmed by doctors at an organization; no separate clinician manifest was present in the folder.,UNKNOWN,UNKNOWN_CROPPED_224,UNKNOWN,UNKNOWN,UNKNOWN,UNKNOWN,UNKNOWN,0e43bc7c3f02a5124bc6632e42cc216d1de6a679fb276097deb797a58144e69f,224,224,JPEG,RGB,exploratory_only_until_participant_id_and_protocol_are_confirmed
hirschberg-folder-labels-v0.1,train/EXOTROPIA/exotropia_047.jpg,data_hirschberg\eye-classification\train\EXOTROPIA\exotropia_047.jpg,train,val,EXOTROPIA,exotropia,True,UNKNOWN,exotropia:exotropia_047,legacy_or_unknown_hirschberg_crop,user_attested_doctor_confirmed_folder_label,User states labels were previously confirmed by doctors at an organization; no separate clinician manifest was present in the folder.,UNKNOWN,UNKNOWN_CROPPED_224,UNKNOWN,UNKNOWN,UNKNOWN,UNKNOWN,UNKNOWN,8321c043f6794614a1345b0c81d96faed6115cfad8e1f5850fddcdb37190a351,224,224,JPEG,RGB,exploratory_only_until_participant_id_and_protocol_are_confirmed
hirschberg-folder-labels-v0.1,train/EXOTROPIA/exotropia_048.jpg,data_hirschberg\eye-classification\train\EXOTROPIA\exotropia_048.jpg,train,train,EXOTROPIA,exotropia,True,UNKNOWN,exotropia:exotropia_048,legacy_or_unknown_hirschberg_crop,user_attested_doctor_confirmed_folder_label,User states labels were previously confirmed by doctors at an organization; no separate clinician manifest was present in the folder.,UNKNOWN,UNKNOWN_CROPPED_224,UNKNOWN,UNKNOWN,UNKNOWN,UNKNOWN,UNKNOWN,20da42f89c93757cedaff8a8f01d813034516598895eeae1eb55028e81708d5e,224,224,JPEG,RGB,exploratory_only_until_participant_id_and_protocol_are_confirmed
hirschberg-folder-labels-v0.1,train/EXOTROPIA/exotropia_049.jpg,data_hirschberg\eye-classification\train\EXOTROPIA\exotropia_049.jpg,train,train,EXOTROPIA,exotropia,True,UNKNOWN,exotropia:exotropia_049,legacy_or_unknown_hirschberg_crop,user_attested_doctor_confirmed_folder_label,User states labels were previously confirmed by doctors at an organization; no separate clinician manifest was present in the folder.,UNKNOWN,UNKNOWN_CROPPED_224,UNKNOWN,UNKNOWN,UNKNOWN,UNKNOWN,UNKNOWN,4800811d8008369d3ee2b82bc3a6bc90e6f4ef7905b2320f0bc5e59e8c11612b,224,224,JPEG,RGB,exploratory_only_until_participant_id_and_protocol_are_confirmed
hirschberg-folder-labels-v0.1,train/EXOTROPIA/exotropia_050.jpg,data_hirschberg\eye-classification\train\EXOTROPIA\exotropia_050.jpg,train,train,EXOTROPIA,exotropia,True,UNKNOWN,exotropia:exotropia_050,legacy_or_unknown_hirschberg_crop,user_attested_doctor_confirmed_folder_label,User states labels were previously confirmed by doctors at an organization; no separate clinician manifest was present in the folder.,UNKNOWN,UNKNOWN_CROPPED_224,UNKNOWN,UNKNOWN,UNKNOWN,UNKNOWN,UNKNOWN,d35cc3fd0b3b21e91cc2227be88cd8991189a3d8d54cc96296bf5be9a1c0e7b6,224,224,JPEG,RGB,exploratory_only_until_participant_id_and_protocol_are_confirmed
hirschberg-folder-labels-v0.1,train/EXOTROPIA/exotropia_051.jpg,data_hirschberg\eye-classification\train\EXOTROPIA\exotropia_051.jpg,train,train,EXOTROPIA,exotropia,True,UNKNOWN,exotropia:exotropia_051,legacy_or_unknown_hirschberg_crop,user_attested_doctor_confirmed_folder_label,User states labels were previously confirmed by doctors at an organization; no separate clinician manifest was present in the folder.,UNKNOWN,UNKNOWN_CROPPED_224,UNKNOWN,UNKNOWN,UNKNOWN,UNKNOWN,UNKNOWN,9d8cc3f3cf0832f83dbe4be3a41e0c0c569af2f58c19de9301e441f4f3ea91a3,224,224,JPEG,RGB,exploratory_only_until_participant_id_and_protocol_are_confirmed
hirschberg-folder-labels-v0.1,train/EXOTROPIA/exotropia_052.jpg,data_hirschberg\eye-classification\train\EXOTROPIA\exotropia_052.jpg,train,train,EXOTROPIA,exotropia,True,UNKNOWN,exotropia:exotropia_052,legacy_or_unknown_hirschberg_crop,user_attested_doctor_confirmed_folder_label,User states labels were previously confirmed by doctors at an organization; no separate clinician manifest was present in the folder.,UNKNOWN,UNKNOWN_CROPPED_224,UNKNOWN,UNKNOWN,UNKNOWN,UNKNOWN,UNKNOWN,ca8dedc8ac64adfdef5770ced76e9a32f5f6357ebc3d23832cb592148bdc45e5,224,224,JPEG,RGB,exploratory_only_until_participant_id_and_protocol_are_confirmed
hirschberg-folder-labels-v0.1,train/EXOTROPIA/exotropia_053.jpg,data_hirschberg\eye-classification\train\EXOTROPIA\exotropia_053.jpg,train,train,EXOTROPIA,exotropia,True,UNKNOWN,exotropia:exotropia_053,legacy_or_unknown_hirschberg_crop,user_attested_doctor_confirmed_folder_label,User states labels were previously confirmed by doctors at an organization; no separate clinician manifest was present in the folder.,UNKNOWN,UNKNOWN_CROPPED_224,UNKNOWN,UNKNOWN,UNKNOWN,UNKNOWN,UNKNOWN,9922420c709f75796716aa9fa510f2baee089896ade70adf32c90702f7ee5d8c,224,224,JPEG,RGB,exploratory_only_until_participant_id_and_protocol_are_confirmed
hirschberg-folder-labels-v0.1,train/EXOTROPIA/exotropia_054.jpg,data_hirschberg\eye-classification\train\EXOTROPIA\exotropia_054.jpg,train,train,EXOTROPIA,exotropia,True,UNKNOWN,exotropia:exotropia_054,legacy_or_unknown_hirschberg_crop,user_attested_doctor_confirmed_folder_label,User states labels were previously confirmed by doctors at an organization; no separate clinician manifest was present in the folder.,UNKNOWN,UNKNOWN_CROPPED_224,UNKNOWN,UNKNOWN,UNKNOWN,UNKNOWN,UNKNOWN,eb16694acd8474ea78325b902e8b04c69ff610c1711fc89312d9fac6f299dbb7,224,224,JPEG,RGB,exploratory_only_until_participant_id_and_protocol_are_confirmed
hirschberg-folder-labels-v0.1,train/EXOTROPIA/exotropia_055.jpg,data_hirschberg\eye-classification\train\EXOTROPIA\exotropia_055.jpg,train,val,EXOTROPIA,exotropia,True,UNKNOWN,exotropia:exotropia_055,legacy_or_unknown_hirschberg_crop,user_attested_doctor_confirmed_folder_label,User states labels were previously confirmed by doctors at an organization; no separate clinician manifest was present in the folder.,UNKNOWN,UNKNOWN_CROPPED_224,UNKNOWN,UNKNOWN,UNKNOWN,UNKNOWN,UNKNOWN,4e03c2b16e820046f56fe85b5cf45aae6232b3428d3d851ced0cc5e224f53df9,224,224,JPEG,RGB,exploratory_only_until_participant_id_and_protocol_are_confirmed
hirschberg-folder-labels-v0.1,train/EXOTROPIA/exotropia_056.jpg,data_hirschberg\eye-classification\train\EXOTROPIA\exotropia_056.jpg,train,train,EXOTROPIA,exotropia,True,UNKNOWN,exotropia:exotropia_056,legacy_or_unknown_hirschberg_crop,user_attested_doctor_confirmed_folder_label,User states labels were previously confirmed by doctors at an organization; no separate clinician manifest was present in the folder.,UNKNOWN,UNKNOWN_CROPPED_224,UNKNOWN,UNKNOWN,UNKNOWN,UNKNOWN,UNKNOWN,c053b6e5384c2c9b3394b6c03378b3a01922a6092002010c2274edfa5fada05f,224,224,JPEG,RGB,exploratory_only_until_participant_id_and_protocol_are_confirmed
hirschberg-folder-labels-v0.1,train/EXOTROPIA/exotropia_057.jpg,data_hirschberg\eye-classification\train\EXOTROPIA\exotropia_057.jpg,train,train,EXOTROPIA,exotropia,True,UNKNOWN,exotropia:exotropia_057,legacy_or_unknown_hirschberg_crop,user_attested_doctor_confirmed_folder_label,User states labels were previously confirmed by doctors at an organization; no separate clinician manifest was present in the folder.,UNKNOWN,UNKNOWN_CROPPED_224,UNKNOWN,UNKNOWN,UNKNOWN,UNKNOWN,UNKNOWN,8a487fe62c13503a15170b1962105a401add5e35e524c479b9424320aa7a9ca8,224,224,JPEG,RGB,exploratory_only_until_participant_id_and_protocol_are_confirmed
hirschberg-folder-labels-v0.1,train/EXOTROPIA/exotropia_058.jpg,data_hirschberg\eye-classification\train\EXOTROPIA\exotropia_058.jpg,train,train,EXOTROPIA,exotropia,True,UNKNOWN,exotropia:exotropia_058,legacy_or_unknown_hirschberg_crop,user_attested_doctor_confirmed_folder_label,User states labels were previously confirmed by doctors at an organization; no separate clinician manifest was present in the folder.,UNKNOWN,UNKNOWN_CROPPED_224,UNKNOWN,UNKNOWN,UNKNOWN,UNKNOWN,UNKNOWN,196610926cf93f1f6ee10ca5829ac084e7c0ac2ee8d4defd5f58677af29fd2b9,224,224,JPEG,RGB,exploratory_only_until_participant_id_and_protocol_are_confirmed
hirschberg-folder-labels-v0.1,train/EXOTROPIA/exotropia_059.jpg,data_hirschberg\eye-classification\train\EXOTROPIA\exotropia_059.jpg,train,train,EXOTROPIA,exotropia,True,UNKNOWN,exotropia:exotropia_059,legacy_or_unknown_hirschberg_crop,user_attested_doctor_confirmed_folder_label,User states labels were previously confirmed by doctors at an organization; no separate clinician manifest was present in the folder.,UNKNOWN,UNKNOWN_CROPPED_224,UNKNOWN,UNKNOWN,UNKNOWN,UNKNOWN,UNKNOWN,f9ddb4604f8dc9edb94a45ab061b49efb8c0e05ff712c16991a0e56d63081e66,224,224,JPEG,RGB,exploratory_only_until_participant_id_and_protocol_are_confirmed
hirschberg-folder-labels-v0.1,train/EXOTROPIA/exotropia_060.jpg,data_hirschberg\eye-classification\train\EXOTROPIA\exotropia_060.jpg,train,train,EXOTROPIA,exotropia,True,UNKNOWN,exotropia:exotropia_060,legacy_or_unknown_hirschberg_crop,user_attested_doctor_confirmed_folder_label,User states labels were previously confirmed by doctors at an organization; no separate clinician manifest was present in the folder.,UNKNOWN,UNKNOWN_CROPPED_224,UNKNOWN,UNKNOWN,UNKNOWN,UNKNOWN,UNKNOWN,520364337b3e51feb363b7096d2f4e5113319f5dc4256cd3343943e444c63cdf,224,224,JPEG,RGB,exploratory_only_until_participant_id_and_protocol_are_confirmed
hirschberg-folder-labels-v0.1,train/EXOTROPIA/exotropia_061.jpg,data_hirschberg\eye-classification\train\EXOTROPIA\exotropia_061.jpg,train,train,EXOTROPIA,exotropia,True,UNKNOWN,exotropia:exotropia_061,legacy_or_unknown_hirschberg_crop,user_attested_doctor_confirmed_folder_label,User states labels were previously confirmed by doctors at an organization; no separate clinician manifest was present in the folder.,UNKNOWN,UNKNOWN_CROPPED_224,UNKNOWN,UNKNOWN,UNKNOWN,UNKNOWN,UNKNOWN,95e809f6333f898733a57aea3e794cbb65c909e2cafbb51f71749bfe83a231ca,224,224,JPEG,RGB,exploratory_only_until_participant_id_and_protocol_are_confirmed
hirschberg-folder-labels-v0.1,train/EXOTROPIA/exotropia_062.jpg,data_hirschberg\eye-classification\train\EXOTROPIA\exotropia_062.jpg,train,train,EXOTROPIA,exotropia,True,UNKNOWN,exotropia:exotropia_062,legacy_or_unknown_hirschberg_crop,user_attested_doctor_confirmed_folder_label,User states labels were previously confirmed by doctors at an organization; no separate clinician manifest was present in the folder.,UNKNOWN,UNKNOWN_CROPPED_224,UNKNOWN,UNKNOWN,UNKNOWN,UNKNOWN,UNKNOWN,681fc42fc9235125f431e9260cea2a25512cf3354857622b2e1eaf6c6d919751,224,224,JPEG,RGB,exploratory_only_until_participant_id_and_protocol_are_confirmed
hirschberg-folder-labels-v0.1,train/EXOTROPIA/exotropia_063.jpg,data_hirschberg\eye-classification\train\EXOTROPIA\exotropia_063.jpg,train,train,EXOTROPIA,exotropia,True,UNKNOWN,exotropia:exotropia_063,legacy_or_unknown_hirschberg_crop,user_attested_doctor_confirmed_folder_label,User states labels were previously confirmed by doctors at an organization; no separate clinician manifest was present in the folder.,UNKNOWN,UNKNOWN_CROPPED_224,UNKNOWN,UNKNOWN,UNKNOWN,UNKNOWN,UNKNOWN,589d2ef5b07a938d5bf6285ee31238e69b6a1815a54d96443007b659dea9fb9a,224,224,JPEG,RGB,exploratory_only_until_participant_id_and_protocol_are_confirmed
hirschberg-folder-labels-v0.1,train/EXOTROPIA/exotropia_064.jpg,data_hirschberg\eye-classification\train\EXOTROPIA\exotropia_064.jpg,train,train,EXOTROPIA,exotropia,True,UNKNOWN,exotropia:exotropia_064,legacy_or_unknown_hirschberg_crop,user_attested_doctor_confirmed_folder_label,User states labels were previously confirmed by doctors at an organization; no separate clinician manifest was present in the folder.,UNKNOWN,UNKNOWN_CROPPED_224,UNKNOWN,UNKNOWN,UNKNOWN,UNKNOWN,UNKNOWN,19d92372ae3564203f688305900614200d61bbc36cbb56ad20012b335def6896,224,224,JPEG,RGB,exploratory_only_until_participant_id_and_protocol_are_confirmed
hirschberg-folder-labels-v0.1,train/EXOTROPIA/exotropia_065.jpg,data_hirschberg\eye-classification\train\EXOTROPIA\exotropia_065.jpg,train,test,EXOTROPIA,exotropia,True,UNKNOWN,exotropia:exotropia_065,legacy_or_unknown_hirschberg_crop,user_attested_doctor_confirmed_folder_label,User states labels were previously confirmed by doctors at an organization; no separate clinician manifest was present in the folder.,UNKNOWN,UNKNOWN_CROPPED_224,UNKNOWN,UNKNOWN,UNKNOWN,UNKNOWN,UNKNOWN,00b7c52f9a352d41138028e548eac2215aa5cc5fbc433d3cb5f87dd293ea9401,224,224,JPEG,RGB,exploratory_only_until_participant_id_and_protocol_are_confirmed
hirschberg-folder-labels-v0.1,train/EXOTROPIA/exotropia_066.jpg,data_hirschberg\eye-classification\train\EXOTROPIA\exotropia_066.jpg,train,train,EXOTROPIA,exotropia,True,UNKNOWN,exotropia:exotropia_066,legacy_or_unknown_hirschberg_crop,user_attested_doctor_confirmed_folder_label,User states labels were previously confirmed by doctors at an organization; no separate clinician manifest was present in the folder.,UNKNOWN,UNKNOWN_CROPPED_224,UNKNOWN,UNKNOWN,UNKNOWN,UNKNOWN,UNKNOWN,494b1443d6734771b3df91c4401072231a738142374839585005d109af674e1e,224,224,JPEG,RGB,exploratory_only_until_participant_id_and_protocol_are_confirmed
hirschberg-folder-labels-v0.1,train/EXOTROPIA/exotropia_067.jpg,data_hirschberg\eye-classification\train\EXOTROPIA\exotropia_067.jpg,train,test,EXOTROPIA,exotropia,True,UNKNOWN,exotropia:exotropia_067,legacy_or_unknown_hirschberg_crop,user_attested_doctor_confirmed_folder_label,User states labels were previously confirmed by doctors at an organization; no separate clinician manifest was present in the folder.,UNKNOWN,UNKNOWN_CROPPED_224,UNKNOWN,UNKNOWN,UNKNOWN,UNKNOWN,UNKNOWN,49e52e1c45aa7160501c756e166da626e3e046a7661b0f595fc110b849f1cbbf,224,224,JPEG,RGB,exploratory_only_until_participant_id_and_protocol_are_confirmed
hirschberg-folder-labels-v0.1,train/EXOTROPIA/exotropia_068.jpg,data_hirschberg\eye-classification\train\EXOTROPIA\exotropia_068.jpg,train,train,EXOTROPIA,exotropia,True,UNKNOWN,exotropia:exotropia_068,legacy_or_unknown_hirschberg_crop,user_attested_doctor_confirmed_folder_label,User states labels were previously confirmed by doctors at an organization; no separate clinician manifest was present in the folder.,UNKNOWN,UNKNOWN_CROPPED_224,UNKNOWN,UNKNOWN,UNKNOWN,UNKNOWN,UNKNOWN,87e4326e3ede06d99dfd67a2d85f5261e21eba7e521d0d9b98e17919eb0418f7,224,224,JPEG,RGB,exploratory_only_until_participant_id_and_protocol_are_confirmed
hirschberg-folder-labels-v0.1,train/EXOTROPIA/exotropia_069.jpg,data_hirschberg\eye-classification\train\EXOTROPIA\exotropia_069.jpg,train,test,EXOTROPIA,exotropia,True,UNKNOWN,exotropia:exotropia_069,legacy_or_unknown_hirschberg_crop,user_attested_doctor_confirmed_folder_label,User states labels were previously confirmed by doctors at an organization; no separate clinician manifest was present in the folder.,UNKNOWN,UNKNOWN_CROPPED_224,UNKNOWN,UNKNOWN,UNKNOWN,UNKNOWN,UNKNOWN,45b9070748d1dc6eafb87fa7dd7acc393ab47c305f9f48db7f9536bd33af0a29,224,224,JPEG,RGB,exploratory_only_until_participant_id_and_protocol_are_confirmed
hirschberg-folder-labels-v0.1,train/EXOTROPIA/exotropia_070.jpg,data_hirschberg\eye-classification\train\EXOTROPIA\exotropia_070.jpg,train,val,EXOTROPIA,exotropia,True,UNKNOWN,exotropia:exotropia_070,legacy_or_unknown_hirschberg_crop,user_attested_doctor_confirmed_folder_label,User states labels were previously confirmed by doctors at an organization; no separate clinician manifest was present in the folder.,UNKNOWN,UNKNOWN_CROPPED_224,UNKNOWN,UNKNOWN,UNKNOWN,UNKNOWN,UNKNOWN,ba2cd3d6c52d461fceb05e2643dce7182706951612d483fc2c8f692996890243,224,224,JPEG,RGB,exploratory_only_until_participant_id_and_protocol_are_confirmed
hirschberg-folder-labels-v0.1,train/EXOTROPIA/exotropia_071.jpg,data_hirschberg\eye-classification\train\EXOTROPIA\exotropia_071.jpg,train,train,EXOTROPIA,exotropia,True,UNKNOWN,exotropia:exotropia_071,legacy_or_unknown_hirschberg_crop,user_attested_doctor_confirmed_folder_label,User states labels were previously confirmed by doctors at an organization; no separate clinician manifest was present in the folder.,UNKNOWN,UNKNOWN_CROPPED_224,UNKNOWN,UNKNOWN,UNKNOWN,UNKNOWN,UNKNOWN,7ab0c598ab93ac6068a84861b01a3e9fb93d02171135663e2f1928779c4486e2,224,224,JPEG,RGB,exploratory_only_until_participant_id_and_protocol_are_confirmed
hirschberg-folder-labels-v0.1,train/EXOTROPIA/exotropia_072.jpg,data_hirschberg\eye-classification\train\EXOTROPIA\exotropia_072.jpg,train,val,EXOTROPIA,exotropia,True,UNKNOWN,exotropia:exotropia_072,legacy_or_unknown_hirschberg_crop,user_attested_doctor_confirmed_folder_label,User states labels were previously confirmed by doctors at an organization; no separate clinician manifest was present in the folder.,UNKNOWN,UNKNOWN_CROPPED_224,UNKNOWN,UNKNOWN,UNKNOWN,UNKNOWN,UNKNOWN,08abe26e579d53d351860d27a9f408d7e90859dc0363017d42fd567f121d9f5e,224,224,JPEG,RGB,exploratory_only_until_participant_id_and_protocol_are_confirmed
hirschberg-folder-labels-v0.1,train/EXOTROPIA/exotropia_073.jpg,data_hirschberg\eye-classification\train\EXOTROPIA\exotropia_073.jpg,train,train,EXOTROPIA,exotropia,True,UNKNOWN,exotropia:exotropia_073,legacy_or_unknown_hirschberg_crop,user_attested_doctor_confirmed_folder_label,User states labels were previously confirmed by doctors at an organization; no separate clinician manifest was present in the folder.,UNKNOWN,UNKNOWN_CROPPED_224,UNKNOWN,UNKNOWN,UNKNOWN,UNKNOWN,UNKNOWN,7f726fce5f8527fd850b22e64d6bfb46ac555a284010868f5f76dd492cad7656,224,224,JPEG,RGB,exploratory_only_until_participant_id_and_protocol_are_confirmed
hirschberg-folder-labels-v0.1,train/EXOTROPIA/exotropia_074.jpg,data_hirschberg\eye-classification\train\EXOTROPIA\exotropia_074.jpg,train,train,EXOTROPIA,exotropia,True,UNKNOWN,exotropia:exotropia_074,legacy_or_unknown_hirschberg_crop,user_attested_doctor_confirmed_folder_label,User states labels were previously confirmed by doctors at an organization; no separate clinician manifest was present in the folder.,UNKNOWN,UNKNOWN_CROPPED_224,UNKNOWN,UNKNOWN,UNKNOWN,UNKNOWN,UNKNOWN,670ea3286fcb903ca8d6db19858bcf94f01030338fb40f3ddb3fb9db93f0bec9,224,224,JPEG,RGB,exploratory_only_until_participant_id_and_protocol_are_confirmed
hirschberg-folder-labels-v0.1,train/EXOTROPIA/exotropia_075.jpg,data_hirschberg\eye-classification\train\EXOTROPIA\exotropia_075.jpg,train,train,EXOTROPIA,exotropia,True,UNKNOWN,exotropia:exotropia_075,legacy_or_unknown_hirschberg_crop,user_attested_doctor_confirmed_folder_label,User states labels were previously confirmed by doctors at an organization; no separate clinician manifest was present in the folder.,UNKNOWN,UNKNOWN_CROPPED_224,UNKNOWN,UNKNOWN,UNKNOWN,UNKNOWN,UNKNOWN,56f22fe772aeaff65da8150d33a246a60059f6df18217310c5e1a9dfe26e0314,224,224,JPEG,RGB,exploratory_only_until_participant_id_and_protocol_are_confirmed
hirschberg-folder-labels-v0.1,train/EXOTROPIA/exotropia_076.jpg,data_hirschberg\eye-classification\train\EXOTROPIA\exotropia_076.jpg,train,val,EXOTROPIA,exotropia,True,UNKNOWN,exotropia:exotropia_076,legacy_or_unknown_hirschberg_crop,user_attested_doctor_confirmed_folder_label,User states labels were previously confirmed by doctors at an organization; no separate clinician manifest was present in the folder.,UNKNOWN,UNKNOWN_CROPPED_224,UNKNOWN,UNKNOWN,UNKNOWN,UNKNOWN,UNKNOWN,c2c698ecaa662ca16dbdce3612b644008137234f570e5d76fdaa389179a7d684,224,224,JPEG,RGB,exploratory_only_until_participant_id_and_protocol_are_confirmed
hirschberg-folder-labels-v0.1,train/EXOTROPIA/exotropia_077.jpg,data_hirschberg\eye-classification\train\EXOTROPIA\exotropia_077.jpg,train,train,EXOTROPIA,exotropia,True,UNKNOWN,exotropia:exotropia_077,legacy_or_unknown_hirschberg_crop,user_attested_doctor_confirmed_folder_label,User states labels were previously confirmed by doctors at an organization; no separate clinician manifest was present in the folder.,UNKNOWN,UNKNOWN_CROPPED_224,UNKNOWN,UNKNOWN,UNKNOWN,UNKNOWN,UNKNOWN,ff28c255546262256cbd20492674429f9f5853a08beabb38e9b9e839ab9a891e,224,224,JPEG,RGB,exploratory_only_until_participant_id_and_protocol_are_confirmed
hirschberg-folder-labels-v0.1,train/EXOTROPIA/exotropia_078.jpg,data_hirschberg\eye-classification\train\EXOTROPIA\exotropia_078.jpg,train,test,EXOTROPIA,exotropia,True,UNKNOWN,exotropia:exotropia_078,legacy_or_unknown_hirschberg_crop,user_attested_doctor_confirmed_folder_label,User states labels were previously confirmed by doctors at an organization; no separate clinician manifest was present in the folder.,UNKNOWN,UNKNOWN_CROPPED_224,UNKNOWN,UNKNOWN,UNKNOWN,UNKNOWN,UNKNOWN,3ff8f07c3b995b2bc9b325a098c45ca4c3e5e5a2cd42f052550c352127c3542f,224,224,JPEG,RGB,exploratory_only_until_participant_id_and_protocol_are_confirmed
hirschberg-folder-labels-v0.1,train/EXOTROPIA/exotropia_079.jpg,data_hirschberg\eye-classification\train\EXOTROPIA\exotropia_079.jpg,train,test,EXOTROPIA,exotropia,True,UNKNOWN,exotropia:exotropia_079,legacy_or_unknown_hirschberg_crop,user_attested_doctor_confirmed_folder_label,User states labels were previously confirmed by doctors at an organization; no separate clinician manifest was present in the folder.,UNKNOWN,UNKNOWN_CROPPED_224,UNKNOWN,UNKNOWN,UNKNOWN,UNKNOWN,UNKNOWN,6f5cf0994a416d3d5a078df666115a36a9f277fd49d678959ff51ca5be2c4492,224,224,JPEG,RGB,exploratory_only_until_participant_id_and_protocol_are_confirmed
hirschberg-folder-labels-v0.1,train/EXOTROPIA/exotropia_080.jpg,data_hirschberg\eye-classification\train\EXOTROPIA\exotropia_080.jpg,train,train,EXOTROPIA,exotropia,True,UNKNOWN,exotropia:exotropia_080,legacy_or_unknown_hirschberg_crop,user_attested_doctor_confirmed_folder_label,User states labels were previously confirmed by doctors at an organization; no separate clinician manifest was present in the folder.,UNKNOWN,UNKNOWN_CROPPED_224,UNKNOWN,UNKNOWN,UNKNOWN,UNKNOWN,UNKNOWN,08776e9b57d3201eeecfe05bf8a4db9e807fa82fb3a3cbe4eccdac18875a4305,224,224,JPEG,RGB,exploratory_only_until_participant_id_and_protocol_are_confirmed
hirschberg-folder-labels-v0.1,train/EXOTROPIA/exotropia_081.jpg,data_hirschberg\eye-classification\train\EXOTROPIA\exotropia_081.jpg,train,test,EXOTROPIA,exotropia,True,UNKNOWN,exotropia:exotropia_081,legacy_or_unknown_hirschberg_crop,user_attested_doctor_confirmed_folder_label,User states labels were previously confirmed by doctors at an organization; no separate clinician manifest was present in the folder.,UNKNOWN,UNKNOWN_CROPPED_224,UNKNOWN,UNKNOWN,UNKNOWN,UNKNOWN,UNKNOWN,c913ec8af349ed1d6c314e8b6bc361f438e129c19e0b2db8efce9c2d726d9060,224,224,JPEG,RGB,exploratory_only_until_participant_id_and_protocol_are_confirmed
hirschberg-folder-labels-v0.1,train/EXOTROPIA/exotropia_082.jpg,data_hirschberg\eye-classification\train\EXOTROPIA\exotropia_082.jpg,train,train,EXOTROPIA,exotropia,True,UNKNOWN,exotropia:exotropia_082,legacy_or_unknown_hirschberg_crop,user_attested_doctor_confirmed_folder_label,User states labels were previously confirmed by doctors at an organization; no separate clinician manifest was present in the folder.,UNKNOWN,UNKNOWN_CROPPED_224,UNKNOWN,UNKNOWN,UNKNOWN,UNKNOWN,UNKNOWN,7b2cfa251c225481b94615c7fc99dddae9bc49d958a68d2b4f09381a4006fbd0,224,224,JPEG,RGB,exploratory_only_until_participant_id_and_protocol_are_confirmed
hirschberg-folder-labels-v0.1,train/EXOTROPIA/exotropia_083.jpg,data_hirschberg\eye-classification\train\EXOTROPIA\exotropia_083.jpg,train,test,EXOTROPIA,exotropia,True,UNKNOWN,exotropia:exotropia_083,legacy_or_unknown_hirschberg_crop,user_attested_doctor_confirmed_folder_label,User states labels were previously confirmed by doctors at an organization; no separate clinician manifest was present in the folder.,UNKNOWN,UNKNOWN_CROPPED_224,UNKNOWN,UNKNOWN,UNKNOWN,UNKNOWN,UNKNOWN,db0948998511b0229f143ea01fdbfd19fb9200e5d64d48974f53de203855aaa7,224,224,JPEG,RGB,exploratory_only_until_participant_id_and_protocol_are_confirmed
hirschberg-folder-labels-v0.1,train/EXOTROPIA/exotropia_084.jpg,data_hirschberg\eye-classification\train\EXOTROPIA\exotropia_084.jpg,train,train,EXOTROPIA,exotropia,True,UNKNOWN,exotropia:exotropia_084,legacy_or_unknown_hirschberg_crop,user_attested_doctor_confirmed_folder_label,User states labels were previously confirmed by doctors at an organization; no separate clinician manifest was present in the folder.,UNKNOWN,UNKNOWN_CROPPED_224,UNKNOWN,UNKNOWN,UNKNOWN,UNKNOWN,UNKNOWN,92ccde4022e1cc9b0f49d6c11e883eceb380e6197648ce948b266a56ae858414,224,224,JPEG,RGB,exploratory_only_until_participant_id_and_protocol_are_confirmed
hirschberg-folder-labels-v0.1,train/EXOTROPIA/exotropia_085.jpg,data_hirschberg\eye-classification\train\EXOTROPIA\exotropia_085.jpg,train,train,EXOTROPIA,exotropia,True,UNKNOWN,exotropia:exotropia_085,legacy_or_unknown_hirschberg_crop,user_attested_doctor_confirmed_folder_label,User states labels were previously confirmed by doctors at an organization; no separate clinician manifest was present in the folder.,UNKNOWN,UNKNOWN_CROPPED_224,UNKNOWN,UNKNOWN,UNKNOWN,UNKNOWN,UNKNOWN,4aa6faaa8d38ae915087e7fefb7623d9b338d8038383a476f3754b5ca57edac2,224,224,JPEG,RGB,exploratory_only_until_participant_id_and_protocol_are_confirmed
hirschberg-folder-labels-v0.1,train/EXOTROPIA/exotropia_086.jpg,data_hirschberg\eye-classification\train\EXOTROPIA\exotropia_086.jpg,train,test,EXOTROPIA,exotropia,True,UNKNOWN,exotropia:exotropia_086,legacy_or_unknown_hirschberg_crop,user_attested_doctor_confirmed_folder_label,User states labels were previously confirmed by doctors at an organization; no separate clinician manifest was present in the folder.,UNKNOWN,UNKNOWN_CROPPED_224,UNKNOWN,UNKNOWN,UNKNOWN,UNKNOWN,UNKNOWN,ff62b223c7eebfcd53874dc00bb7fe20c499ceac274e288e7c2da6b1874b0ef7,224,224,JPEG,RGB,exploratory_only_until_participant_id_and_protocol_are_confirmed
hirschberg-folder-labels-v0.1,train/EXOTROPIA/exotropia_087.jpg,data_hirschberg\eye-classification\train\EXOTROPIA\exotropia_087.jpg,train,train,EXOTROPIA,exotropia,True,UNKNOWN,exotropia:exotropia_087,legacy_or_unknown_hirschberg_crop,user_attested_doctor_confirmed_folder_label,User states labels were previously confirmed by doctors at an organization; no separate clinician manifest was present in the folder.,UNKNOWN,UNKNOWN_CROPPED_224,UNKNOWN,UNKNOWN,UNKNOWN,UNKNOWN,UNKNOWN,cd98f01e72ed0c0a2524135f7a24d55a5c79be101dbd6cc814b043f7bc134b3d,224,224,JPEG,RGB,exploratory_only_until_participant_id_and_protocol_are_confirmed
hirschberg-folder-labels-v0.1,train/EXOTROPIA/exotropia_088.jpg,data_hirschberg\eye-classification\train\EXOTROPIA\exotropia_088.jpg,train,test,EXOTROPIA,exotropia,True,UNKNOWN,exotropia:exotropia_088,legacy_or_unknown_hirschberg_crop,user_attested_doctor_confirmed_folder_label,User states labels were previously confirmed by doctors at an organization; no separate clinician manifest was present in the folder.,UNKNOWN,UNKNOWN_CROPPED_224,UNKNOWN,UNKNOWN,UNKNOWN,UNKNOWN,UNKNOWN,c3f9999091a4a863f87275cc934d30986457542467ebed9fbfe86bf67e3d2e3c,224,224,JPEG,RGB,exploratory_only_until_participant_id_and_protocol_are_confirmed
hirschberg-folder-labels-v0.1,train/EXOTROPIA/exotropia_089.jpg,data_hirschberg\eye-classification\train\EXOTROPIA\exotropia_089.jpg,train,train,EXOTROPIA,exotropia,True,UNKNOWN,exotropia:exotropia_089,legacy_or_unknown_hirschberg_crop,user_attested_doctor_confirmed_folder_label,User states labels were previously confirmed by doctors at an organization; no separate clinician manifest was present in the folder.,UNKNOWN,UNKNOWN_CROPPED_224,UNKNOWN,UNKNOWN,UNKNOWN,UNKNOWN,UNKNOWN,9930da08f22634c76c67e2c3eb9d5d397255dd93b8ae8a743de659d85119c832,224,224,JPEG,RGB,exploratory_only_until_participant_id_and_protocol_are_confirmed
hirschberg-folder-labels-v0.1,train/EXOTROPIA/exotropia_090.jpg,data_hirschberg\eye-classification\train\EXOTROPIA\exotropia_090.jpg,train,test,EXOTROPIA,exotropia,True,UNKNOWN,exotropia:exotropia_090,legacy_or_unknown_hirschberg_crop,user_attested_doctor_confirmed_folder_label,User states labels were previously confirmed by doctors at an organization; no separate clinician manifest was present in the folder.,UNKNOWN,UNKNOWN_CROPPED_224,UNKNOWN,UNKNOWN,UNKNOWN,UNKNOWN,UNKNOWN,68e4e37b884c8cb02a379644e0e9e062be597dc415ebda01325aab78494379c8,224,224,JPEG,RGB,exploratory_only_until_participant_id_and_protocol_are_confirmed
hirschberg-folder-labels-v0.1,train/EXOTROPIA/exotropia_091.jpg,data_hirschberg\eye-classification\train\EXOTROPIA\exotropia_091.jpg,train,train,EXOTROPIA,exotropia,True,UNKNOWN,exotropia:exotropia_091,legacy_or_unknown_hirschberg_crop,user_attested_doctor_confirmed_folder_label,User states labels were previously confirmed by doctors at an organization; no separate clinician manifest was present in the folder.,UNKNOWN,UNKNOWN_CROPPED_224,UNKNOWN,UNKNOWN,UNKNOWN,UNKNOWN,UNKNOWN,46609880badf2b3307fb9c73c7d05d8324910ac0a47ecb9ec8d76da66273b98d,224,224,JPEG,RGB,exploratory_only_until_participant_id_and_protocol_are_confirmed
hirschberg-folder-labels-v0.1,train/EXOTROPIA/exotropia_092.jpg,data_hirschberg\eye-classification\train\EXOTROPIA\exotropia_092.jpg,train,train,EXOTROPIA,exotropia,True,UNKNOWN,exotropia:exotropia_092,legacy_or_unknown_hirschberg_crop,user_attested_doctor_confirmed_folder_label,User states labels were previously confirmed by doctors at an organization; no separate clinician manifest was present in the folder.,UNKNOWN,UNKNOWN_CROPPED_224,UNKNOWN,UNKNOWN,UNKNOWN,UNKNOWN,UNKNOWN,a6cc07a0acb6348518a06fed41846dfd5d888755bb3e35b3e544f3cd8c5383e8,224,224,JPEG,RGB,exploratory_only_until_participant_id_and_protocol_are_confirmed
hirschberg-folder-labels-v0.1,train/EXOTROPIA/exotropia_093.jpg,data_hirschberg\eye-classification\train\EXOTROPIA\exotropia_093.jpg,train,test,EXOTROPIA,exotropia,True,UNKNOWN,exotropia:exotropia_093,legacy_or_unknown_hirschberg_crop,user_attested_doctor_confirmed_folder_label,User states labels were previously confirmed by doctors at an organization; no separate clinician manifest was present in the folder.,UNKNOWN,UNKNOWN_CROPPED_224,UNKNOWN,UNKNOWN,UNKNOWN,UNKNOWN,UNKNOWN,ce3a98d4dc37996b6c466a6096835736d811655be5c38628aaab4e888e5c6a48,224,224,JPEG,RGB,exploratory_only_until_participant_id_and_protocol_are_confirmed
hirschberg-folder-labels-v0.1,train/EXOTROPIA/exotropia_094.jpg,data_hirschberg\eye-classification\train\EXOTROPIA\exotropia_094.jpg,train,val,EXOTROPIA,exotropia,True,UNKNOWN,exotropia:exotropia_094,legacy_or_unknown_hirschberg_crop,user_attested_doctor_confirmed_folder_label,User states labels were previously confirmed by doctors at an organization; no separate clinician manifest was present in the folder.,UNKNOWN,UNKNOWN_CROPPED_224,UNKNOWN,UNKNOWN,UNKNOWN,UNKNOWN,UNKNOWN,db08bccfe83527013a2fe3f91d19ee662cf24d732ae908e84209b02a9a3c1d51,224,224,JPEG,RGB,exploratory_only_until_participant_id_and_protocol_are_confirmed
hirschberg-folder-labels-v0.1,train/EXOTROPIA/exotropia_095.jpg,data_hirschberg\eye-classification\train\EXOTROPIA\exotropia_095.jpg,train,train,EXOTROPIA,exotropia,True,UNKNOWN,exotropia:exotropia_095,legacy_or_unknown_hirschberg_crop,user_attested_doctor_confirmed_folder_label,User states labels were previously confirmed by doctors at an organization; no separate clinician manifest was present in the folder.,UNKNOWN,UNKNOWN_CROPPED_224,UNKNOWN,UNKNOWN,UNKNOWN,UNKNOWN,UNKNOWN,d12b0a26a2a643207eb389af4cfeb4f9ea664109e5b6556c5c49babf282ec816,224,224,JPEG,RGB,exploratory_only_until_participant_id_and_protocol_are_confirmed
hirschberg-folder-labels-v0.1,train/EXOTROPIA/exotropia_096.jpg,data_hirschberg\eye-classification\train\EXOTROPIA\exotropia_096.jpg,train,train,EXOTROPIA,exotropia,True,UNKNOWN,exotropia:exotropia_096,legacy_or_unknown_hirschberg_crop,user_attested_doctor_confirmed_folder_label,User states labels were previously confirmed by doctors at an organization; no separate clinician manifest was present in the folder.,UNKNOWN,UNKNOWN_CROPPED_224,UNKNOWN,UNKNOWN,UNKNOWN,UNKNOWN,UNKNOWN,fd358f60d0b2f70448ad3c64da28e133b8cdf0accc01d6396d4e2814eda5b628,224,224,JPEG,RGB,exploratory_only_until_participant_id_and_protocol_are_confirmed
hirschberg-folder-labels-v0.1,train/EXOTROPIA/exotropia_097.jpg,data_hirschberg\eye-classification\train\EXOTROPIA\exotropia_097.jpg,train,train,EXOTROPIA,exotropia,True,UNKNOWN,exotropia:exotropia_097,legacy_or_unknown_hirschberg_crop,user_attested_doctor_confirmed_folder_label,User states labels were previously confirmed by doctors at an organization; no separate clinician manifest was present in the folder.,UNKNOWN,UNKNOWN_CROPPED_224,UNKNOWN,UNKNOWN,UNKNOWN,UNKNOWN,UNKNOWN,7cadc4aa61349cfc0ce3348f5782da1d4fd8a729c29959983d2ff306d629ea6a,224,224,JPEG,RGB,exploratory_only_until_participant_id_and_protocol_are_confirmed
hirschberg-folder-labels-v0.1,train/EXOTROPIA/exotropia_098.jpg,data_hirschberg\eye-classification\train\EXOTROPIA\exotropia_098.jpg,train,test,EXOTROPIA,exotropia,True,UNKNOWN,exotropia:exotropia_098,legacy_or_unknown_hirschberg_crop,user_attested_doctor_confirmed_folder_label,User states labels were previously confirmed by doctors at an organization; no separate clinician manifest was present in the folder.,UNKNOWN,UNKNOWN_CROPPED_224,UNKNOWN,UNKNOWN,UNKNOWN,UNKNOWN,UNKNOWN,b26049da3937b1fb45ea11aeb168ad2cc28a5280845443c0287cdd8f81cd640e,224,224,JPEG,RGB,exploratory_only_until_participant_id_and_protocol_are_confirmed
hirschberg-folder-labels-v0.1,train/EXOTROPIA/exotropia_099.jpg,data_hirschberg\eye-classification\train\EXOTROPIA\exotropia_099.jpg,train,val,EXOTROPIA,exotropia,True,UNKNOWN,exotropia:exotropia_099,legacy_or_unknown_hirschberg_crop,user_attested_doctor_confirmed_folder_label,User states labels were previously confirmed by doctors at an organization; no separate clinician manifest was present in the folder.,UNKNOWN,UNKNOWN_CROPPED_224,UNKNOWN,UNKNOWN,UNKNOWN,UNKNOWN,UNKNOWN,48371c6d70c82ea90dc6abdf7565b27132c0e6a4b6276f3e046fa06291284e1d,224,224,JPEG,RGB,exploratory_only_until_participant_id_and_protocol_are_confirmed
hirschberg-folder-labels-v0.1,train/EXOTROPIA/exotropia_100.jpg,data_hirschberg\eye-classification\train\EXOTROPIA\exotropia_100.jpg,train,train,EXOTROPIA,exotropia,True,UNKNOWN,exotropia:exotropia_100,legacy_or_unknown_hirschberg_crop,user_attested_doctor_confirmed_folder_label,User states labels were previously confirmed by doctors at an organization; no separate clinician manifest was present in the folder.,UNKNOWN,UNKNOWN_CROPPED_224,UNKNOWN,UNKNOWN,UNKNOWN,UNKNOWN,UNKNOWN,9f87c068bdcaecd4d37a3311ea87c638297c70dab9afae8c5ff9cc109c790da8,224,224,JPEG,RGB,exploratory_only_until_participant_id_and_protocol_are_confirmed
hirschberg-folder-labels-v0.1,train/EXOTROPIA/exotropia_101.jpg,data_hirschberg\eye-classification\train\EXOTROPIA\exotropia_101.jpg,train,train,EXOTROPIA,exotropia,True,UNKNOWN,exotropia:exotropia_101,legacy_or_unknown_hirschberg_crop,user_attested_doctor_confirmed_folder_label,User states labels were previously confirmed by doctors at an organization; no separate clinician manifest was present in the folder.,UNKNOWN,UNKNOWN_CROPPED_224,UNKNOWN,UNKNOWN,UNKNOWN,UNKNOWN,UNKNOWN,e1b7b7835d2ec643f4941eabcb40f91de82633b2807a484b1c2957a478a4a48f,224,224,JPEG,RGB,exploratory_only_until_participant_id_and_protocol_are_confirmed
hirschberg-folder-labels-v0.1,train/EXOTROPIA/exotropia_102.jpg,data_hirschberg\eye-classification\train\EXOTROPIA\exotropia_102.jpg,train,train,EXOTROPIA,exotropia,True,UNKNOWN,exotropia:exotropia_102,legacy_or_unknown_hirschberg_crop,user_attested_doctor_confirmed_folder_label,User states labels were previously confirmed by doctors at an organization; no separate clinician manifest was present in the folder.,UNKNOWN,UNKNOWN_CROPPED_224,UNKNOWN,UNKNOWN,UNKNOWN,UNKNOWN,UNKNOWN,ea777286cd5a6239b251f265d4a8fe3446d23108247d7a0ee24d927db7cfe43a,224,224,JPEG,RGB,exploratory_only_until_participant_id_and_protocol_are_confirmed
hirschberg-folder-labels-v0.1,train/EXOTROPIA/exotropia_103.jpg,data_hirschberg\eye-classification\train\EXOTROPIA\exotropia_103.jpg,train,train,EXOTROPIA,exotropia,True,UNKNOWN,exotropia:exotropia_103,legacy_or_unknown_hirschberg_crop,user_attested_doctor_confirmed_folder_label,User states labels were previously confirmed by doctors at an organization; no separate clinician manifest was present in the folder.,UNKNOWN,UNKNOWN_CROPPED_224,UNKNOWN,UNKNOWN,UNKNOWN,UNKNOWN,UNKNOWN,554d26ddb984eb7988c36a09d80f7ef35dd985f9cac24bea9a27cffbf14e0ffd,224,224,JPEG,RGB,exploratory_only_until_participant_id_and_protocol_are_confirmed
hirschberg-folder-labels-v0.1,train/EXOTROPIA/exotropia_104.jpg,data_hirschberg\eye-classification\train\EXOTROPIA\exotropia_104.jpg,train,train,EXOTROPIA,exotropia,True,UNKNOWN,exotropia:exotropia_104,legacy_or_unknown_hirschberg_crop,user_attested_doctor_confirmed_folder_label,User states labels were previously confirmed by doctors at an organization; no separate clinician manifest was present in the folder.,UNKNOWN,UNKNOWN_CROPPED_224,UNKNOWN,UNKNOWN,UNKNOWN,UNKNOWN,UNKNOWN,e92bfab706d74b18662d28ae7bfbb276c4d58de3aa5983111d542f926deac208,224,224,JPEG,RGB,exploratory_only_until_participant_id_and_protocol_are_confirmed
hirschberg-folder-labels-v0.1,train/EXOTROPIA/exotropia_105.jpg,data_hirschberg\eye-classification\train\EXOTROPIA\exotropia_105.jpg,train,train,EXOTROPIA,exotropia,True,UNKNOWN,exotropia:exotropia_105,legacy_or_unknown_hirschberg_crop,user_attested_doctor_confirmed_folder_label,User states labels were previously confirmed by doctors at an organization; no separate clinician manifest was present in the folder.,UNKNOWN,UNKNOWN_CROPPED_224,UNKNOWN,UNKNOWN,UNKNOWN,UNKNOWN,UNKNOWN,767500f169229d5f0cf2fe7f50513e7f3131161084488efe0a9920893c93e6f0,224,224,JPEG,RGB,exploratory_only_until_participant_id_and_protocol_are_confirmed
hirschberg-folder-labels-v0.1,train/EXOTROPIA/exotropia_106.jpg,data_hirschberg\eye-classification\train\EXOTROPIA\exotropia_106.jpg,train,train,EXOTROPIA,exotropia,True,UNKNOWN,exotropia:exotropia_106,legacy_or_unknown_hirschberg_crop,user_attested_doctor_confirmed_folder_label,User states labels were previously confirmed by doctors at an organization; no separate clinician manifest was present in the folder.,UNKNOWN,UNKNOWN_CROPPED_224,UNKNOWN,UNKNOWN,UNKNOWN,UNKNOWN,UNKNOWN,7f965d0ea36818136114c55a98f0947ba9360f4b33180674750d5fde25b1eeb3,224,224,JPEG,RGB,exploratory_only_until_participant_id_and_protocol_are_confirmed
hirschberg-folder-labels-v0.1,train/EXOTROPIA/exotropia_107.jpg,data_hirschberg\eye-classification\train\EXOTROPIA\exotropia_107.jpg,train,test,EXOTROPIA,exotropia,True,UNKNOWN,exotropia:exotropia_107,legacy_or_unknown_hirschberg_crop,user_attested_doctor_confirmed_folder_label,User states labels were previously confirmed by doctors at an organization; no separate clinician manifest was present in the folder.,UNKNOWN,UNKNOWN_CROPPED_224,UNKNOWN,UNKNOWN,UNKNOWN,UNKNOWN,UNKNOWN,e21db71fae5aca03f51994cd06d397f98c55819b5e37c240f85e7f0252410b33,224,224,JPEG,RGB,exploratory_only_until_participant_id_and_protocol_are_confirmed
hirschberg-folder-labels-v0.1,train/EXOTROPIA/exotropia_108.jpg,data_hirschberg\eye-classification\train\EXOTROPIA\exotropia_108.jpg,train,train,EXOTROPIA,exotropia,True,UNKNOWN,exotropia:exotropia_108,legacy_or_unknown_hirschberg_crop,user_attested_doctor_confirmed_folder_label,User states labels were previously confirmed by doctors at an organization; no separate clinician manifest was present in the folder.,UNKNOWN,UNKNOWN_CROPPED_224,UNKNOWN,UNKNOWN,UNKNOWN,UNKNOWN,UNKNOWN,a6ff89f2bbf52d162c19f9e6734f0ed2b415efeab0c7ab4c00405892d25e07bf,224,224,JPEG,RGB,exploratory_only_until_participant_id_and_protocol_are_confirmed
hirschberg-folder-labels-v0.1,train/EXOTROPIA/exotropia_109.jpg,data_hirschberg\eye-classification\train\EXOTROPIA\exotropia_109.jpg,train,train,EXOTROPIA,exotropia,True,UNKNOWN,exotropia:exotropia_109,legacy_or_unknown_hirschberg_crop,user_attested_doctor_confirmed_folder_label,User states labels were previously confirmed by doctors at an organization; no separate clinician manifest was present in the folder.,UNKNOWN,UNKNOWN_CROPPED_224,UNKNOWN,UNKNOWN,UNKNOWN,UNKNOWN,UNKNOWN,58975ed54a9371136f0bfee0ca3b14050610b6074d5555c084af37acd7e6e837,224,224,JPEG,RGB,exploratory_only_until_participant_id_and_protocol_are_confirmed
hirschberg-folder-labels-v0.1,train/EXOTROPIA/exotropia_110.jpg,data_hirschberg\eye-classification\train\EXOTROPIA\exotropia_110.jpg,train,train,EXOTROPIA,exotropia,True,UNKNOWN,exotropia:exotropia_110,legacy_or_unknown_hirschberg_crop,user_attested_doctor_confirmed_folder_label,User states labels were previously confirmed by doctors at an organization; no separate clinician manifest was present in the folder.,UNKNOWN,UNKNOWN_CROPPED_224,UNKNOWN,UNKNOWN,UNKNOWN,UNKNOWN,UNKNOWN,6a4ca47ba7e55f0c9e32f6c068d405d2438f284783f6ac1e95c59e2a36502feb,224,224,JPEG,RGB,exploratory_only_until_participant_id_and_protocol_are_confirmed
hirschberg-folder-labels-v0.1,train/EXOTROPIA/exotropia_111.jpg,data_hirschberg\eye-classification\train\EXOTROPIA\exotropia_111.jpg,train,train,EXOTROPIA,exotropia,True,UNKNOWN,exotropia:exotropia_111,legacy_or_unknown_hirschberg_crop,user_attested_doctor_confirmed_folder_label,User states labels were previously confirmed by doctors at an organization; no separate clinician manifest was present in the folder.,UNKNOWN,UNKNOWN_CROPPED_224,UNKNOWN,UNKNOWN,UNKNOWN,UNKNOWN,UNKNOWN,6ec2e807bd91cf217ea8b7c277a75e19fbb607c20fe5a06abe46c3c3a071848d,224,224,JPEG,RGB,exploratory_only_until_participant_id_and_protocol_are_confirmed
hirschberg-folder-labels-v0.1,train/EXOTROPIA/exotropia_112.jpg,data_hirschberg\eye-classification\train\EXOTROPIA\exotropia_112.jpg,train,train,EXOTROPIA,exotropia,True,UNKNOWN,exotropia:exotropia_112,legacy_or_unknown_hirschberg_crop,user_attested_doctor_confirmed_folder_label,User states labels were previously confirmed by doctors at an organization; no separate clinician manifest was present in the folder.,UNKNOWN,UNKNOWN_CROPPED_224,UNKNOWN,UNKNOWN,UNKNOWN,UNKNOWN,UNKNOWN,1571d4393a495f6f2b8da6f039355677d2e4831f0b362bf5f5ca56714cdf0e0d,224,224,JPEG,RGB,exploratory_only_until_participant_id_and_protocol_are_confirmed
hirschberg-folder-labels-v0.1,train/EXOTROPIA/exotropia_113.jpg,data_hirschberg\eye-classification\train\EXOTROPIA\exotropia_113.jpg,train,train,EXOTROPIA,exotropia,True,UNKNOWN,exotropia:exotropia_113,legacy_or_unknown_hirschberg_crop,user_attested_doctor_confirmed_folder_label,User states labels were previously confirmed by doctors at an organization; no separate clinician manifest was present in the folder.,UNKNOWN,UNKNOWN_CROPPED_224,UNKNOWN,UNKNOWN,UNKNOWN,UNKNOWN,UNKNOWN,746f6616ed83c2f4243bf726b10227dfa16cfc3090884593728c805db47d3d34,224,224,JPEG,RGB,exploratory_only_until_participant_id_and_protocol_are_confirmed
hirschberg-folder-labels-v0.1,train/EXOTROPIA/exotropia_114.jpg,data_hirschberg\eye-classification\train\EXOTROPIA\exotropia_114.jpg,train,train,EXOTROPIA,exotropia,True,UNKNOWN,exotropia:exotropia_114,legacy_or_unknown_hirschberg_crop,user_attested_doctor_confirmed_folder_label,User states labels were previously confirmed by doctors at an organization; no separate clinician manifest was present in the folder.,UNKNOWN,UNKNOWN_CROPPED_224,UNKNOWN,UNKNOWN,UNKNOWN,UNKNOWN,UNKNOWN,1dca59f920b7b4d27917322cfe2c7dc25b689a3cf386fa187a7f520cdbf56ee8,224,224,JPEG,RGB,exploratory_only_until_participant_id_and_protocol_are_confirmed
hirschberg-folder-labels-v0.1,train/EXOTROPIA/exotropia_115.jpg,data_hirschberg\eye-classification\train\EXOTROPIA\exotropia_115.jpg,train,test,EXOTROPIA,exotropia,True,UNKNOWN,exotropia:exotropia_115,legacy_or_unknown_hirschberg_crop,user_attested_doctor_confirmed_folder_label,User states labels were previously confirmed by doctors at an organization; no separate clinician manifest was present in the folder.,UNKNOWN,UNKNOWN_CROPPED_224,UNKNOWN,UNKNOWN,UNKNOWN,UNKNOWN,UNKNOWN,92df2ca49490fe5c3fb7dc9dc590e678bbb7f6677073240f541386b49b71490f,224,224,JPEG,RGB,exploratory_only_until_participant_id_and_protocol_are_confirmed
hirschberg-folder-labels-v0.1,train/EXOTROPIA/exotropia_116.jpg,data_hirschberg\eye-classification\train\EXOTROPIA\exotropia_116.jpg,train,train,EXOTROPIA,exotropia,True,UNKNOWN,exotropia:exotropia_116,legacy_or_unknown_hirschberg_crop,user_attested_doctor_confirmed_folder_label,User states labels were previously confirmed by doctors at an organization; no separate clinician manifest was present in the folder.,UNKNOWN,UNKNOWN_CROPPED_224,UNKNOWN,UNKNOWN,UNKNOWN,UNKNOWN,UNKNOWN,1d95398fb9fa926ed0ea885146b37d4a869ccee3c0f7acf9d86dd15559c810a3,224,224,JPEG,RGB,exploratory_only_until_participant_id_and_protocol_are_confirmed
hirschberg-folder-labels-v0.1,train/EXOTROPIA/exotropia_117.jpg,data_hirschberg\eye-classification\train\EXOTROPIA\exotropia_117.jpg,train,train,EXOTROPIA,exotropia,True,UNKNOWN,exotropia:exotropia_117,legacy_or_unknown_hirschberg_crop,user_attested_doctor_confirmed_folder_label,User states labels were previously confirmed by doctors at an organization; no separate clinician manifest was present in the folder.,UNKNOWN,UNKNOWN_CROPPED_224,UNKNOWN,UNKNOWN,UNKNOWN,UNKNOWN,UNKNOWN,53cc8c3e6ad7587e5b6e79777d1262f44dcefdfcf5cb98faa65d3be1ce266222,224,224,JPEG,RGB,exploratory_only_until_participant_id_and_protocol_are_confirmed
hirschberg-folder-labels-v0.1,train/EXOTROPIA/exotropia_118.jpg,data_hirschberg\eye-classification\train\EXOTROPIA\exotropia_118.jpg,train,train,EXOTROPIA,exotropia,True,UNKNOWN,exotropia:exotropia_118,legacy_or_unknown_hirschberg_crop,user_attested_doctor_confirmed_folder_label,User states labels were previously confirmed by doctors at an organization; no separate clinician manifest was present in the folder.,UNKNOWN,UNKNOWN_CROPPED_224,UNKNOWN,UNKNOWN,UNKNOWN,UNKNOWN,UNKNOWN,455ec3a000f550ccb49a55397b4e9b26c0a8bda7c66fc65a0ee508d0cac9a4ae,224,224,JPEG,RGB,exploratory_only_until_participant_id_and_protocol_are_confirmed
hirschberg-folder-labels-v0.1,train/EXOTROPIA/exotropia_119.jpg,data_hirschberg\eye-classification\train\EXOTROPIA\exotropia_119.jpg,train,val,EXOTROPIA,exotropia,True,UNKNOWN,exotropia:exotropia_119,legacy_or_unknown_hirschberg_crop,user_attested_doctor_confirmed_folder_label,User states labels were previously confirmed by doctors at an organization; no separate clinician manifest was present in the folder.,UNKNOWN,UNKNOWN_CROPPED_224,UNKNOWN,UNKNOWN,UNKNOWN,UNKNOWN,UNKNOWN,8dabac7bd58a1121ebc7698683a64e4fc12055fce268effe559d50db0427f93f,224,224,JPEG,RGB,exploratory_only_until_participant_id_and_protocol_are_confirmed
hirschberg-folder-labels-v0.1,train/EXOTROPIA/exotropia_120.jpg,data_hirschberg\eye-classification\train\EXOTROPIA\exotropia_120.jpg,train,train,EXOTROPIA,exotropia,True,UNKNOWN,exotropia:exotropia_120,legacy_or_unknown_hirschberg_crop,user_attested_doctor_confirmed_folder_label,User states labels were previously confirmed by doctors at an organization; no separate clinician manifest was present in the folder.,UNKNOWN,UNKNOWN_CROPPED_224,UNKNOWN,UNKNOWN,UNKNOWN,UNKNOWN,UNKNOWN,07d145eaa23f9fb54f1939ef57483e59ea8aae8a4e7a4e0a5d9d251fa74babcb,224,224,JPEG,RGB,exploratory_only_until_participant_id_and_protocol_are_confirmed
hirschberg-folder-labels-v0.1,train/EXOTROPIA/exotropia_121.jpg,data_hirschberg\eye-classification\train\EXOTROPIA\exotropia_121.jpg,train,test,EXOTROPIA,exotropia,True,UNKNOWN,exotropia:exotropia_121,legacy_or_unknown_hirschberg_crop,user_attested_doctor_confirmed_folder_label,User states labels were previously confirmed by doctors at an organization; no separate clinician manifest was present in the folder.,UNKNOWN,UNKNOWN_CROPPED_224,UNKNOWN,UNKNOWN,UNKNOWN,UNKNOWN,UNKNOWN,c1b37b1b6cc7964de5dffcd6ce16ffb535ec8e6be0f44cd79d322422093e8c8a,224,224,JPEG,RGB,exploratory_only_until_participant_id_and_protocol_are_confirmed
hirschberg-folder-labels-v0.1,train/EXOTROPIA/exotropia_122.jpg,data_hirschberg\eye-classification\train\EXOTROPIA\exotropia_122.jpg,train,train,EXOTROPIA,exotropia,True,UNKNOWN,exotropia:exotropia_122,legacy_or_unknown_hirschberg_crop,user_attested_doctor_confirmed_folder_label,User states labels were previously confirmed by doctors at an organization; no separate clinician manifest was present in the folder.,UNKNOWN,UNKNOWN_CROPPED_224,UNKNOWN,UNKNOWN,UNKNOWN,UNKNOWN,UNKNOWN,11251f9370e13f19fc0e41c1e317d77f4c842512cc279d27b0267c0b8e7dd4bf,224,224,JPEG,RGB,exploratory_only_until_participant_id_and_protocol_are_confirmed
hirschberg-folder-labels-v0.1,train/EXOTROPIA/exotropia_123.jpg,data_hirschberg\eye-classification\train\EXOTROPIA\exotropia_123.jpg,train,test,EXOTROPIA,exotropia,True,UNKNOWN,exotropia:exotropia_123,legacy_or_unknown_hirschberg_crop,user_attested_doctor_confirmed_folder_label,User states labels were previously confirmed by doctors at an organization; no separate clinician manifest was present in the folder.,UNKNOWN,UNKNOWN_CROPPED_224,UNKNOWN,UNKNOWN,UNKNOWN,UNKNOWN,UNKNOWN,d4ae293253b0c8595bf7d3c2652304b60354f8951716ed3021aa52c496d781e3,224,224,JPEG,RGB,exploratory_only_until_participant_id_and_protocol_are_confirmed
hirschberg-folder-labels-v0.1,train/EXOTROPIA/exotropia_124.jpg,data_hirschberg\eye-classification\train\EXOTROPIA\exotropia_124.jpg,train,train,EXOTROPIA,exotropia,True,UNKNOWN,exotropia:exotropia_124,legacy_or_unknown_hirschberg_crop,user_attested_doctor_confirmed_folder_label,User states labels were previously confirmed by doctors at an organization; no separate clinician manifest was present in the folder.,UNKNOWN,UNKNOWN_CROPPED_224,UNKNOWN,UNKNOWN,UNKNOWN,UNKNOWN,UNKNOWN,628b5ef88231acc9d28d70addb1e207e570a0ca6912338e41879d6a68085aa04,224,224,JPEG,RGB,exploratory_only_until_participant_id_and_protocol_are_confirmed
hirschberg-folder-labels-v0.1,train/EXOTROPIA/exotropia_125.jpg,data_hirschberg\eye-classification\train\EXOTROPIA\exotropia_125.jpg,train,test,EXOTROPIA,exotropia,True,UNKNOWN,exotropia:exotropia_125,legacy_or_unknown_hirschberg_crop,user_attested_doctor_confirmed_folder_label,User states labels were previously confirmed by doctors at an organization; no separate clinician manifest was present in the folder.,UNKNOWN,UNKNOWN_CROPPED_224,UNKNOWN,UNKNOWN,UNKNOWN,UNKNOWN,UNKNOWN,f8e6cca6e7916d5f7dc9ea13ed0e5828541ec1efab670ee2d081d9afd67c7aed,224,224,JPEG,RGB,exploratory_only_until_participant_id_and_protocol_are_confirmed
hirschberg-folder-labels-v0.1,train/EXOTROPIA/exotropia_126.jpg,data_hirschberg\eye-classification\train\EXOTROPIA\exotropia_126.jpg,train,train,EXOTROPIA,exotropia,True,UNKNOWN,exotropia:exotropia_126,legacy_or_unknown_hirschberg_crop,user_attested_doctor_confirmed_folder_label,User states labels were previously confirmed by doctors at an organization; no separate clinician manifest was present in the folder.,UNKNOWN,UNKNOWN_CROPPED_224,UNKNOWN,UNKNOWN,UNKNOWN,UNKNOWN,UNKNOWN,2f7e380bc04e10054b7ef8781a52e19a633f3d57665b29644e78d29a151c0c21,224,224,JPEG,RGB,exploratory_only_until_participant_id_and_protocol_are_confirmed
hirschberg-folder-labels-v0.1,train/EXOTROPIA/exotropia_127.jpg,data_hirschberg\eye-classification\train\EXOTROPIA\exotropia_127.jpg,train,val,EXOTROPIA,exotropia,True,UNKNOWN,exotropia:exotropia_127,legacy_or_unknown_hirschberg_crop,user_attested_doctor_confirmed_folder_label,User states labels were previously confirmed by doctors at an organization; no separate clinician manifest was present in the folder.,UNKNOWN,UNKNOWN_CROPPED_224,UNKNOWN,UNKNOWN,UNKNOWN,UNKNOWN,UNKNOWN,c91b65b901598fd94196d19fd586ca5b55d0e4a328c0db8b6a194e214d0bd373,224,224,JPEG,RGB,exploratory_only_until_participant_id_and_protocol_are_confirmed
hirschberg-folder-labels-v0.1,train/EXOTROPIA/exotropia_128.jpg,data_hirschberg\eye-classification\train\EXOTROPIA\exotropia_128.jpg,train,train,EXOTROPIA,exotropia,True,UNKNOWN,exotropia:exotropia_128,legacy_or_unknown_hirschberg_crop,user_attested_doctor_confirmed_folder_label,User states labels were previously confirmed by doctors at an organization; no separate clinician manifest was present in the folder.,UNKNOWN,UNKNOWN_CROPPED_224,UNKNOWN,UNKNOWN,UNKNOWN,UNKNOWN,UNKNOWN,ed7dada02ad570bf3eea0eab269cf5e478581606f1da935f5fd9c2caa06d9429,224,224,JPEG,RGB,exploratory_only_until_participant_id_and_protocol_are_confirmed
hirschberg-folder-labels-v0.1,train/EXOTROPIA/exotropia_129.jpg,data_hirschberg\eye-classification\train\EXOTROPIA\exotropia_129.jpg,train,test,EXOTROPIA,exotropia,True,UNKNOWN,exotropia:exotropia_129,legacy_or_unknown_hirschberg_crop,user_attested_doctor_confirmed_folder_label,User states labels were previously confirmed by doctors at an organization; no separate clinician manifest was present in the folder.,UNKNOWN,UNKNOWN_CROPPED_224,UNKNOWN,UNKNOWN,UNKNOWN,UNKNOWN,UNKNOWN,abfc609da6f8f227d9cbc8e39c5dc203cf7521f39f4e271d12ed4c27a0721cbd,224,224,JPEG,RGB,exploratory_only_until_participant_id_and_protocol_are_confirmed
hirschberg-folder-labels-v0.1,train/EXOTROPIA/exotropia_130.jpg,data_hirschberg\eye-classification\train\EXOTROPIA\exotropia_130.jpg,train,train,EXOTROPIA,exotropia,True,UNKNOWN,exotropia:exotropia_130,legacy_or_unknown_hirschberg_crop,user_attested_doctor_confirmed_folder_label,User states labels were previously confirmed by doctors at an organization; no separate clinician manifest was present in the folder.,UNKNOWN,UNKNOWN_CROPPED_224,UNKNOWN,UNKNOWN,UNKNOWN,UNKNOWN,UNKNOWN,81a90080c02e5bde6e59dce14abecc6675d7790cbc8346b74896f779ab33cb3b,224,224,JPEG,RGB,exploratory_only_until_participant_id_and_protocol_are_confirmed
hirschberg-folder-labels-v0.1,train/EXOTROPIA/exotropia_131.jpg,data_hirschberg\eye-classification\train\EXOTROPIA\exotropia_131.jpg,train,test,EXOTROPIA,exotropia,True,UNKNOWN,exotropia:exotropia_131,legacy_or_unknown_hirschberg_crop,user_attested_doctor_confirmed_folder_label,User states labels were previously confirmed by doctors at an organization; no separate clinician manifest was present in the folder.,UNKNOWN,UNKNOWN_CROPPED_224,UNKNOWN,UNKNOWN,UNKNOWN,UNKNOWN,UNKNOWN,9e43dcae13f5f3e976682e509c2ef54344ab30547078a1e428c98a19b696afa2,224,224,JPEG,RGB,exploratory_only_until_participant_id_and_protocol_are_confirmed
hirschberg-folder-labels-v0.1,train/EXOTROPIA/exotropia_132.jpg,data_hirschberg\eye-classification\train\EXOTROPIA\exotropia_132.jpg,train,train,EXOTROPIA,exotropia,True,UNKNOWN,exotropia:exotropia_132,legacy_or_unknown_hirschberg_crop,user_attested_doctor_confirmed_folder_label,User states labels were previously confirmed by doctors at an organization; no separate clinician manifest was present in the folder.,UNKNOWN,UNKNOWN_CROPPED_224,UNKNOWN,UNKNOWN,UNKNOWN,UNKNOWN,UNKNOWN,20c89c586474c74083894c8e58ae65e5b458a25c8bd02e9eb2f41b6baa4a80d1,224,224,JPEG,RGB,exploratory_only_until_participant_id_and_protocol_are_confirmed
hirschberg-folder-labels-v0.1,train/EXOTROPIA/exotropia_133.jpg,data_hirschberg\eye-classification\train\EXOTROPIA\exotropia_133.jpg,train,train,EXOTROPIA,exotropia,True,UNKNOWN,exotropia:exotropia_133,legacy_or_unknown_hirschberg_crop,user_attested_doctor_confirmed_folder_label,User states labels were previously confirmed by doctors at an organization; no separate clinician manifest was present in the folder.,UNKNOWN,UNKNOWN_CROPPED_224,UNKNOWN,UNKNOWN,UNKNOWN,UNKNOWN,UNKNOWN,29471392063158aa2053fc571f3cb9f79f3efeb01a16b0c3e583b2611c2f81c3,224,224,JPEG,RGB,exploratory_only_until_participant_id_and_protocol_are_confirmed
hirschberg-folder-labels-v0.1,train/EXOTROPIA/exotropia_134.jpg,data_hirschberg\eye-classification\train\EXOTROPIA\exotropia_134.jpg,train,train,EXOTROPIA,exotropia,True,UNKNOWN,exotropia:exotropia_134,legacy_or_unknown_hirschberg_crop,user_attested_doctor_confirmed_folder_label,User states labels were previously confirmed by doctors at an organization; no separate clinician manifest was present in the folder.,UNKNOWN,UNKNOWN_CROPPED_224,UNKNOWN,UNKNOWN,UNKNOWN,UNKNOWN,UNKNOWN,3542c9c00847a40adde1b39f0fb9fd0ec07b313a0fb0958edebd2daa9930805f,224,224,JPEG,RGB,exploratory_only_until_participant_id_and_protocol_are_confirmed
hirschberg-folder-labels-v0.1,train/EXOTROPIA/exotropia_135.jpg,data_hirschberg\eye-classification\train\EXOTROPIA\exotropia_135.jpg,train,train,EXOTROPIA,exotropia,True,UNKNOWN,exotropia:exotropia_135,legacy_or_unknown_hirschberg_crop,user_attested_doctor_confirmed_folder_label,User states labels were previously confirmed by doctors at an organization; no separate clinician manifest was present in the folder.,UNKNOWN,UNKNOWN_CROPPED_224,UNKNOWN,UNKNOWN,UNKNOWN,UNKNOWN,UNKNOWN,6bfbf567d9d2a0b9b6a47429cf3bd9fcaf8087700b4d2946db068d085a5acb15,224,224,JPEG,RGB,exploratory_only_until_participant_id_and_protocol_are_confirmed
hirschberg-folder-labels-v0.1,train/EXOTROPIA/exotropia_136.jpg,data_hirschberg\eye-classification\train\EXOTROPIA\exotropia_136.jpg,train,val,EXOTROPIA,exotropia,True,UNKNOWN,exotropia:exotropia_136,legacy_or_unknown_hirschberg_crop,user_attested_doctor_confirmed_folder_label,User states labels were previously confirmed by doctors at an organization; no separate clinician manifest was present in the folder.,UNKNOWN,UNKNOWN_CROPPED_224,UNKNOWN,UNKNOWN,UNKNOWN,UNKNOWN,UNKNOWN,51b3e1140bf5f8dd3e8151c4bc093531e0efd1886843aa8d00a161ca029dff3b,224,224,JPEG,RGB,exploratory_only_until_participant_id_and_protocol_are_confirmed
hirschberg-folder-labels-v0.1,train/EXOTROPIA/exotropia_137.jpg,data_hirschberg\eye-classification\train\EXOTROPIA\exotropia_137.jpg,train,train,EXOTROPIA,exotropia,True,UNKNOWN,exotropia:exotropia_137,legacy_or_unknown_hirschberg_crop,user_attested_doctor_confirmed_folder_label,User states labels were previously confirmed by doctors at an organization; no separate clinician manifest was present in the folder.,UNKNOWN,UNKNOWN_CROPPED_224,UNKNOWN,UNKNOWN,UNKNOWN,UNKNOWN,UNKNOWN,41914b503bc6a22f6be961a688a81a1764585eca50e4f4a5fb576f21509b5413,224,224,JPEG,RGB,exploratory_only_until_participant_id_and_protocol_are_confirmed
hirschberg-folder-labels-v0.1,train/EXOTROPIA/exotropia_138.jpg,data_hirschberg\eye-classification\train\EXOTROPIA\exotropia_138.jpg,train,train,EXOTROPIA,exotropia,True,UNKNOWN,exotropia:exotropia_138,legacy_or_unknown_hirschberg_crop,user_attested_doctor_confirmed_folder_label,User states labels were previously confirmed by doctors at an organization; no separate clinician manifest was present in the folder.,UNKNOWN,UNKNOWN_CROPPED_224,UNKNOWN,UNKNOWN,UNKNOWN,UNKNOWN,UNKNOWN,7f66b3289049f5691dd8c9471d3b652a6f17b6946543199c1b1f11c7fc558cb1,224,224,JPEG,RGB,exploratory_only_until_participant_id_and_protocol_are_confirmed
hirschberg-folder-labels-v0.1,train/EXOTROPIA/exotropia_139.jpg,data_hirschberg\eye-classification\train\EXOTROPIA\exotropia_139.jpg,train,train,EXOTROPIA,exotropia,True,UNKNOWN,exotropia:exotropia_139,legacy_or_unknown_hirschberg_crop,user_attested_doctor_confirmed_folder_label,User states labels were previously confirmed by doctors at an organization; no separate clinician manifest was present in the folder.,UNKNOWN,UNKNOWN_CROPPED_224,UNKNOWN,UNKNOWN,UNKNOWN,UNKNOWN,UNKNOWN,540dc25a42eeb3a606a59c1c58d61f4d018a30b4d0e23a45d32dd0e2b8d5f2eb,224,224,JPEG,RGB,exploratory_only_until_participant_id_and_protocol_are_confirmed
hirschberg-folder-labels-v0.1,train/EXOTROPIA/exotropia_140.jpg,data_hirschberg\eye-classification\train\EXOTROPIA\exotropia_140.jpg,train,train,EXOTROPIA,exotropia,True,UNKNOWN,exotropia:exotropia_140,legacy_or_unknown_hirschberg_crop,user_attested_doctor_confirmed_folder_label,User states labels were previously confirmed by doctors at an organization; no separate clinician manifest was present in the folder.,UNKNOWN,UNKNOWN_CROPPED_224,UNKNOWN,UNKNOWN,UNKNOWN,UNKNOWN,UNKNOWN,2fbd0dcdef5942be23c3e458b1d42682e1658955336f15a1d11ca7fc9bcba0cb,224,224,JPEG,RGB,exploratory_only_until_participant_id_and_protocol_are_confirmed
hirschberg-folder-labels-v0.1,train/EXOTROPIA/exotropia_141.jpg,data_hirschberg\eye-classification\train\EXOTROPIA\exotropia_141.jpg,train,train,EXOTROPIA,exotropia,True,UNKNOWN,exotropia:exotropia_141,legacy_or_unknown_hirschberg_crop,user_attested_doctor_confirmed_folder_label,User states labels were previously confirmed by doctors at an organization; no separate clinician manifest was present in the folder.,UNKNOWN,UNKNOWN_CROPPED_224,UNKNOWN,UNKNOWN,UNKNOWN,UNKNOWN,UNKNOWN,fd182cd380f5864a8b326901b70cab86d8e331b52b8bc33cccc271d7aa527602,224,224,JPEG,RGB,exploratory_only_until_participant_id_and_protocol_are_confirmed
hirschberg-folder-labels-v0.1,train/EXOTROPIA/exotropia_142.jpg,data_hirschberg\eye-classification\train\EXOTROPIA\exotropia_142.jpg,train,test,EXOTROPIA,exotropia,True,UNKNOWN,exotropia:exotropia_142,legacy_or_unknown_hirschberg_crop,user_attested_doctor_confirmed_folder_label,User states labels were previously confirmed by doctors at an organization; no separate clinician manifest was present in the folder.,UNKNOWN,UNKNOWN_CROPPED_224,UNKNOWN,UNKNOWN,UNKNOWN,UNKNOWN,UNKNOWN,b87203ee680dcc19bb74d815ba19b8a41764b795b542518b1061a2e28ccfb0be,224,224,JPEG,RGB,exploratory_only_until_participant_id_and_protocol_are_confirmed
hirschberg-folder-labels-v0.1,train/EXOTROPIA/exotropia_143.jpg,data_hirschberg\eye-classification\train\EXOTROPIA\exotropia_143.jpg,train,train,EXOTROPIA,exotropia,True,UNKNOWN,exotropia:exotropia_143,legacy_or_unknown_hirschberg_crop,user_attested_doctor_confirmed_folder_label,User states labels were previously confirmed by doctors at an organization; no separate clinician manifest was present in the folder.,UNKNOWN,UNKNOWN_CROPPED_224,UNKNOWN,UNKNOWN,UNKNOWN,UNKNOWN,UNKNOWN,2781f7179d41952551e50983b4177562366c7b9bfb4d9ecee196c7b7e330032d,224,224,JPEG,RGB,exploratory_only_until_participant_id_and_protocol_are_confirmed
hirschberg-folder-labels-v0.1,train/EXOTROPIA/exotropia_144.jpg,data_hirschberg\eye-classification\train\EXOTROPIA\exotropia_144.jpg,train,train,EXOTROPIA,exotropia,True,UNKNOWN,exotropia:exotropia_144,legacy_or_unknown_hirschberg_crop,user_attested_doctor_confirmed_folder_label,User states labels were previously confirmed by doctors at an organization; no separate clinician manifest was present in the folder.,UNKNOWN,UNKNOWN_CROPPED_224,UNKNOWN,UNKNOWN,UNKNOWN,UNKNOWN,UNKNOWN,2f7738d31c46f4c8b5aef6e47650c0400ec63f86b7c25cb7f07936836eb1d70a,224,224,JPEG,RGB,exploratory_only_until_participant_id_and_protocol_are_confirmed
hirschberg-folder-labels-v0.1,train/EXOTROPIA/exotropia_145.jpg,data_hirschberg\eye-classification\train\EXOTROPIA\exotropia_145.jpg,train,train,EXOTROPIA,exotropia,True,UNKNOWN,exotropia:exotropia_145,legacy_or_unknown_hirschberg_crop,user_attested_doctor_confirmed_folder_label,User states labels were previously confirmed by doctors at an organization; no separate clinician manifest was present in the folder.,UNKNOWN,UNKNOWN_CROPPED_224,UNKNOWN,UNKNOWN,UNKNOWN,UNKNOWN,UNKNOWN,8af764bc70a8eb00fee47df8a6a3e2ab1dc44463e477cdae05e7faa90bae9a9f,224,224,JPEG,RGB,exploratory_only_until_participant_id_and_protocol_are_confirmed
hirschberg-folder-labels-v0.1,train/EXOTROPIA/exotropia_146.jpg,data_hirschberg\eye-classification\train\EXOTROPIA\exotropia_146.jpg,train,train,EXOTROPIA,exotropia,True,UNKNOWN,exotropia:exotropia_146,legacy_or_unknown_hirschberg_crop,user_attested_doctor_confirmed_folder_label,User states labels were previously confirmed by doctors at an organization; no separate clinician manifest was present in the folder.,UNKNOWN,UNKNOWN_CROPPED_224,UNKNOWN,UNKNOWN,UNKNOWN,UNKNOWN,UNKNOWN,439db66f73b0314ab6571bd8bf595a428d03f93f6a53ab74aee53a77e9d58847,224,224,JPEG,RGB,exploratory_only_until_participant_id_and_protocol_are_confirmed
hirschberg-folder-labels-v0.1,train/EXOTROPIA/exotropia_147.jpg,data_hirschberg\eye-classification\train\EXOTROPIA\exotropia_147.jpg,train,train,EXOTROPIA,exotropia,True,UNKNOWN,exotropia:exotropia_147,legacy_or_unknown_hirschberg_crop,user_attested_doctor_confirmed_folder_label,User states labels were previously confirmed by doctors at an organization; no separate clinician manifest was present in the folder.,UNKNOWN,UNKNOWN_CROPPED_224,UNKNOWN,UNKNOWN,UNKNOWN,UNKNOWN,UNKNOWN,c9ed5a7abfd23f404cd8bb77869dac0d7d7259ccf871b343404341f805e3c961,224,224,JPEG,RGB,exploratory_only_until_participant_id_and_protocol_are_confirmed
hirschberg-folder-labels-v0.1,train/EXOTROPIA/exotropia_148.jpg,data_hirschberg\eye-classification\train\EXOTROPIA\exotropia_148.jpg,train,train,EXOTROPIA,exotropia,True,UNKNOWN,exotropia:exotropia_148,legacy_or_unknown_hirschberg_crop,user_attested_doctor_confirmed_folder_label,User states labels were previously confirmed by doctors at an organization; no separate clinician manifest was present in the folder.,UNKNOWN,UNKNOWN_CROPPED_224,UNKNOWN,UNKNOWN,UNKNOWN,UNKNOWN,UNKNOWN,15fce90c91c6e83a882c8dd1570881836d0aaf34e9342049fa6847504b72ced8,224,224,JPEG,RGB,exploratory_only_until_participant_id_and_protocol_are_confirmed
hirschberg-folder-labels-v0.1,train/EXOTROPIA/exotropia_149.jpg,data_hirschberg\eye-classification\train\EXOTROPIA\exotropia_149.jpg,train,test,EXOTROPIA,exotropia,True,UNKNOWN,exotropia:exotropia_149,legacy_or_unknown_hirschberg_crop,user_attested_doctor_confirmed_folder_label,User states labels were previously confirmed by doctors at an organization; no separate clinician manifest was present in the folder.,UNKNOWN,UNKNOWN_CROPPED_224,UNKNOWN,UNKNOWN,UNKNOWN,UNKNOWN,UNKNOWN,0ac9540f6c3c917e033c23b355da03c31928a78f05a08a2607fdd8b3902b8f5a,224,224,JPEG,RGB,exploratory_only_until_participant_id_and_protocol_are_confirmed
hirschberg-folder-labels-v0.1,train/EXOTROPIA/exotropia_150.jpg,data_hirschberg\eye-classification\train\EXOTROPIA\exotropia_150.jpg,train,train,EXOTROPIA,exotropia,True,UNKNOWN,exotropia:exotropia_150,legacy_or_unknown_hirschberg_crop,user_attested_doctor_confirmed_folder_label,User states labels were previously confirmed by doctors at an organization; no separate clinician manifest was present in the folder.,UNKNOWN,UNKNOWN_CROPPED_224,UNKNOWN,UNKNOWN,UNKNOWN,UNKNOWN,UNKNOWN,b2df35a25a75def2e709de06751b5afee8f470473576ad67dbb2fd9589b29971,224,224,JPEG,RGB,exploratory_only_until_participant_id_and_protocol_are_confirmed
hirschberg-folder-labels-v0.1,train/EXOTROPIA/exotropia_151.jpg,data_hirschberg\eye-classification\train\EXOTROPIA\exotropia_151.jpg,train,train,EXOTROPIA,exotropia,True,UNKNOWN,exotropia:exotropia_151,legacy_or_unknown_hirschberg_crop,user_attested_doctor_confirmed_folder_label,User states labels were previously confirmed by doctors at an organization; no separate clinician manifest was present in the folder.,UNKNOWN,UNKNOWN_CROPPED_224,UNKNOWN,UNKNOWN,UNKNOWN,UNKNOWN,UNKNOWN,106f3f8c7dad94eb58db1bd891741d3fd5ca77b228ef900417a06ca629dbf443,224,224,JPEG,RGB,exploratory_only_until_participant_id_and_protocol_are_confirmed
hirschberg-folder-labels-v0.1,train/EXOTROPIA/exotropia_152.jpg,data_hirschberg\eye-classification\train\EXOTROPIA\exotropia_152.jpg,train,test,EXOTROPIA,exotropia,True,UNKNOWN,exotropia:exotropia_152,legacy_or_unknown_hirschberg_crop,user_attested_doctor_confirmed_folder_label,User states labels were previously confirmed by doctors at an organization; no separate clinician manifest was present in the folder.,UNKNOWN,UNKNOWN_CROPPED_224,UNKNOWN,UNKNOWN,UNKNOWN,UNKNOWN,UNKNOWN,9198f818670fc77ac63c7a82a6601ac30274a0142e6b0763d02fef6eab31667d,224,224,JPEG,RGB,exploratory_only_until_participant_id_and_protocol_are_confirmed
hirschberg-folder-labels-v0.1,train/EXOTROPIA/exotropia_153.jpg,data_hirschberg\eye-classification\train\EXOTROPIA\exotropia_153.jpg,train,val,EXOTROPIA,exotropia,True,UNKNOWN,exotropia:exotropia_153,legacy_or_unknown_hirschberg_crop,user_attested_doctor_confirmed_folder_label,User states labels were previously confirmed by doctors at an organization; no separate clinician manifest was present in the folder.,UNKNOWN,UNKNOWN_CROPPED_224,UNKNOWN,UNKNOWN,UNKNOWN,UNKNOWN,UNKNOWN,8a621e7ce7d41317485564897961538dd3e93c185974cfca4cd951b77795ba4b,224,224,JPEG,RGB,exploratory_only_until_participant_id_and_protocol_are_confirmed
hirschberg-folder-labels-v0.1,train/EXOTROPIA/exotropia_154.jpg,data_hirschberg\eye-classification\train\EXOTROPIA\exotropia_154.jpg,train,train,EXOTROPIA,exotropia,True,UNKNOWN,exotropia:exotropia_154,legacy_or_unknown_hirschberg_crop,user_attested_doctor_confirmed_folder_label,User states labels were previously confirmed by doctors at an organization; no separate clinician manifest was present in the folder.,UNKNOWN,UNKNOWN_CROPPED_224,UNKNOWN,UNKNOWN,UNKNOWN,UNKNOWN,UNKNOWN,93853340220f59d1df58884370bf0f8c44f0c5099a0559d317a84a03fb318fcf,224,224,JPEG,RGB,exploratory_only_until_participant_id_and_protocol_are_confirmed
hirschberg-folder-labels-v0.1,train/EXOTROPIA/exotropia_155.jpg,data_hirschberg\eye-classification\train\EXOTROPIA\exotropia_155.jpg,train,train,EXOTROPIA,exotropia,True,UNKNOWN,exotropia:exotropia_155,legacy_or_unknown_hirschberg_crop,user_attested_doctor_confirmed_folder_label,User states labels were previously confirmed by doctors at an organization; no separate clinician manifest was present in the folder.,UNKNOWN,UNKNOWN_CROPPED_224,UNKNOWN,UNKNOWN,UNKNOWN,UNKNOWN,UNKNOWN,c81e065fe0a2ceafa9cc44d1a1ae0aaa620a7ed551f12d8504f86caa5834a743,224,224,JPEG,RGB,exploratory_only_until_participant_id_and_protocol_are_confirmed
hirschberg-folder-labels-v0.1,train/EXOTROPIA/exotropia_156.jpg,data_hirschberg\eye-classification\train\EXOTROPIA\exotropia_156.jpg,train,train,EXOTROPIA,exotropia,True,UNKNOWN,exotropia:exotropia_156,legacy_or_unknown_hirschberg_crop,user_attested_doctor_confirmed_folder_label,User states labels were previously confirmed by doctors at an organization; no separate clinician manifest was present in the folder.,UNKNOWN,UNKNOWN_CROPPED_224,UNKNOWN,UNKNOWN,UNKNOWN,UNKNOWN,UNKNOWN,5a61235e5539a4b6014067f9292de05e09e517a945b1ee69519b6c01f0d6cc5c,224,224,JPEG,RGB,exploratory_only_until_participant_id_and_protocol_are_confirmed
hirschberg-folder-labels-v0.1,train/EXOTROPIA/exotropia_157.jpg,data_hirschberg\eye-classification\train\EXOTROPIA\exotropia_157.jpg,train,test,EXOTROPIA,exotropia,True,UNKNOWN,exotropia:exotropia_157,legacy_or_unknown_hirschberg_crop,user_attested_doctor_confirmed_folder_label,User states labels were previously confirmed by doctors at an organization; no separate clinician manifest was present in the folder.,UNKNOWN,UNKNOWN_CROPPED_224,UNKNOWN,UNKNOWN,UNKNOWN,UNKNOWN,UNKNOWN,6000881c6c7a3b43bba54a05d76b1d43396f1937e16da1e6e0123a5e5836bb5a,224,224,JPEG,RGB,exploratory_only_until_participant_id_and_protocol_are_confirmed
hirschberg-folder-labels-v0.1,train/EXOTROPIA/exotropia_158.jpg,data_hirschberg\eye-classification\train\EXOTROPIA\exotropia_158.jpg,train,train,EXOTROPIA,exotropia,True,UNKNOWN,exotropia:exotropia_158,legacy_or_unknown_hirschberg_crop,user_attested_doctor_confirmed_folder_label,User states labels were previously confirmed by doctors at an organization; no separate clinician manifest was present in the folder.,UNKNOWN,UNKNOWN_CROPPED_224,UNKNOWN,UNKNOWN,UNKNOWN,UNKNOWN,UNKNOWN,d371e0f4b2e2b51e05f3b87b3f91517e1f75f72730e6976f35fd8a13881ca2ac,224,224,JPEG,RGB,exploratory_only_until_participant_id_and_protocol_are_confirmed
hirschberg-folder-labels-v0.1,train/EXOTROPIA/exotropia_159.jpg,data_hirschberg\eye-classification\train\EXOTROPIA\exotropia_159.jpg,train,train,EXOTROPIA,exotropia,True,UNKNOWN,exotropia:exotropia_159,legacy_or_unknown_hirschberg_crop,user_attested_doctor_confirmed_folder_label,User states labels were previously confirmed by doctors at an organization; no separate clinician manifest was present in the folder.,UNKNOWN,UNKNOWN_CROPPED_224,UNKNOWN,UNKNOWN,UNKNOWN,UNKNOWN,UNKNOWN,da169f307043a27d64cc9b3c0e0f201a397fc032f7ac84f5e858bdb0f2a5393a,224,224,JPEG,RGB,exploratory_only_until_participant_id_and_protocol_are_confirmed
hirschberg-folder-labels-v0.1,train/EXOTROPIA/exotropia_160.jpg,data_hirschberg\eye-classification\train\EXOTROPIA\exotropia_160.jpg,train,test,EXOTROPIA,exotropia,True,UNKNOWN,exotropia:exotropia_160,legacy_or_unknown_hirschberg_crop,user_attested_doctor_confirmed_folder_label,User states labels were previously confirmed by doctors at an organization; no separate clinician manifest was present in the folder.,UNKNOWN,UNKNOWN_CROPPED_224,UNKNOWN,UNKNOWN,UNKNOWN,UNKNOWN,UNKNOWN,e72df90771e966171767edc54f0c8c31c3011720c0101e4cd9319ddf1cd07840,224,224,JPEG,RGB,exploratory_only_until_participant_id_and_protocol_are_confirmed
hirschberg-folder-labels-v0.1,train/EXOTROPIA/exotropia_161.jpg,data_hirschberg\eye-classification\train\EXOTROPIA\exotropia_161.jpg,train,test,EXOTROPIA,exotropia,True,UNKNOWN,exotropia:exotropia_161,legacy_or_unknown_hirschberg_crop,user_attested_doctor_confirmed_folder_label,User states labels were previously confirmed by doctors at an organization; no separate clinician manifest was present in the folder.,UNKNOWN,UNKNOWN_CROPPED_224,UNKNOWN,UNKNOWN,UNKNOWN,UNKNOWN,UNKNOWN,de3af00c020069b084cb816f98325637e549f16b5211dbb0233e03ed8ef73721,224,224,JPEG,RGB,exploratory_only_until_participant_id_and_protocol_are_confirmed
hirschberg-folder-labels-v0.1,train/EXOTROPIA/exotropia_162.jpg,data_hirschberg\eye-classification\train\EXOTROPIA\exotropia_162.jpg,train,train,EXOTROPIA,exotropia,True,UNKNOWN,exotropia:exotropia_162,legacy_or_unknown_hirschberg_crop,user_attested_doctor_confirmed_folder_label,User states labels were previously confirmed by doctors at an organization; no separate clinician manifest was present in the folder.,UNKNOWN,UNKNOWN_CROPPED_224,UNKNOWN,UNKNOWN,UNKNOWN,UNKNOWN,UNKNOWN,8064e72c25a5894de010a5c4c8bbf9be53f13b5d6f8e11bc376bd4ced1362990,224,224,JPEG,RGB,exploratory_only_until_participant_id_and_protocol_are_confirmed
hirschberg-folder-labels-v0.1,train/EXOTROPIA/exotropia_163.jpg,data_hirschberg\eye-classification\train\EXOTROPIA\exotropia_163.jpg,train,train,EXOTROPIA,exotropia,True,UNKNOWN,exotropia:exotropia_163,legacy_or_unknown_hirschberg_crop,user_attested_doctor_confirmed_folder_label,User states labels were previously confirmed by doctors at an organization; no separate clinician manifest was present in the folder.,UNKNOWN,UNKNOWN_CROPPED_224,UNKNOWN,UNKNOWN,UNKNOWN,UNKNOWN,UNKNOWN,029d4cbcafe3a6f7f088c38439a06f533b27b2e9467390cc32c2ba6af867d667,224,224,JPEG,RGB,exploratory_only_until_participant_id_and_protocol_are_confirmed
hirschberg-folder-labels-v0.1,train/EXOTROPIA/exotropia_164.jpg,data_hirschberg\eye-classification\train\EXOTROPIA\exotropia_164.jpg,train,train,EXOTROPIA,exotropia,True,UNKNOWN,exotropia:exotropia_164,legacy_or_unknown_hirschberg_crop,user_attested_doctor_confirmed_folder_label,User states labels were previously confirmed by doctors at an organization; no separate clinician manifest was present in the folder.,UNKNOWN,UNKNOWN_CROPPED_224,UNKNOWN,UNKNOWN,UNKNOWN,UNKNOWN,UNKNOWN,2203f7b74cc3a6e2feaf6683c393c7ad77ce25398510cd2e78b583631fa9669c,224,224,JPEG,RGB,exploratory_only_until_participant_id_and_protocol_are_confirmed
hirschberg-folder-labels-v0.1,train/EXOTROPIA/exotropia_165.jpg,data_hirschberg\eye-classification\train\EXOTROPIA\exotropia_165.jpg,train,train,EXOTROPIA,exotropia,True,UNKNOWN,exotropia:exotropia_165,legacy_or_unknown_hirschberg_crop,user_attested_doctor_confirmed_folder_label,User states labels were previously confirmed by doctors at an organization; no separate clinician manifest was present in the folder.,UNKNOWN,UNKNOWN_CROPPED_224,UNKNOWN,UNKNOWN,UNKNOWN,UNKNOWN,UNKNOWN,1a0043c0fe7119f4738a21165de2d97ce1d2b63f03df8510edae06e29606c5b7,224,224,JPEG,RGB,exploratory_only_until_participant_id_and_protocol_are_confirmed
hirschberg-folder-labels-v0.1,train/EXOTROPIA/exotropia_166.jpg,data_hirschberg\eye-classification\train\EXOTROPIA\exotropia_166.jpg,train,train,EXOTROPIA,exotropia,True,UNKNOWN,exotropia:exotropia_166,legacy_or_unknown_hirschberg_crop,user_attested_doctor_confirmed_folder_label,User states labels were previously confirmed by doctors at an organization; no separate clinician manifest was present in the folder.,UNKNOWN,UNKNOWN_CROPPED_224,UNKNOWN,UNKNOWN,UNKNOWN,UNKNOWN,UNKNOWN,ea9fb39920e7f9774a2987a5a0cfcf02164196cfceed913f05a9b5215fe6aed9,224,224,JPEG,RGB,exploratory_only_until_participant_id_and_protocol_are_confirmed
hirschberg-folder-labels-v0.1,train/EXOTROPIA/exotropia_167.jpg,data_hirschberg\eye-classification\train\EXOTROPIA\exotropia_167.jpg,train,val,EXOTROPIA,exotropia,True,UNKNOWN,exotropia:exotropia_167,legacy_or_unknown_hirschberg_crop,user_attested_doctor_confirmed_folder_label,User states labels were previously confirmed by doctors at an organization; no separate clinician manifest was present in the folder.,UNKNOWN,UNKNOWN_CROPPED_224,UNKNOWN,UNKNOWN,UNKNOWN,UNKNOWN,UNKNOWN,d501bce02c9c59683b4b7579c6daffa697a453c44282573211e3f63b6828e135,224,224,JPEG,RGB,exploratory_only_until_participant_id_and_protocol_are_confirmed
hirschberg-folder-labels-v0.1,train/EXOTROPIA/exotropia_168.jpg,data_hirschberg\eye-classification\train\EXOTROPIA\exotropia_168.jpg,train,val,EXOTROPIA,exotropia,True,UNKNOWN,exotropia:exotropia_168,legacy_or_unknown_hirschberg_crop,user_attested_doctor_confirmed_folder_label,User states labels were previously confirmed by doctors at an organization; no separate clinician manifest was present in the folder.,UNKNOWN,UNKNOWN_CROPPED_224,UNKNOWN,UNKNOWN,UNKNOWN,UNKNOWN,UNKNOWN,0d7870044a1af155e06c0517d1dda5940e67f788cc6c10f955601ba08b416855,224,224,JPEG,RGB,exploratory_only_until_participant_id_and_protocol_are_confirmed
hirschberg-folder-labels-v0.1,train/EXOTROPIA/exotropia_169.jpg,data_hirschberg\eye-classification\train\EXOTROPIA\exotropia_169.jpg,train,val,EXOTROPIA,exotropia,True,UNKNOWN,exotropia:exotropia_169,legacy_or_unknown_hirschberg_crop,user_attested_doctor_confirmed_folder_label,User states labels were previously confirmed by doctors at an organization; no separate clinician manifest was present in the folder.,UNKNOWN,UNKNOWN_CROPPED_224,UNKNOWN,UNKNOWN,UNKNOWN,UNKNOWN,UNKNOWN,ad66a871466bad4725ab0fe2166169355d40564730c173fb84cd2f08326f23ea,224,224,JPEG,RGB,exploratory_only_until_participant_id_and_protocol_are_confirmed
hirschberg-folder-labels-v0.1,train/EXOTROPIA/exotropia_170.jpg,data_hirschberg\eye-classification\train\EXOTROPIA\exotropia_170.jpg,train,test,EXOTROPIA,exotropia,True,UNKNOWN,exotropia:exotropia_170,legacy_or_unknown_hirschberg_crop,user_attested_doctor_confirmed_folder_label,User states labels were previously confirmed by doctors at an organization; no separate clinician manifest was present in the folder.,UNKNOWN,UNKNOWN_CROPPED_224,UNKNOWN,UNKNOWN,UNKNOWN,UNKNOWN,UNKNOWN,8d0eaf4082471672467bd6354274355e039f23240faf4a697d22e3b099b78c6b,224,224,JPEG,RGB,exploratory_only_until_participant_id_and_protocol_are_confirmed
hirschberg-folder-labels-v0.1,train/EXOTROPIA/exotropia_171.jpg,data_hirschberg\eye-classification\train\EXOTROPIA\exotropia_171.jpg,train,train,EXOTROPIA,exotropia,True,UNKNOWN,exotropia:exotropia_171,legacy_or_unknown_hirschberg_crop,user_attested_doctor_confirmed_folder_label,User states labels were previously confirmed by doctors at an organization; no separate clinician manifest was present in the folder.,UNKNOWN,UNKNOWN_CROPPED_224,UNKNOWN,UNKNOWN,UNKNOWN,UNKNOWN,UNKNOWN,a979cf7f6b13ad6c09d723db877ef6536ab5c2548b5eeed5e078225ade2ed720,224,224,JPEG,RGB,exploratory_only_until_participant_id_and_protocol_are_confirmed
hirschberg-folder-labels-v0.1,train/EXOTROPIA/exotropia_172.jpg,data_hirschberg\eye-classification\train\EXOTROPIA\exotropia_172.jpg,train,val,EXOTROPIA,exotropia,True,UNKNOWN,exotropia:exotropia_172,legacy_or_unknown_hirschberg_crop,user_attested_doctor_confirmed_folder_label,User states labels were previously confirmed by doctors at an organization; no separate clinician manifest was present in the folder.,UNKNOWN,UNKNOWN_CROPPED_224,UNKNOWN,UNKNOWN,UNKNOWN,UNKNOWN,UNKNOWN,e228b557cefeeeb00b8a2cc8a559ab230fd366b68542688a77c2b160d25f8627,224,224,JPEG,RGB,exploratory_only_until_participant_id_and_protocol_are_confirmed
hirschberg-folder-labels-v0.1,train/EXOTROPIA/exotropia_173.jpg,data_hirschberg\eye-classification\train\EXOTROPIA\exotropia_173.jpg,train,train,EXOTROPIA,exotropia,True,UNKNOWN,exotropia:exotropia_173,legacy_or_unknown_hirschberg_crop,user_attested_doctor_confirmed_folder_label,User states labels were previously confirmed by doctors at an organization; no separate clinician manifest was present in the folder.,UNKNOWN,UNKNOWN_CROPPED_224,UNKNOWN,UNKNOWN,UNKNOWN,UNKNOWN,UNKNOWN,ef398a1eb04616291150185c9db7216741bc58e90b814a17b3c443dda0bf58c5,224,224,JPEG,RGB,exploratory_only_until_participant_id_and_protocol_are_confirmed
hirschberg-folder-labels-v0.1,train/EXOTROPIA/exotropia_174.jpg,data_hirschberg\eye-classification\train\EXOTROPIA\exotropia_174.jpg,train,test,EXOTROPIA,exotropia,True,UNKNOWN,exotropia:exotropia_174,legacy_or_unknown_hirschberg_crop,user_attested_doctor_confirmed_folder_label,User states labels were previously confirmed by doctors at an organization; no separate clinician manifest was present in the folder.,UNKNOWN,UNKNOWN_CROPPED_224,UNKNOWN,UNKNOWN,UNKNOWN,UNKNOWN,UNKNOWN,aac87b41985c681dd19a51dd2cdeaf301bd5a015ea4c1c695e1bea813ae935d1,224,224,JPEG,RGB,exploratory_only_until_participant_id_and_protocol_are_confirmed
hirschberg-folder-labels-v0.1,train/EXOTROPIA/exotropia_175.jpg,data_hirschberg\eye-classification\train\EXOTROPIA\exotropia_175.jpg,train,test,EXOTROPIA,exotropia,True,UNKNOWN,exotropia:exotropia_175,legacy_or_unknown_hirschberg_crop,user_attested_doctor_confirmed_folder_label,User states labels were previously confirmed by doctors at an organization; no separate clinician manifest was present in the folder.,UNKNOWN,UNKNOWN_CROPPED_224,UNKNOWN,UNKNOWN,UNKNOWN,UNKNOWN,UNKNOWN,5d7a7775284c5519ee9a87c06e6c2904b318f34afe247e64ef7328ccb58c9e06,224,224,JPEG,RGB,exploratory_only_until_participant_id_and_protocol_are_confirmed
hirschberg-folder-labels-v0.1,train/EXOTROPIA/exotropia_176.jpg,data_hirschberg\eye-classification\train\EXOTROPIA\exotropia_176.jpg,train,train,EXOTROPIA,exotropia,True,UNKNOWN,exotropia:exotropia_176,legacy_or_unknown_hirschberg_crop,user_attested_doctor_confirmed_folder_label,User states labels were previously confirmed by doctors at an organization; no separate clinician manifest was present in the folder.,UNKNOWN,UNKNOWN_CROPPED_224,UNKNOWN,UNKNOWN,UNKNOWN,UNKNOWN,UNKNOWN,d5fba5e1117b9c3193556eea2895659bfd50ee26bbf7f2eb832b6f4866d57803,224,224,JPEG,RGB,exploratory_only_until_participant_id_and_protocol_are_confirmed
hirschberg-folder-labels-v0.1,train/EXOTROPIA/exotropia_177.jpg,data_hirschberg\eye-classification\train\EXOTROPIA\exotropia_177.jpg,train,train,EXOTROPIA,exotropia,True,UNKNOWN,exotropia:exotropia_177,legacy_or_unknown_hirschberg_crop,user_attested_doctor_confirmed_folder_label,User states labels were previously confirmed by doctors at an organization; no separate clinician manifest was present in the folder.,UNKNOWN,UNKNOWN_CROPPED_224,UNKNOWN,UNKNOWN,UNKNOWN,UNKNOWN,UNKNOWN,1268aabf9da5f59d91eac7427f2b7d1f414cdf811e8bdfda3598b0a8cb75b5ce,224,224,JPEG,RGB,exploratory_only_until_participant_id_and_protocol_are_confirmed
hirschberg-folder-labels-v0.1,train/EXOTROPIA/exotropia_178.jpg,data_hirschberg\eye-classification\train\EXOTROPIA\exotropia_178.jpg,train,train,EXOTROPIA,exotropia,True,UNKNOWN,exotropia:exotropia_178,legacy_or_unknown_hirschberg_crop,user_attested_doctor_confirmed_folder_label,User states labels were previously confirmed by doctors at an organization; no separate clinician manifest was present in the folder.,UNKNOWN,UNKNOWN_CROPPED_224,UNKNOWN,UNKNOWN,UNKNOWN,UNKNOWN,UNKNOWN,74e413ca25528178bd4fc061b3ef0da529ee1017152064b5b8628df2e4b2b3db,224,224,JPEG,RGB,exploratory_only_until_participant_id_and_protocol_are_confirmed
hirschberg-folder-labels-v0.1,train/EXOTROPIA/exotropia_179.jpg,data_hirschberg\eye-classification\train\EXOTROPIA\exotropia_179.jpg,train,test,EXOTROPIA,exotropia,True,UNKNOWN,exotropia:exotropia_179,legacy_or_unknown_hirschberg_crop,user_attested_doctor_confirmed_folder_label,User states labels were previously confirmed by doctors at an organization; no separate clinician manifest was present in the folder.,UNKNOWN,UNKNOWN_CROPPED_224,UNKNOWN,UNKNOWN,UNKNOWN,UNKNOWN,UNKNOWN,33b98c9ca5e3127ad24395788067a2dec86f365f1fabb56db41eb2d39dccb706,224,224,JPEG,RGB,exploratory_only_until_participant_id_and_protocol_are_confirmed
hirschberg-folder-labels-v0.1,train/EXOTROPIA/exotropia_180.jpg,data_hirschberg\eye-classification\train\EXOTROPIA\exotropia_180.jpg,train,train,EXOTROPIA,exotropia,True,UNKNOWN,exotropia:exotropia_180,legacy_or_unknown_hirschberg_crop,user_attested_doctor_confirmed_folder_label,User states labels were previously confirmed by doctors at an organization; no separate clinician manifest was present in the folder.,UNKNOWN,UNKNOWN_CROPPED_224,UNKNOWN,UNKNOWN,UNKNOWN,UNKNOWN,UNKNOWN,71448714491470dddc13070f72d2bdb040795fd5492b71485dff8a8e61be3ee6,224,224,JPEG,RGB,exploratory_only_until_participant_id_and_protocol_are_confirmed
hirschberg-folder-labels-v0.1,train/EXOTROPIA/exotropia_181.jpg,data_hirschberg\eye-classification\train\EXOTROPIA\exotropia_181.jpg,train,train,EXOTROPIA,exotropia,True,UNKNOWN,exotropia:exotropia_181,legacy_or_unknown_hirschberg_crop,user_attested_doctor_confirmed_folder_label,User states labels were previously confirmed by doctors at an organization; no separate clinician manifest was present in the folder.,UNKNOWN,UNKNOWN_CROPPED_224,UNKNOWN,UNKNOWN,UNKNOWN,UNKNOWN,UNKNOWN,6538957bd2f8221dcc8d80179e82da0b19ae83ede4189ced991826fae2f8aa75,224,224,JPEG,RGB,exploratory_only_until_participant_id_and_protocol_are_confirmed
hirschberg-folder-labels-v0.1,train/EXOTROPIA/exotropia_182.jpg,data_hirschberg\eye-classification\train\EXOTROPIA\exotropia_182.jpg,train,val,EXOTROPIA,exotropia,True,UNKNOWN,exotropia:exotropia_182,legacy_or_unknown_hirschberg_crop,user_attested_doctor_confirmed_folder_label,User states labels were previously confirmed by doctors at an organization; no separate clinician manifest was present in the folder.,UNKNOWN,UNKNOWN_CROPPED_224,UNKNOWN,UNKNOWN,UNKNOWN,UNKNOWN,UNKNOWN,8c956d35d3654f9448f121baf0f2836d41c7e8e6d24a95523c21341604b854f7,224,224,JPEG,RGB,exploratory_only_until_participant_id_and_protocol_are_confirmed
hirschberg-folder-labels-v0.1,train/EXOTROPIA/exotropia_183.jpg,data_hirschberg\eye-classification\train\EXOTROPIA\exotropia_183.jpg,train,test,EXOTROPIA,exotropia,True,UNKNOWN,exotropia:exotropia_183,legacy_or_unknown_hirschberg_crop,user_attested_doctor_confirmed_folder_label,User states labels were previously confirmed by doctors at an organization; no separate clinician manifest was present in the folder.,UNKNOWN,UNKNOWN_CROPPED_224,UNKNOWN,UNKNOWN,UNKNOWN,UNKNOWN,UNKNOWN,c71f542cf7f01cbd8a03b1434f62eea89148b881729210324aa4a4a0882e8b29,224,224,JPEG,RGB,exploratory_only_until_participant_id_and_protocol_are_confirmed
hirschberg-folder-labels-v0.1,train/EXOTROPIA/exotropia_184.jpg,data_hirschberg\eye-classification\train\EXOTROPIA\exotropia_184.jpg,train,test,EXOTROPIA,exotropia,True,UNKNOWN,exotropia:exotropia_184,legacy_or_unknown_hirschberg_crop,user_attested_doctor_confirmed_folder_label,User states labels were previously confirmed by doctors at an organization; no separate clinician manifest was present in the folder.,UNKNOWN,UNKNOWN_CROPPED_224,UNKNOWN,UNKNOWN,UNKNOWN,UNKNOWN,UNKNOWN,cffe2ec42bd391278137e2a1364e4ebd97cda963280ec521ebf8aba9091feb74,224,224,JPEG,RGB,exploratory_only_until_participant_id_and_protocol_are_confirmed
hirschberg-folder-labels-v0.1,train/EXOTROPIA/exotropia_185.jpg,data_hirschberg\eye-classification\train\EXOTROPIA\exotropia_185.jpg,train,train,EXOTROPIA,exotropia,True,UNKNOWN,exotropia:exotropia_185,legacy_or_unknown_hirschberg_crop,user_attested_doctor_confirmed_folder_label,User states labels were previously confirmed by doctors at an organization; no separate clinician manifest was present in the folder.,UNKNOWN,UNKNOWN_CROPPED_224,UNKNOWN,UNKNOWN,UNKNOWN,UNKNOWN,UNKNOWN,6fa3fd111bb390eecf7c2b8104734b78b6ebeb562a1c5ce0fb54ddefd8b4c22b,224,224,JPEG,RGB,exploratory_only_until_participant_id_and_protocol_are_confirmed
hirschberg-folder-labels-v0.1,train/EXOTROPIA/exotropia_186.jpg,data_hirschberg\eye-classification\train\EXOTROPIA\exotropia_186.jpg,train,train,EXOTROPIA,exotropia,True,UNKNOWN,exotropia:exotropia_186,legacy_or_unknown_hirschberg_crop,user_attested_doctor_confirmed_folder_label,User states labels were previously confirmed by doctors at an organization; no separate clinician manifest was present in the folder.,UNKNOWN,UNKNOWN_CROPPED_224,UNKNOWN,UNKNOWN,UNKNOWN,UNKNOWN,UNKNOWN,7a14ecd18a8b70bc1a29f7d2856be31d37e55375fe5bb6c9ac3d587066460a35,224,224,JPEG,RGB,exploratory_only_until_participant_id_and_protocol_are_confirmed
hirschberg-folder-labels-v0.1,train/EXOTROPIA/exotropia_187.jpg,data_hirschberg\eye-classification\train\EXOTROPIA\exotropia_187.jpg,train,train,EXOTROPIA,exotropia,True,UNKNOWN,exotropia:exotropia_187,legacy_or_unknown_hirschberg_crop,user_attested_doctor_confirmed_folder_label,User states labels were previously confirmed by doctors at an organization; no separate clinician manifest was present in the folder.,UNKNOWN,UNKNOWN_CROPPED_224,UNKNOWN,UNKNOWN,UNKNOWN,UNKNOWN,UNKNOWN,8c3daf50577683c5604d10c32e0461f75e3cb31c12d3294dc2bd9d7c535739d7,224,224,JPEG,RGB,exploratory_only_until_participant_id_and_protocol_are_confirmed
hirschberg-folder-labels-v0.1,train/EXOTROPIA/exotropia_188.jpg,data_hirschberg\eye-classification\train\EXOTROPIA\exotropia_188.jpg,train,train,EXOTROPIA,exotropia,True,UNKNOWN,exotropia:exotropia_188,legacy_or_unknown_hirschberg_crop,user_attested_doctor_confirmed_folder_label,User states labels were previously confirmed by doctors at an organization; no separate clinician manifest was present in the folder.,UNKNOWN,UNKNOWN_CROPPED_224,UNKNOWN,UNKNOWN,UNKNOWN,UNKNOWN,UNKNOWN,c4d46f5542e0c218fdf1958baa91ef522445e5360b9f91a00863ee8a4f3a9275,224,224,JPEG,RGB,exploratory_only_until_participant_id_and_protocol_are_confirmed
hirschberg-folder-labels-v0.1,train/EXOTROPIA/exotropia_189.jpg,data_hirschberg\eye-classification\train\EXOTROPIA\exotropia_189.jpg,train,train,EXOTROPIA,exotropia,True,UNKNOWN,exotropia:exotropia_189,legacy_or_unknown_hirschberg_crop,user_attested_doctor_confirmed_folder_label,User states labels were previously confirmed by doctors at an organization; no separate clinician manifest was present in the folder.,UNKNOWN,UNKNOWN_CROPPED_224,UNKNOWN,UNKNOWN,UNKNOWN,UNKNOWN,UNKNOWN,d439d5dc77e0e93e0c5f69d9b974ddff42dbed35d0a03ddec81bde722ee1e462,224,224,JPEG,RGB,exploratory_only_until_participant_id_and_protocol_are_confirmed
hirschberg-folder-labels-v0.1,train/NORMAL/normal_001.jpg,data_hirschberg\eye-classification\train\NORMAL\normal_001.jpg,train,train,NORMAL,normal,False,UNKNOWN,normal:normal_001,legacy_or_unknown_hirschberg_crop,user_attested_doctor_confirmed_folder_label,User states labels were previously confirmed by doctors at an organization; no separate clinician manifest was present in the folder.,UNKNOWN,UNKNOWN_CROPPED_224,UNKNOWN,UNKNOWN,UNKNOWN,UNKNOWN,UNKNOWN,9f7b05ac85bbb6b6ec3ac75dfef3bc43c313f6d3e32b96d7d860e4b86de551ba,224,224,JPEG,RGB,exploratory_only_until_participant_id_and_protocol_are_confirmed
hirschberg-folder-labels-v0.1,train/NORMAL/normal_002.jpg,data_hirschberg\eye-classification\train\NORMAL\normal_002.jpg,train,train,NORMAL,normal,False,UNKNOWN,normal:normal_002,legacy_or_unknown_hirschberg_crop,user_attested_doctor_confirmed_folder_label,User states labels were previously confirmed by doctors at an organization; no separate clinician manifest was present in the folder.,UNKNOWN,UNKNOWN_CROPPED_224,UNKNOWN,UNKNOWN,UNKNOWN,UNKNOWN,UNKNOWN,b92efef9becc7eea42e2eefbff2b96c7d77e2580bbf07dad31cc6b9f34769c37,224,224,JPEG,RGB,exploratory_only_until_participant_id_and_protocol_are_confirmed
hirschberg-folder-labels-v0.1,train/NORMAL/normal_003.jpg,data_hirschberg\eye-classification\train\NORMAL\normal_003.jpg,train,train,NORMAL,normal,False,UNKNOWN,normal:normal_003,legacy_or_unknown_hirschberg_crop,user_attested_doctor_confirmed_folder_label,User states labels were previously confirmed by doctors at an organization; no separate clinician manifest was present in the folder.,UNKNOWN,UNKNOWN_CROPPED_224,UNKNOWN,UNKNOWN,UNKNOWN,UNKNOWN,UNKNOWN,26c6496acb8c9f0c227dbb87faa55de0095ffee7ffe73840de1ec9de0007cc8d,224,224,JPEG,RGB,exploratory_only_until_participant_id_and_protocol_are_confirmed
hirschberg-folder-labels-v0.1,train/NORMAL/normal_004.jpg,data_hirschberg\eye-classification\train\NORMAL\normal_004.jpg,train,val,NORMAL,normal,False,UNKNOWN,normal:normal_004,legacy_or_unknown_hirschberg_crop,user_attested_doctor_confirmed_folder_label,User states labels were previously confirmed by doctors at an organization; no separate clinician manifest was present in the folder.,UNKNOWN,UNKNOWN_CROPPED_224,UNKNOWN,UNKNOWN,UNKNOWN,UNKNOWN,UNKNOWN,2c3f91915a21bc93669624c02e5fd1960cf189a89a2efac2a00b9f851a254ece,224,224,JPEG,RGB,exploratory_only_until_participant_id_and_protocol_are_confirmed
hirschberg-folder-labels-v0.1,train/NORMAL/normal_005.jpg,data_hirschberg\eye-classification\train\NORMAL\normal_005.jpg,train,test,NORMAL,normal,False,UNKNOWN,normal:normal_005,legacy_or_unknown_hirschberg_crop,user_attested_doctor_confirmed_folder_label,User states labels were previously confirmed by doctors at an organization; no separate clinician manifest was present in the folder.,UNKNOWN,UNKNOWN_CROPPED_224,UNKNOWN,UNKNOWN,UNKNOWN,UNKNOWN,UNKNOWN,a265c01764505b3f6a45dbf3137340fbdd11288e3a193fd65a3aac72c6694df7,224,224,JPEG,RGB,exploratory_only_until_participant_id_and_protocol_are_confirmed
hirschberg-folder-labels-v0.1,train/NORMAL/normal_006.jpg,data_hirschberg\eye-classification\train\NORMAL\normal_006.jpg,train,test,NORMAL,normal,False,UNKNOWN,normal:normal_006,legacy_or_unknown_hirschberg_crop,user_attested_doctor_confirmed_folder_label,User states labels were previously confirmed by doctors at an organization; no separate clinician manifest was present in the folder.,UNKNOWN,UNKNOWN_CROPPED_224,UNKNOWN,UNKNOWN,UNKNOWN,UNKNOWN,UNKNOWN,7574efe2dc03e4a758f78d78b1fac76372863cec7f494e2784282ad2548d4295,224,224,JPEG,RGB,exploratory_only_until_participant_id_and_protocol_are_confirmed
hirschberg-folder-labels-v0.1,train/NORMAL/normal_007.jpg,data_hirschberg\eye-classification\train\NORMAL\normal_007.jpg,train,val,NORMAL,normal,False,UNKNOWN,normal:normal_007,legacy_or_unknown_hirschberg_crop,user_attested_doctor_confirmed_folder_label,User states labels were previously confirmed by doctors at an organization; no separate clinician manifest was present in the folder.,UNKNOWN,UNKNOWN_CROPPED_224,UNKNOWN,UNKNOWN,UNKNOWN,UNKNOWN,UNKNOWN,2b7716e1cf093efd527aa189924c0cadb50aa2a8bc56fc05f7d34a9c73aecf8e,224,224,JPEG,RGB,exploratory_only_until_participant_id_and_protocol_are_confirmed
hirschberg-folder-labels-v0.1,train/NORMAL/normal_008.jpg,data_hirschberg\eye-classification\train\NORMAL\normal_008.jpg,train,train,NORMAL,normal,False,UNKNOWN,normal:normal_008,legacy_or_unknown_hirschberg_crop,user_attested_doctor_confirmed_folder_label,User states labels were previously confirmed by doctors at an organization; no separate clinician manifest was present in the folder.,UNKNOWN,UNKNOWN_CROPPED_224,UNKNOWN,UNKNOWN,UNKNOWN,UNKNOWN,UNKNOWN,8b4a239447b37b1922af1bc9c6ccba3d2ce4de11825afcdb5a0eb7414a2540c4,224,224,JPEG,RGB,exploratory_only_until_participant_id_and_protocol_are_confirmed
hirschberg-folder-labels-v0.1,train/NORMAL/normal_009.jpg,data_hirschberg\eye-classification\train\NORMAL\normal_009.jpg,train,train,NORMAL,normal,False,UNKNOWN,normal:normal_009,legacy_or_unknown_hirschberg_crop,user_attested_doctor_confirmed_folder_label,User states labels were previously confirmed by doctors at an organization; no separate clinician manifest was present in the folder.,UNKNOWN,UNKNOWN_CROPPED_224,UNKNOWN,UNKNOWN,UNKNOWN,UNKNOWN,UNKNOWN,6971eac89728e2f85c666401643f8a559e684ddd01735be9c0ab0615ce10096d,224,224,JPEG,RGB,exploratory_only_until_participant_id_and_protocol_are_confirmed
hirschberg-folder-labels-v0.1,train/NORMAL/normal_010.jpg,data_hirschberg\eye-classification\train\NORMAL\normal_010.jpg,train,train,NORMAL,normal,False,UNKNOWN,normal:normal_010,legacy_or_unknown_hirschberg_crop,user_attested_doctor_confirmed_folder_label,User states labels were previously confirmed by doctors at an organization; no separate clinician manifest was present in the folder.,UNKNOWN,UNKNOWN_CROPPED_224,UNKNOWN,UNKNOWN,UNKNOWN,UNKNOWN,UNKNOWN,098417b1ad6411191aedffd45b4f69fcaee0532afed286b6e77be382f49c5951,224,224,JPEG,RGB,exploratory_only_until_participant_id_and_protocol_are_confirmed
hirschberg-folder-labels-v0.1,train/NORMAL/normal_011.jpg,data_hirschberg\eye-classification\train\NORMAL\normal_011.jpg,train,val,NORMAL,normal,False,UNKNOWN,normal:normal_011,legacy_or_unknown_hirschberg_crop,user_attested_doctor_confirmed_folder_label,User states labels were previously confirmed by doctors at an organization; no separate clinician manifest was present in the folder.,UNKNOWN,UNKNOWN_CROPPED_224,UNKNOWN,UNKNOWN,UNKNOWN,UNKNOWN,UNKNOWN,879660395584c3da40bb18aaa06aa8c02636562d9c0a295578fe1963b56131c6,224,224,JPEG,RGB,exploratory_only_until_participant_id_and_protocol_are_confirmed
hirschberg-folder-labels-v0.1,train/NORMAL/normal_012.jpg,data_hirschberg\eye-classification\train\NORMAL\normal_012.jpg,train,train,NORMAL,normal,False,UNKNOWN,normal:normal_012,legacy_or_unknown_hirschberg_crop,user_attested_doctor_confirmed_folder_label,User states labels were previously confirmed by doctors at an organization; no separate clinician manifest was present in the folder.,UNKNOWN,UNKNOWN_CROPPED_224,UNKNOWN,UNKNOWN,UNKNOWN,UNKNOWN,UNKNOWN,b50f1fa9c7dad407b8d894d9794bcdddb19f177aa283a394f9ab3dd568d7cf13,224,224,JPEG,RGB,exploratory_only_until_participant_id_and_protocol_are_confirmed
hirschberg-folder-labels-v0.1,train/NORMAL/normal_013.jpg,data_hirschberg\eye-classification\train\NORMAL\normal_013.jpg,train,train,NORMAL,normal,False,UNKNOWN,normal:normal_013,legacy_or_unknown_hirschberg_crop,user_attested_doctor_confirmed_folder_label,User states labels were previously confirmed by doctors at an organization; no separate clinician manifest was present in the folder.,UNKNOWN,UNKNOWN_CROPPED_224,UNKNOWN,UNKNOWN,UNKNOWN,UNKNOWN,UNKNOWN,8145f17e13e3d52c7d6479b9c038304936eb9aaa5f54ca9829ee120469dc3d06,224,224,JPEG,RGB,exploratory_only_until_participant_id_and_protocol_are_confirmed
hirschberg-folder-labels-v0.1,train/NORMAL/normal_014.jpg,data_hirschberg\eye-classification\train\NORMAL\normal_014.jpg,train,train,NORMAL,normal,False,UNKNOWN,normal:normal_014,legacy_or_unknown_hirschberg_crop,user_attested_doctor_confirmed_folder_label,User states labels were previously confirmed by doctors at an organization; no separate clinician manifest was present in the folder.,UNKNOWN,UNKNOWN_CROPPED_224,UNKNOWN,UNKNOWN,UNKNOWN,UNKNOWN,UNKNOWN,f04020f46318c495ee477ee213fcd03406f325328057757bf8e65b4e52163293,224,224,JPEG,RGB,exploratory_only_until_participant_id_and_protocol_are_confirmed
hirschberg-folder-labels-v0.1,train/NORMAL/normal_015.jpg,data_hirschberg\eye-classification\train\NORMAL\normal_015.jpg,train,train,NORMAL,normal,False,UNKNOWN,normal:normal_015,legacy_or_unknown_hirschberg_crop,user_attested_doctor_confirmed_folder_label,User states labels were previously confirmed by doctors at an organization; no separate clinician manifest was present in the folder.,UNKNOWN,UNKNOWN_CROPPED_224,UNKNOWN,UNKNOWN,UNKNOWN,UNKNOWN,UNKNOWN,596b23d6a4d4240893872c8674df7853529376462bdc5025e5a4a862d38f5cf9,224,224,JPEG,RGB,exploratory_only_until_participant_id_and_protocol_are_confirmed
hirschberg-folder-labels-v0.1,train/NORMAL/normal_016.jpg,data_hirschberg\eye-classification\train\NORMAL\normal_016.jpg,train,train,NORMAL,normal,False,UNKNOWN,normal:normal_016,legacy_or_unknown_hirschberg_crop,user_attested_doctor_confirmed_folder_label,User states labels were previously confirmed by doctors at an organization; no separate clinician manifest was present in the folder.,UNKNOWN,UNKNOWN_CROPPED_224,UNKNOWN,UNKNOWN,UNKNOWN,UNKNOWN,UNKNOWN,69fc1584d0c31ef7508a89097ee8b42f4539513ac8ace819589af2c48d965904,224,224,JPEG,RGB,exploratory_only_until_participant_id_and_protocol_are_confirmed
hirschberg-folder-labels-v0.1,train/NORMAL/normal_017.jpg,data_hirschberg\eye-classification\train\NORMAL\normal_017.jpg,train,train,NORMAL,normal,False,UNKNOWN,normal:normal_017,legacy_or_unknown_hirschberg_crop,user_attested_doctor_confirmed_folder_label,User states labels were previously confirmed by doctors at an organization; no separate clinician manifest was present in the folder.,UNKNOWN,UNKNOWN_CROPPED_224,UNKNOWN,UNKNOWN,UNKNOWN,UNKNOWN,UNKNOWN,2aa00011c5a49cd77c58c2a3a249cc4432d9417d2cb99922bf03939546139a4c,224,224,JPEG,RGB,exploratory_only_until_participant_id_and_protocol_are_confirmed
hirschberg-folder-labels-v0.1,train/NORMAL/normal_018.jpg,data_hirschberg\eye-classification\train\NORMAL\normal_018.jpg,train,train,NORMAL,normal,False,UNKNOWN,normal:normal_018,legacy_or_unknown_hirschberg_crop,user_attested_doctor_confirmed_folder_label,User states labels were previously confirmed by doctors at an organization; no separate clinician manifest was present in the folder.,UNKNOWN,UNKNOWN_CROPPED_224,UNKNOWN,UNKNOWN,UNKNOWN,UNKNOWN,UNKNOWN,67a6eddd3c7a304829437c6258208e9b5fe2be61fd21e38f6c205e2770a801d3,224,224,JPEG,RGB,exploratory_only_until_participant_id_and_protocol_are_confirmed
hirschberg-folder-labels-v0.1,train/NORMAL/normal_019.jpg,data_hirschberg\eye-classification\train\NORMAL\normal_019.jpg,train,train,NORMAL,normal,False,UNKNOWN,normal:normal_019,legacy_or_unknown_hirschberg_crop,user_attested_doctor_confirmed_folder_label,User states labels were previously confirmed by doctors at an organization; no separate clinician manifest was present in the folder.,UNKNOWN,UNKNOWN_CROPPED_224,UNKNOWN,UNKNOWN,UNKNOWN,UNKNOWN,UNKNOWN,268b1538b45fef8ac0376fd02e3c28dc120a0e3ebc6cabc5f187ccb1f3012518,224,224,JPEG,RGB,exploratory_only_until_participant_id_and_protocol_are_confirmed
hirschberg-folder-labels-v0.1,train/NORMAL/normal_020.jpg,data_hirschberg\eye-classification\train\NORMAL\normal_020.jpg,train,train,NORMAL,normal,False,UNKNOWN,normal:normal_020,legacy_or_unknown_hirschberg_crop,user_attested_doctor_confirmed_folder_label,User states labels were previously confirmed by doctors at an organization; no separate clinician manifest was present in the folder.,UNKNOWN,UNKNOWN_CROPPED_224,UNKNOWN,UNKNOWN,UNKNOWN,UNKNOWN,UNKNOWN,27f5d0cf57b2b3a9c0fe0c0e586ff662b7396c6478196bcf62672342f22c6cba,224,224,JPEG,RGB,exploratory_only_until_participant_id_and_protocol_are_confirmed
hirschberg-folder-labels-v0.1,train/NORMAL/normal_021.jpg,data_hirschberg\eye-classification\train\NORMAL\normal_021.jpg,train,train,NORMAL,normal,False,UNKNOWN,normal:normal_021,legacy_or_unknown_hirschberg_crop,user_attested_doctor_confirmed_folder_label,User states labels were previously confirmed by doctors at an organization; no separate clinician manifest was present in the folder.,UNKNOWN,UNKNOWN_CROPPED_224,UNKNOWN,UNKNOWN,UNKNOWN,UNKNOWN,UNKNOWN,bb578018f36bfba37ac555170a290d09521405aceb6ad19a19805c4144c31b14,224,224,JPEG,RGB,exploratory_only_until_participant_id_and_protocol_are_confirmed
hirschberg-folder-labels-v0.1,train/NORMAL/normal_022.jpg,data_hirschberg\eye-classification\train\NORMAL\normal_022.jpg,train,test,NORMAL,normal,False,UNKNOWN,normal:normal_022,legacy_or_unknown_hirschberg_crop,user_attested_doctor_confirmed_folder_label,User states labels were previously confirmed by doctors at an organization; no separate clinician manifest was present in the folder.,UNKNOWN,UNKNOWN_CROPPED_224,UNKNOWN,UNKNOWN,UNKNOWN,UNKNOWN,UNKNOWN,3cff09704a534f2ed7a392763d41370e1acc415c277e2be57e2329f1c4e124f2,224,224,JPEG,RGB,exploratory_only_until_participant_id_and_protocol_are_confirmed
hirschberg-folder-labels-v0.1,train/NORMAL/normal_023.jpg,data_hirschberg\eye-classification\train\NORMAL\normal_023.jpg,train,train,NORMAL,normal,False,UNKNOWN,normal:normal_023,legacy_or_unknown_hirschberg_crop,user_attested_doctor_confirmed_folder_label,User states labels were previously confirmed by doctors at an organization; no separate clinician manifest was present in the folder.,UNKNOWN,UNKNOWN_CROPPED_224,UNKNOWN,UNKNOWN,UNKNOWN,UNKNOWN,UNKNOWN,4a0150cd7e627fec0ba32a02e5570d8920a8a610d655a8e7de8c9dc279059d1d,224,224,JPEG,RGB,exploratory_only_until_participant_id_and_protocol_are_confirmed
hirschberg-folder-labels-v0.1,train/NORMAL/normal_024.jpg,data_hirschberg\eye-classification\train\NORMAL\normal_024.jpg,train,train,NORMAL,normal,False,UNKNOWN,normal:normal_024,legacy_or_unknown_hirschberg_crop,user_attested_doctor_confirmed_folder_label,User states labels were previously confirmed by doctors at an organization; no separate clinician manifest was present in the folder.,UNKNOWN,UNKNOWN_CROPPED_224,UNKNOWN,UNKNOWN,UNKNOWN,UNKNOWN,UNKNOWN,7ebb4248954e686d8052d0507c281f6bd3e7ee8285cb3e61ce7fe882059df48e,224,224,JPEG,RGB,exploratory_only_until_participant_id_and_protocol_are_confirmed
hirschberg-folder-labels-v0.1,train/NORMAL/normal_025.jpg,data_hirschberg\eye-classification\train\NORMAL\normal_025.jpg,train,train,NORMAL,normal,False,UNKNOWN,normal:normal_025,legacy_or_unknown_hirschberg_crop,user_attested_doctor_confirmed_folder_label,User states labels were previously confirmed by doctors at an organization; no separate clinician manifest was present in the folder.,UNKNOWN,UNKNOWN_CROPPED_224,UNKNOWN,UNKNOWN,UNKNOWN,UNKNOWN,UNKNOWN,2fa25b5e371075505050fc6a77b9afdbf0e493c7c87aab7416191df2a8580bdb,224,224,JPEG,RGB,exploratory_only_until_participant_id_and_protocol_are_confirmed
hirschberg-folder-labels-v0.1,train/NORMAL/normal_026.jpg,data_hirschberg\eye-classification\train\NORMAL\normal_026.jpg,train,val,NORMAL,normal,False,UNKNOWN,normal:normal_026,legacy_or_unknown_hirschberg_crop,user_attested_doctor_confirmed_folder_label,User states labels were previously confirmed by doctors at an organization; no separate clinician manifest was present in the folder.,UNKNOWN,UNKNOWN_CROPPED_224,UNKNOWN,UNKNOWN,UNKNOWN,UNKNOWN,UNKNOWN,697d12d0b9833294a79a2d1f9ae60a4ccf5ecd4ecc3c53047bbc84b5e9e65f02,224,224,JPEG,RGB,exploratory_only_until_participant_id_and_protocol_are_confirmed
hirschberg-folder-labels-v0.1,train/NORMAL/normal_027.jpg,data_hirschberg\eye-classification\train\NORMAL\normal_027.jpg,train,train,NORMAL,normal,False,UNKNOWN,normal:normal_027,legacy_or_unknown_hirschberg_crop,user_attested_doctor_confirmed_folder_label,User states labels were previously confirmed by doctors at an organization; no separate clinician manifest was present in the folder.,UNKNOWN,UNKNOWN_CROPPED_224,UNKNOWN,UNKNOWN,UNKNOWN,UNKNOWN,UNKNOWN,65b2979737100f8646eeff571c5416fb9a5ce8943b4da48a6bb49fc647119c57,224,224,JPEG,RGB,exploratory_only_until_participant_id_and_protocol_are_confirmed
hirschberg-folder-labels-v0.1,train/NORMAL/normal_028.jpg,data_hirschberg\eye-classification\train\NORMAL\normal_028.jpg,train,train,NORMAL,normal,False,UNKNOWN,normal:normal_028,legacy_or_unknown_hirschberg_crop,user_attested_doctor_confirmed_folder_label,User states labels were previously confirmed by doctors at an organization; no separate clinician manifest was present in the folder.,UNKNOWN,UNKNOWN_CROPPED_224,UNKNOWN,UNKNOWN,UNKNOWN,UNKNOWN,UNKNOWN,11c03a2dd6bef9c300309a31bde26850f4cbd9197680cd639d9d65f1aae91f5d,224,224,JPEG,RGB,exploratory_only_until_participant_id_and_protocol_are_confirmed
hirschberg-folder-labels-v0.1,train/NORMAL/normal_029.jpg,data_hirschberg\eye-classification\train\NORMAL\normal_029.jpg,train,train,NORMAL,normal,False,UNKNOWN,normal:normal_029,legacy_or_unknown_hirschberg_crop,user_attested_doctor_confirmed_folder_label,User states labels were previously confirmed by doctors at an organization; no separate clinician manifest was present in the folder.,UNKNOWN,UNKNOWN_CROPPED_224,UNKNOWN,UNKNOWN,UNKNOWN,UNKNOWN,UNKNOWN,22a772942a29277844d36e320d4531003c83443b6c0c9b65bd6e890c614b47a3,224,224,JPEG,RGB,exploratory_only_until_participant_id_and_protocol_are_confirmed
hirschberg-folder-labels-v0.1,train/NORMAL/normal_030.jpg,data_hirschberg\eye-classification\train\NORMAL\normal_030.jpg,train,train,NORMAL,normal,False,UNKNOWN,normal:normal_030,legacy_or_unknown_hirschberg_crop,user_attested_doctor_confirmed_folder_label,User states labels were previously confirmed by doctors at an organization; no separate clinician manifest was present in the folder.,UNKNOWN,UNKNOWN_CROPPED_224,UNKNOWN,UNKNOWN,UNKNOWN,UNKNOWN,UNKNOWN,300fd020c8fbc9db0638104601d2b5189649c90c190e6995444e65fbd3f37538,224,224,JPEG,RGB,exploratory_only_until_participant_id_and_protocol_are_confirmed
hirschberg-folder-labels-v0.1,train/NORMAL/normal_031.jpg,data_hirschberg\eye-classification\train\NORMAL\normal_031.jpg,train,val,NORMAL,normal,False,UNKNOWN,normal:normal_031,legacy_or_unknown_hirschberg_crop,user_attested_doctor_confirmed_folder_label,User states labels were previously confirmed by doctors at an organization; no separate clinician manifest was present in the folder.,UNKNOWN,UNKNOWN_CROPPED_224,UNKNOWN,UNKNOWN,UNKNOWN,UNKNOWN,UNKNOWN,4b71cf638d53bb7d14965050dc0117d3d20e5001265bf1a6d644aa5ca8033605,224,224,JPEG,RGB,exploratory_only_until_participant_id_and_protocol_are_confirmed
hirschberg-folder-labels-v0.1,train/NORMAL/normal_032.jpg,data_hirschberg\eye-classification\train\NORMAL\normal_032.jpg,train,train,NORMAL,normal,False,UNKNOWN,normal:normal_032,legacy_or_unknown_hirschberg_crop,user_attested_doctor_confirmed_folder_label,User states labels were previously confirmed by doctors at an organization; no separate clinician manifest was present in the folder.,UNKNOWN,UNKNOWN_CROPPED_224,UNKNOWN,UNKNOWN,UNKNOWN,UNKNOWN,UNKNOWN,892108b5d3bfa1b74ac3ef92738002c59f1da0fe3f6d47d1cfea3000c28316b8,224,224,JPEG,RGB,exploratory_only_until_participant_id_and_protocol_are_confirmed
hirschberg-folder-labels-v0.1,train/NORMAL/normal_033.jpg,data_hirschberg\eye-classification\train\NORMAL\normal_033.jpg,train,train,NORMAL,normal,False,UNKNOWN,normal:normal_033,legacy_or_unknown_hirschberg_crop,user_attested_doctor_confirmed_folder_label,User states labels were previously confirmed by doctors at an organization; no separate clinician manifest was present in the folder.,UNKNOWN,UNKNOWN_CROPPED_224,UNKNOWN,UNKNOWN,UNKNOWN,UNKNOWN,UNKNOWN,3b950d06b54359429399b452b29e5d83b40e074c4f40e290c76ba3553c538f48,224,224,JPEG,RGB,exploratory_only_until_participant_id_and_protocol_are_confirmed
hirschberg-folder-labels-v0.1,train/NORMAL/normal_034.jpg,data_hirschberg\eye-classification\train\NORMAL\normal_034.jpg,train,val,NORMAL,normal,False,UNKNOWN,normal:normal_034,legacy_or_unknown_hirschberg_crop,user_attested_doctor_confirmed_folder_label,User states labels were previously confirmed by doctors at an organization; no separate clinician manifest was present in the folder.,UNKNOWN,UNKNOWN_CROPPED_224,UNKNOWN,UNKNOWN,UNKNOWN,UNKNOWN,UNKNOWN,df2898d6abd179566ad4b749fc53548139c05663ecaeee84be00c80108b8663e,224,224,JPEG,RGB,exploratory_only_until_participant_id_and_protocol_are_confirmed
hirschberg-folder-labels-v0.1,train/NORMAL/normal_035.jpg,data_hirschberg\eye-classification\train\NORMAL\normal_035.jpg,train,test,NORMAL,normal,False,UNKNOWN,normal:normal_035,legacy_or_unknown_hirschberg_crop,user_attested_doctor_confirmed_folder_label,User states labels were previously confirmed by doctors at an organization; no separate clinician manifest was present in the folder.,UNKNOWN,UNKNOWN_CROPPED_224,UNKNOWN,UNKNOWN,UNKNOWN,UNKNOWN,UNKNOWN,657073f0242009883104eff164b0e7bf68e73d575f85658a5c9459f186c2fcd4,224,224,JPEG,RGB,exploratory_only_until_participant_id_and_protocol_are_confirmed
hirschberg-folder-labels-v0.1,train/NORMAL/normal_036.jpg,data_hirschberg\eye-classification\train\NORMAL\normal_036.jpg,train,train,NORMAL,normal,False,UNKNOWN,normal:normal_036,legacy_or_unknown_hirschberg_crop,user_attested_doctor_confirmed_folder_label,User states labels were previously confirmed by doctors at an organization; no separate clinician manifest was present in the folder.,UNKNOWN,UNKNOWN_CROPPED_224,UNKNOWN,UNKNOWN,UNKNOWN,UNKNOWN,UNKNOWN,c786ac4989a69154e957dd1efa157382da82f5b748df8c05e1fa7f005c8781c0,224,224,JPEG,RGB,exploratory_only_until_participant_id_and_protocol_are_confirmed
hirschberg-folder-labels-v0.1,train/NORMAL/normal_037.jpg,data_hirschberg\eye-classification\train\NORMAL\normal_037.jpg,train,train,NORMAL,normal,False,UNKNOWN,normal:normal_037,legacy_or_unknown_hirschberg_crop,user_attested_doctor_confirmed_folder_label,User states labels were previously confirmed by doctors at an organization; no separate clinician manifest was present in the folder.,UNKNOWN,UNKNOWN_CROPPED_224,UNKNOWN,UNKNOWN,UNKNOWN,UNKNOWN,UNKNOWN,ff00ec4b4b984f34b0cfcc210e3d9a34527c704702f942b89ca400c6388568cb,224,224,JPEG,RGB,exploratory_only_until_participant_id_and_protocol_are_confirmed
hirschberg-folder-labels-v0.1,train/NORMAL/normal_038.jpg,data_hirschberg\eye-classification\train\NORMAL\normal_038.jpg,train,train,NORMAL,normal,False,UNKNOWN,normal:normal_038,legacy_or_unknown_hirschberg_crop,user_attested_doctor_confirmed_folder_label,User states labels were previously confirmed by doctors at an organization; no separate clinician manifest was present in the folder.,UNKNOWN,UNKNOWN_CROPPED_224,UNKNOWN,UNKNOWN,UNKNOWN,UNKNOWN,UNKNOWN,4a9df29aadc245eaacf66a8b5f1bfe0d1ba28de335d4a0a51f82a8192295a330,224,224,JPEG,RGB,exploratory_only_until_participant_id_and_protocol_are_confirmed
hirschberg-folder-labels-v0.1,train/NORMAL/normal_039.jpg,data_hirschberg\eye-classification\train\NORMAL\normal_039.jpg,train,train,NORMAL,normal,False,UNKNOWN,normal:normal_039,legacy_or_unknown_hirschberg_crop,user_attested_doctor_confirmed_folder_label,User states labels were previously confirmed by doctors at an organization; no separate clinician manifest was present in the folder.,UNKNOWN,UNKNOWN_CROPPED_224,UNKNOWN,UNKNOWN,UNKNOWN,UNKNOWN,UNKNOWN,6ffcf61b1acb586b0d6ebc8a844cc72aac5c47106ed60db0d85ea5a63baa9786,224,224,JPEG,RGB,exploratory_only_until_participant_id_and_protocol_are_confirmed
hirschberg-folder-labels-v0.1,train/NORMAL/normal_040.jpg,data_hirschberg\eye-classification\train\NORMAL\normal_040.jpg,train,test,NORMAL,normal,False,UNKNOWN,normal:normal_040,legacy_or_unknown_hirschberg_crop,user_attested_doctor_confirmed_folder_label,User states labels were previously confirmed by doctors at an organization; no separate clinician manifest was present in the folder.,UNKNOWN,UNKNOWN_CROPPED_224,UNKNOWN,UNKNOWN,UNKNOWN,UNKNOWN,UNKNOWN,69f435b37c43be7a21fa24f179d34668a93bf519a72fa61490e8a31f151a3a96,224,224,JPEG,RGB,exploratory_only_until_participant_id_and_protocol_are_confirmed
hirschberg-folder-labels-v0.1,train/NORMAL/normal_041.jpg,data_hirschberg\eye-classification\train\NORMAL\normal_041.jpg,train,train,NORMAL,normal,False,UNKNOWN,normal:normal_041,legacy_or_unknown_hirschberg_crop,user_attested_doctor_confirmed_folder_label,User states labels were previously confirmed by doctors at an organization; no separate clinician manifest was present in the folder.,UNKNOWN,UNKNOWN_CROPPED_224,UNKNOWN,UNKNOWN,UNKNOWN,UNKNOWN,UNKNOWN,ab349bf116fa4196a483f408db83d7cc72dae25d4b6e01116168e1665a62bdec,224,224,JPEG,RGB,exploratory_only_until_participant_id_and_protocol_are_confirmed
hirschberg-folder-labels-v0.1,train/NORMAL/normal_042.jpg,data_hirschberg\eye-classification\train\NORMAL\normal_042.jpg,train,train,NORMAL,normal,False,UNKNOWN,normal:normal_042,legacy_or_unknown_hirschberg_crop,user_attested_doctor_confirmed_folder_label,User states labels were previously confirmed by doctors at an organization; no separate clinician manifest was present in the folder.,UNKNOWN,UNKNOWN_CROPPED_224,UNKNOWN,UNKNOWN,UNKNOWN,UNKNOWN,UNKNOWN,149d56385570748c27181fa1fc6857be9169c71c1a3f44a93de971be301356e2,224,224,JPEG,RGB,exploratory_only_until_participant_id_and_protocol_are_confirmed
hirschberg-folder-labels-v0.1,train/NORMAL/normal_043.jpg,data_hirschberg\eye-classification\train\NORMAL\normal_043.jpg,train,train,NORMAL,normal,False,UNKNOWN,normal:normal_043,legacy_or_unknown_hirschberg_crop,user_attested_doctor_confirmed_folder_label,User states labels were previously confirmed by doctors at an organization; no separate clinician manifest was present in the folder.,UNKNOWN,UNKNOWN_CROPPED_224,UNKNOWN,UNKNOWN,UNKNOWN,UNKNOWN,UNKNOWN,70f9a166ae554cbfe97cf740f71fe878bc97978d5279010dd9084197e413d4c6,224,224,JPEG,RGB,exploratory_only_until_participant_id_and_protocol_are_confirmed
hirschberg-folder-labels-v0.1,train/NORMAL/normal_044.jpg,data_hirschberg\eye-classification\train\NORMAL\normal_044.jpg,train,test,NORMAL,normal,False,UNKNOWN,normal:normal_044,legacy_or_unknown_hirschberg_crop,user_attested_doctor_confirmed_folder_label,User states labels were previously confirmed by doctors at an organization; no separate clinician manifest was present in the folder.,UNKNOWN,UNKNOWN_CROPPED_224,UNKNOWN,UNKNOWN,UNKNOWN,UNKNOWN,UNKNOWN,dbe35a5e145c17cc5ddbca02ab56859280ddfa62a5ee4be3d2dab61eb49e2be2,224,224,JPEG,RGB,exploratory_only_until_participant_id_and_protocol_are_confirmed
hirschberg-folder-labels-v0.1,train/NORMAL/normal_045.jpg,data_hirschberg\eye-classification\train\NORMAL\normal_045.jpg,train,train,NORMAL,normal,False,UNKNOWN,normal:normal_045,legacy_or_unknown_hirschberg_crop,user_attested_doctor_confirmed_folder_label,User states labels were previously confirmed by doctors at an organization; no separate clinician manifest was present in the folder.,UNKNOWN,UNKNOWN_CROPPED_224,UNKNOWN,UNKNOWN,UNKNOWN,UNKNOWN,UNKNOWN,b3795c47ecce20294b3cc1df94cb425b7ad6b22828fbdc2505a354f2587d2a0b,224,224,JPEG,RGB,exploratory_only_until_participant_id_and_protocol_are_confirmed
hirschberg-folder-labels-v0.1,train/NORMAL/normal_046.jpg,data_hirschberg\eye-classification\train\NORMAL\normal_046.jpg,train,test,NORMAL,normal,False,UNKNOWN,normal:normal_046,legacy_or_unknown_hirschberg_crop,user_attested_doctor_confirmed_folder_label,User states labels were previously confirmed by doctors at an organization; no separate clinician manifest was present in the folder.,UNKNOWN,UNKNOWN_CROPPED_224,UNKNOWN,UNKNOWN,UNKNOWN,UNKNOWN,UNKNOWN,d2256ec22a0faf7e109b01e858b4961169506230494d609290be5e44713c987d,224,224,JPEG,RGB,exploratory_only_until_participant_id_and_protocol_are_confirmed
hirschberg-folder-labels-v0.1,train/NORMAL/normal_047.jpg,data_hirschberg\eye-classification\train\NORMAL\normal_047.jpg,train,val,NORMAL,normal,False,UNKNOWN,normal:normal_047,legacy_or_unknown_hirschberg_crop,user_attested_doctor_confirmed_folder_label,User states labels were previously confirmed by doctors at an organization; no separate clinician manifest was present in the folder.,UNKNOWN,UNKNOWN_CROPPED_224,UNKNOWN,UNKNOWN,UNKNOWN,UNKNOWN,UNKNOWN,f0b19f8a7e4bc33f2eed2433c1bc8fd6a11a170b6d81eed3422f080c4b4fe701,224,224,JPEG,RGB,exploratory_only_until_participant_id_and_protocol_are_confirmed
hirschberg-folder-labels-v0.1,train/NORMAL/normal_048.jpg,data_hirschberg\eye-classification\train\NORMAL\normal_048.jpg,train,train,NORMAL,normal,False,UNKNOWN,normal:normal_048,legacy_or_unknown_hirschberg_crop,user_attested_doctor_confirmed_folder_label,User states labels were previously confirmed by doctors at an organization; no separate clinician manifest was present in the folder.,UNKNOWN,UNKNOWN_CROPPED_224,UNKNOWN,UNKNOWN,UNKNOWN,UNKNOWN,UNKNOWN,9cebb5868bf59fffd67b3fd2d6ec101ad921030e9ffa66f5f7cb0b378059ac8c,224,224,JPEG,RGB,exploratory_only_until_participant_id_and_protocol_are_confirmed
hirschberg-folder-labels-v0.1,train/NORMAL/normal_049.jpg,data_hirschberg\eye-classification\train\NORMAL\normal_049.jpg,train,train,NORMAL,normal,False,UNKNOWN,normal:normal_049,legacy_or_unknown_hirschberg_crop,user_attested_doctor_confirmed_folder_label,User states labels were previously confirmed by doctors at an organization; no separate clinician manifest was present in the folder.,UNKNOWN,UNKNOWN_CROPPED_224,UNKNOWN,UNKNOWN,UNKNOWN,UNKNOWN,UNKNOWN,59b06572ddfee9d79e075bc81c51c51ced91225190964338285201606ff0b02a,224,224,JPEG,RGB,exploratory_only_until_participant_id_and_protocol_are_confirmed
hirschberg-folder-labels-v0.1,train/NORMAL/normal_050.jpg,data_hirschberg\eye-classification\train\NORMAL\normal_050.jpg,train,train,NORMAL,normal,False,UNKNOWN,normal:normal_050,legacy_or_unknown_hirschberg_crop,user_attested_doctor_confirmed_folder_label,User states labels were previously confirmed by doctors at an organization; no separate clinician manifest was present in the folder.,UNKNOWN,UNKNOWN_CROPPED_224,UNKNOWN,UNKNOWN,UNKNOWN,UNKNOWN,UNKNOWN,a14e381364243a1d5dad3240550000d68b6401eab7ea48af338b5891529d242a,224,224,JPEG,RGB,exploratory_only_until_participant_id_and_protocol_are_confirmed
hirschberg-folder-labels-v0.1,train/NORMAL/normal_051.jpg,data_hirschberg\eye-classification\train\NORMAL\normal_051.jpg,train,train,NORMAL,normal,False,UNKNOWN,normal:normal_051,legacy_or_unknown_hirschberg_crop,user_attested_doctor_confirmed_folder_label,User states labels were previously confirmed by doctors at an organization; no separate clinician manifest was present in the folder.,UNKNOWN,UNKNOWN_CROPPED_224,UNKNOWN,UNKNOWN,UNKNOWN,UNKNOWN,UNKNOWN,0acf679fb5072bb321e22a759c14c271feb43a4ebf0069215febea03400560b7,224,224,JPEG,RGB,exploratory_only_until_participant_id_and_protocol_are_confirmed
hirschberg-folder-labels-v0.1,train/NORMAL/normal_052.jpg,data_hirschberg\eye-classification\train\NORMAL\normal_052.jpg,train,train,NORMAL,normal,False,UNKNOWN,normal:normal_052,legacy_or_unknown_hirschberg_crop,user_attested_doctor_confirmed_folder_label,User states labels were previously confirmed by doctors at an organization; no separate clinician manifest was present in the folder.,UNKNOWN,UNKNOWN_CROPPED_224,UNKNOWN,UNKNOWN,UNKNOWN,UNKNOWN,UNKNOWN,2bb3d831fc97a70e9b518be8c8c0af8faa1664037f241e186e2bc670e7608cb7,224,224,JPEG,RGB,exploratory_only_until_participant_id_and_protocol_are_confirmed
hirschberg-folder-labels-v0.1,train/NORMAL/normal_053.jpg,data_hirschberg\eye-classification\train\NORMAL\normal_053.jpg,train,train,NORMAL,normal,False,UNKNOWN,normal:normal_053,legacy_or_unknown_hirschberg_crop,user_attested_doctor_confirmed_folder_label,User states labels were previously confirmed by doctors at an organization; no separate clinician manifest was present in the folder.,UNKNOWN,UNKNOWN_CROPPED_224,UNKNOWN,UNKNOWN,UNKNOWN,UNKNOWN,UNKNOWN,ee0456a284f6c64aedbe9df20a19c0183f1e76950e1a982bdeecf13a117c8b26,224,224,JPEG,RGB,exploratory_only_until_participant_id_and_protocol_are_confirmed
hirschberg-folder-labels-v0.1,train/NORMAL/normal_054.jpg,data_hirschberg\eye-classification\train\NORMAL\normal_054.jpg,train,train,NORMAL,normal,False,UNKNOWN,normal:normal_054,legacy_or_unknown_hirschberg_crop,user_attested_doctor_confirmed_folder_label,User states labels were previously confirmed by doctors at an organization; no separate clinician manifest was present in the folder.,UNKNOWN,UNKNOWN_CROPPED_224,UNKNOWN,UNKNOWN,UNKNOWN,UNKNOWN,UNKNOWN,e64d5c8f19b7806cd3a26f8f194fd08adafcac78aa43d9db01243a2b815020b3,224,224,JPEG,RGB,exploratory_only_until_participant_id_and_protocol_are_confirmed
hirschberg-folder-labels-v0.1,train/NORMAL/normal_055.jpg,data_hirschberg\eye-classification\train\NORMAL\normal_055.jpg,train,test,NORMAL,normal,False,UNKNOWN,normal:normal_055,legacy_or_unknown_hirschberg_crop,user_attested_doctor_confirmed_folder_label,User states labels were previously confirmed by doctors at an organization; no separate clinician manifest was present in the folder.,UNKNOWN,UNKNOWN_CROPPED_224,UNKNOWN,UNKNOWN,UNKNOWN,UNKNOWN,UNKNOWN,6e1ba0760d2909eec37dc68f3c7dbf79037c9db89912788a965b48a4ff2d2ee2,224,224,JPEG,RGB,exploratory_only_until_participant_id_and_protocol_are_confirmed
hirschberg-folder-labels-v0.1,train/NORMAL/normal_056.jpg,data_hirschberg\eye-classification\train\NORMAL\normal_056.jpg,train,train,NORMAL,normal,False,UNKNOWN,normal:normal_056,legacy_or_unknown_hirschberg_crop,user_attested_doctor_confirmed_folder_label,User states labels were previously confirmed by doctors at an organization; no separate clinician manifest was present in the folder.,UNKNOWN,UNKNOWN_CROPPED_224,UNKNOWN,UNKNOWN,UNKNOWN,UNKNOWN,UNKNOWN,75229d1e903c9606356c4a4b545b601118d80da3566530c14e15fccf625cd8ee,224,224,JPEG,RGB,exploratory_only_until_participant_id_and_protocol_are_confirmed
hirschberg-folder-labels-v0.1,train/NORMAL/normal_057.jpg,data_hirschberg\eye-classification\train\NORMAL\normal_057.jpg,train,train,NORMAL,normal,False,UNKNOWN,normal:normal_057,legacy_or_unknown_hirschberg_crop,user_attested_doctor_confirmed_folder_label,User states labels were previously confirmed by doctors at an organization; no separate clinician manifest was present in the folder.,UNKNOWN,UNKNOWN_CROPPED_224,UNKNOWN,UNKNOWN,UNKNOWN,UNKNOWN,UNKNOWN,fb280bfb6e80e50b6a39c49b5f9438811bf4b1143a8b6962e15f42a9aeef7d11,224,224,JPEG,RGB,exploratory_only_until_participant_id_and_protocol_are_confirmed
hirschberg-folder-labels-v0.1,train/NORMAL/normal_058.jpg,data_hirschberg\eye-classification\train\NORMAL\normal_058.jpg,train,train,NORMAL,normal,False,UNKNOWN,normal:normal_058,legacy_or_unknown_hirschberg_crop,user_attested_doctor_confirmed_folder_label,User states labels were previously confirmed by doctors at an organization; no separate clinician manifest was present in the folder.,UNKNOWN,UNKNOWN_CROPPED_224,UNKNOWN,UNKNOWN,UNKNOWN,UNKNOWN,UNKNOWN,bfc6f8778766e38bc09605ff98eb1ec3e0003a63120cebb813c0c7f07ab3c8fe,224,224,JPEG,RGB,exploratory_only_until_participant_id_and_protocol_are_confirmed
hirschberg-folder-labels-v0.1,train/NORMAL/normal_059.jpg,data_hirschberg\eye-classification\train\NORMAL\normal_059.jpg,train,test,NORMAL,normal,False,UNKNOWN,normal:normal_059,legacy_or_unknown_hirschberg_crop,user_attested_doctor_confirmed_folder_label,User states labels were previously confirmed by doctors at an organization; no separate clinician manifest was present in the folder.,UNKNOWN,UNKNOWN_CROPPED_224,UNKNOWN,UNKNOWN,UNKNOWN,UNKNOWN,UNKNOWN,a23e92f513231d277f8868dcca4218a8fdf5adf8070e979fa7e41ae5ee9da264,224,224,JPEG,RGB,exploratory_only_until_participant_id_and_protocol_are_confirmed
hirschberg-folder-labels-v0.1,train/NORMAL/normal_060.jpg,data_hirschberg\eye-classification\train\NORMAL\normal_060.jpg,train,train,NORMAL,normal,False,UNKNOWN,normal:normal_060,legacy_or_unknown_hirschberg_crop,user_attested_doctor_confirmed_folder_label,User states labels were previously confirmed by doctors at an organization; no separate clinician manifest was present in the folder.,UNKNOWN,UNKNOWN_CROPPED_224,UNKNOWN,UNKNOWN,UNKNOWN,UNKNOWN,UNKNOWN,540ce955d6dae5ef90d6d45bb04242f7b5f6aa43e6a54312fc5873fe0e247cbc,224,224,JPEG,RGB,exploratory_only_until_participant_id_and_protocol_are_confirmed
hirschberg-folder-labels-v0.1,train/NORMAL/normal_061.jpg,data_hirschberg\eye-classification\train\NORMAL\normal_061.jpg,train,val,NORMAL,normal,False,UNKNOWN,normal:normal_061,legacy_or_unknown_hirschberg_crop,user_attested_doctor_confirmed_folder_label,User states labels were previously confirmed by doctors at an organization; no separate clinician manifest was present in the folder.,UNKNOWN,UNKNOWN_CROPPED_224,UNKNOWN,UNKNOWN,UNKNOWN,UNKNOWN,UNKNOWN,c57f0c088acb76f4414734ba08fc18d15a3bff30dfd9dcca8a654e04ab9f9d81,224,224,JPEG,RGB,exploratory_only_until_participant_id_and_protocol_are_confirmed
hirschberg-folder-labels-v0.1,train/NORMAL/normal_062.jpg,data_hirschberg\eye-classification\train\NORMAL\normal_062.jpg,train,train,NORMAL,normal,False,UNKNOWN,normal:normal_062,legacy_or_unknown_hirschberg_crop,user_attested_doctor_confirmed_folder_label,User states labels were previously confirmed by doctors at an organization; no separate clinician manifest was present in the folder.,UNKNOWN,UNKNOWN_CROPPED_224,UNKNOWN,UNKNOWN,UNKNOWN,UNKNOWN,UNKNOWN,c1326e6a4195be9eb2a6652fa02f7ebdfb72530cf3a214f8bbcfd48f3eba0c55,224,224,JPEG,RGB,exploratory_only_until_participant_id_and_protocol_are_confirmed
hirschberg-folder-labels-v0.1,train/NORMAL/normal_063.jpg,data_hirschberg\eye-classification\train\NORMAL\normal_063.jpg,train,train,NORMAL,normal,False,UNKNOWN,normal:normal_063,legacy_or_unknown_hirschberg_crop,user_attested_doctor_confirmed_folder_label,User states labels were previously confirmed by doctors at an organization; no separate clinician manifest was present in the folder.,UNKNOWN,UNKNOWN_CROPPED_224,UNKNOWN,UNKNOWN,UNKNOWN,UNKNOWN,UNKNOWN,ba22ea88d85f2b81f38bae272b8645d5b7c830613fc5f04fdca0a217c175aaac,224,224,JPEG,RGB,exploratory_only_until_participant_id_and_protocol_are_confirmed
hirschberg-folder-labels-v0.1,train/NORMAL/normal_064.jpg,data_hirschberg\eye-classification\train\NORMAL\normal_064.jpg,train,train,NORMAL,normal,False,UNKNOWN,normal:normal_064,legacy_or_unknown_hirschberg_crop,user_attested_doctor_confirmed_folder_label,User states labels were previously confirmed by doctors at an organization; no separate clinician manifest was present in the folder.,UNKNOWN,UNKNOWN_CROPPED_224,UNKNOWN,UNKNOWN,UNKNOWN,UNKNOWN,UNKNOWN,4738afa54b39203c9ac1847b0ffd8ffe7f8ac6cf42c7f964fc9d2b0381ffd723,224,224,JPEG,RGB,exploratory_only_until_participant_id_and_protocol_are_confirmed
hirschberg-folder-labels-v0.1,train/NORMAL/normal_065.jpg,data_hirschberg\eye-classification\train\NORMAL\normal_065.jpg,train,train,NORMAL,normal,False,UNKNOWN,normal:normal_065,legacy_or_unknown_hirschberg_crop,user_attested_doctor_confirmed_folder_label,User states labels were previously confirmed by doctors at an organization; no separate clinician manifest was present in the folder.,UNKNOWN,UNKNOWN_CROPPED_224,UNKNOWN,UNKNOWN,UNKNOWN,UNKNOWN,UNKNOWN,2443f428639120fde8fc9754e9abc9257c192a674674fd373023e45c987b2aa7,224,224,JPEG,RGB,exploratory_only_until_participant_id_and_protocol_are_confirmed
hirschberg-folder-labels-v0.1,train/NORMAL/normal_066.jpg,data_hirschberg\eye-classification\train\NORMAL\normal_066.jpg,train,train,NORMAL,normal,False,UNKNOWN,normal:normal_066,legacy_or_unknown_hirschberg_crop,user_attested_doctor_confirmed_folder_label,User states labels were previously confirmed by doctors at an organization; no separate clinician manifest was present in the folder.,UNKNOWN,UNKNOWN_CROPPED_224,UNKNOWN,UNKNOWN,UNKNOWN,UNKNOWN,UNKNOWN,4c028860fb053c78df9ff231216d44997dade76a5d4a2ecc06e88f38611e5669,224,224,JPEG,RGB,exploratory_only_until_participant_id_and_protocol_are_confirmed
hirschberg-folder-labels-v0.1,train/NORMAL/normal_067.jpg,data_hirschberg\eye-classification\train\NORMAL\normal_067.jpg,train,val,NORMAL,normal,False,UNKNOWN,normal:normal_067,legacy_or_unknown_hirschberg_crop,user_attested_doctor_confirmed_folder_label,User states labels were previously confirmed by doctors at an organization; no separate clinician manifest was present in the folder.,UNKNOWN,UNKNOWN_CROPPED_224,UNKNOWN,UNKNOWN,UNKNOWN,UNKNOWN,UNKNOWN,fe9a26877c24a4482ab59f2c74c9dcf931e22fb79f17e21066b98cccde3d13bd,224,224,JPEG,RGB,exploratory_only_until_participant_id_and_protocol_are_confirmed
hirschberg-folder-labels-v0.1,train/NORMAL/normal_068.jpg,data_hirschberg\eye-classification\train\NORMAL\normal_068.jpg,train,train,NORMAL,normal,False,UNKNOWN,normal:normal_068,legacy_or_unknown_hirschberg_crop,user_attested_doctor_confirmed_folder_label,User states labels were previously confirmed by doctors at an organization; no separate clinician manifest was present in the folder.,UNKNOWN,UNKNOWN_CROPPED_224,UNKNOWN,UNKNOWN,UNKNOWN,UNKNOWN,UNKNOWN,5ed9117191731adae41150577554145ba0b18e8f10098f52ec34058871191551,224,224,JPEG,RGB,exploratory_only_until_participant_id_and_protocol_are_confirmed
hirschberg-folder-labels-v0.1,train/NORMAL/normal_069.jpg,data_hirschberg\eye-classification\train\NORMAL\normal_069.jpg,train,train,NORMAL,normal,False,UNKNOWN,normal:normal_069,legacy_or_unknown_hirschberg_crop,user_attested_doctor_confirmed_folder_label,User states labels were previously confirmed by doctors at an organization; no separate clinician manifest was present in the folder.,UNKNOWN,UNKNOWN_CROPPED_224,UNKNOWN,UNKNOWN,UNKNOWN,UNKNOWN,UNKNOWN,a6988d5822dfd686a3aebf5a29db0e06c0c90a719c78f796f5cb4aa9fa002f0f,224,224,JPEG,RGB,exploratory_only_until_participant_id_and_protocol_are_confirmed
hirschberg-folder-labels-v0.1,train/NORMAL/normal_070.jpg,data_hirschberg\eye-classification\train\NORMAL\normal_070.jpg,train,train,NORMAL,normal,False,UNKNOWN,normal:normal_070,legacy_or_unknown_hirschberg_crop,user_attested_doctor_confirmed_folder_label,User states labels were previously confirmed by doctors at an organization; no separate clinician manifest was present in the folder.,UNKNOWN,UNKNOWN_CROPPED_224,UNKNOWN,UNKNOWN,UNKNOWN,UNKNOWN,UNKNOWN,0b9eed9e04b52ac9b8b24d6eb36ffea42b3d730d84bab204b8643fbe3daf4e52,224,224,JPEG,RGB,exploratory_only_until_participant_id_and_protocol_are_confirmed
hirschberg-folder-labels-v0.1,train/NORMAL/normal_071.jpg,data_hirschberg\eye-classification\train\NORMAL\normal_071.jpg,train,train,NORMAL,normal,False,UNKNOWN,normal:normal_071,legacy_or_unknown_hirschberg_crop,user_attested_doctor_confirmed_folder_label,User states labels were previously confirmed by doctors at an organization; no separate clinician manifest was present in the folder.,UNKNOWN,UNKNOWN_CROPPED_224,UNKNOWN,UNKNOWN,UNKNOWN,UNKNOWN,UNKNOWN,565acf6a5d0db778fe3a57842b4e7132345f4241fe3c10b9fe01dcd0df83d751,224,224,JPEG,RGB,exploratory_only_until_participant_id_and_protocol_are_confirmed
hirschberg-folder-labels-v0.1,train/NORMAL/normal_072.jpg,data_hirschberg\eye-classification\train\NORMAL\normal_072.jpg,train,train,NORMAL,normal,False,UNKNOWN,normal:normal_072,legacy_or_unknown_hirschberg_crop,user_attested_doctor_confirmed_folder_label,User states labels were previously confirmed by doctors at an organization; no separate clinician manifest was present in the folder.,UNKNOWN,UNKNOWN_CROPPED_224,UNKNOWN,UNKNOWN,UNKNOWN,UNKNOWN,UNKNOWN,dfd68453eede00fde681ff7faabab2cbf1ee264548b00abf2c9fabf182e9de85,224,224,JPEG,RGB,exploratory_only_until_participant_id_and_protocol_are_confirmed
hirschberg-folder-labels-v0.1,train/NORMAL/normal_073.jpg,data_hirschberg\eye-classification\train\NORMAL\normal_073.jpg,train,train,NORMAL,normal,False,UNKNOWN,normal:normal_073,legacy_or_unknown_hirschberg_crop,user_attested_doctor_confirmed_folder_label,User states labels were previously confirmed by doctors at an organization; no separate clinician manifest was present in the folder.,UNKNOWN,UNKNOWN_CROPPED_224,UNKNOWN,UNKNOWN,UNKNOWN,UNKNOWN,UNKNOWN,1dbe800cc3effd3d0faaa320bedb2112a1130eedcab4a0dd77baf87a3be2224f,224,224,JPEG,RGB,exploratory_only_until_participant_id_and_protocol_are_confirmed
hirschberg-folder-labels-v0.1,train/NORMAL/normal_074.jpg,data_hirschberg\eye-classification\train\NORMAL\normal_074.jpg,train,train,NORMAL,normal,False,UNKNOWN,normal:normal_074,legacy_or_unknown_hirschberg_crop,user_attested_doctor_confirmed_folder_label,User states labels were previously confirmed by doctors at an organization; no separate clinician manifest was present in the folder.,UNKNOWN,UNKNOWN_CROPPED_224,UNKNOWN,UNKNOWN,UNKNOWN,UNKNOWN,UNKNOWN,94bc8efbc140cb5e2bd97e1e589c8e47ea6dadab9caa51747b41320af7fa6580,224,224,JPEG,RGB,exploratory_only_until_participant_id_and_protocol_are_confirmed
hirschberg-folder-labels-v0.1,train/NORMAL/normal_075.jpg,data_hirschberg\eye-classification\train\NORMAL\normal_075.jpg,train,train,NORMAL,normal,False,UNKNOWN,normal:normal_075,legacy_or_unknown_hirschberg_crop,user_attested_doctor_confirmed_folder_label,User states labels were previously confirmed by doctors at an organization; no separate clinician manifest was present in the folder.,UNKNOWN,UNKNOWN_CROPPED_224,UNKNOWN,UNKNOWN,UNKNOWN,UNKNOWN,UNKNOWN,f57b7f8d41c2a1fec3a835cc984cb716046b6c0e5f8feac80d7e076bfa774860,224,224,JPEG,RGB,exploratory_only_until_participant_id_and_protocol_are_confirmed
hirschberg-folder-labels-v0.1,train/NORMAL/normal_076.jpg,data_hirschberg\eye-classification\train\NORMAL\normal_076.jpg,train,train,NORMAL,normal,False,UNKNOWN,normal:normal_076,legacy_or_unknown_hirschberg_crop,user_attested_doctor_confirmed_folder_label,User states labels were previously confirmed by doctors at an organization; no separate clinician manifest was present in the folder.,UNKNOWN,UNKNOWN_CROPPED_224,UNKNOWN,UNKNOWN,UNKNOWN,UNKNOWN,UNKNOWN,8ecae533f5fc3178bdb1ea30ad8adad45c91b858340481ba4311b334f0354195,224,224,JPEG,RGB,exploratory_only_until_participant_id_and_protocol_are_confirmed
hirschberg-folder-labels-v0.1,train/NORMAL/normal_077.jpg,data_hirschberg\eye-classification\train\NORMAL\normal_077.jpg,train,train,NORMAL,normal,False,UNKNOWN,normal:normal_077,legacy_or_unknown_hirschberg_crop,user_attested_doctor_confirmed_folder_label,User states labels were previously confirmed by doctors at an organization; no separate clinician manifest was present in the folder.,UNKNOWN,UNKNOWN_CROPPED_224,UNKNOWN,UNKNOWN,UNKNOWN,UNKNOWN,UNKNOWN,f6515d543c59efe3f57410d17eeb6f1b8eb7e9f52105d58dd183f65707bd74be,224,224,JPEG,RGB,exploratory_only_until_participant_id_and_protocol_are_confirmed
hirschberg-folder-labels-v0.1,train/NORMAL/normal_078.jpg,data_hirschberg\eye-classification\train\NORMAL\normal_078.jpg,train,train,NORMAL,normal,False,UNKNOWN,normal:normal_078,legacy_or_unknown_hirschberg_crop,user_attested_doctor_confirmed_folder_label,User states labels were previously confirmed by doctors at an organization; no separate clinician manifest was present in the folder.,UNKNOWN,UNKNOWN_CROPPED_224,UNKNOWN,UNKNOWN,UNKNOWN,UNKNOWN,UNKNOWN,4b15deb5e0b37677f7707c1ce373fce879f46d1d9363dc8639cd617fa9278447,224,224,JPEG,RGB,exploratory_only_until_participant_id_and_protocol_are_confirmed
hirschberg-folder-labels-v0.1,train/NORMAL/normal_079.jpg,data_hirschberg\eye-classification\train\NORMAL\normal_079.jpg,train,train,NORMAL,normal,False,UNKNOWN,normal:normal_079,legacy_or_unknown_hirschberg_crop,user_attested_doctor_confirmed_folder_label,User states labels were previously confirmed by doctors at an organization; no separate clinician manifest was present in the folder.,UNKNOWN,UNKNOWN_CROPPED_224,UNKNOWN,UNKNOWN,UNKNOWN,UNKNOWN,UNKNOWN,f271eeae5d385d0fedfc8621af74f013070a14d179f9de025f9a8d4d8e79992f,224,224,JPEG,RGB,exploratory_only_until_participant_id_and_protocol_are_confirmed
hirschberg-folder-labels-v0.1,train/NORMAL/normal_080.jpg,data_hirschberg\eye-classification\train\NORMAL\normal_080.jpg,train,train,NORMAL,normal,False,UNKNOWN,normal:normal_080,legacy_or_unknown_hirschberg_crop,user_attested_doctor_confirmed_folder_label,User states labels were previously confirmed by doctors at an organization; no separate clinician manifest was present in the folder.,UNKNOWN,UNKNOWN_CROPPED_224,UNKNOWN,UNKNOWN,UNKNOWN,UNKNOWN,UNKNOWN,326830f35bc09426b783cf831f85ac9eb6e20086a016197bb2e6c7d98fc5cd8e,224,224,JPEG,RGB,exploratory_only_until_participant_id_and_protocol_are_confirmed
hirschberg-folder-labels-v0.1,train/NORMAL/normal_081.jpg,data_hirschberg\eye-classification\train\NORMAL\normal_081.jpg,train,train,NORMAL,normal,False,UNKNOWN,normal:normal_081,legacy_or_unknown_hirschberg_crop,user_attested_doctor_confirmed_folder_label,User states labels were previously confirmed by doctors at an organization; no separate clinician manifest was present in the folder.,UNKNOWN,UNKNOWN_CROPPED_224,UNKNOWN,UNKNOWN,UNKNOWN,UNKNOWN,UNKNOWN,c3ca86d9b8c0196226ea29702a3f56622b93c07a76043b3b24523ed5fc86bd6c,224,224,JPEG,RGB,exploratory_only_until_participant_id_and_protocol_are_confirmed
hirschberg-folder-labels-v0.1,train/NORMAL/normal_082.jpg,data_hirschberg\eye-classification\train\NORMAL\normal_082.jpg,train,test,NORMAL,normal,False,UNKNOWN,normal:normal_082,legacy_or_unknown_hirschberg_crop,user_attested_doctor_confirmed_folder_label,User states labels were previously confirmed by doctors at an organization; no separate clinician manifest was present in the folder.,UNKNOWN,UNKNOWN_CROPPED_224,UNKNOWN,UNKNOWN,UNKNOWN,UNKNOWN,UNKNOWN,d8bef194a7c5a8b05acae91fd05cd473a993941c70bbbadb282339b8faa9e424,224,224,JPEG,RGB,exploratory_only_until_participant_id_and_protocol_are_confirmed
hirschberg-folder-labels-v0.1,train/NORMAL/normal_083.jpg,data_hirschberg\eye-classification\train\NORMAL\normal_083.jpg,train,test,NORMAL,normal,False,UNKNOWN,normal:normal_083,legacy_or_unknown_hirschberg_crop,user_attested_doctor_confirmed_folder_label,User states labels were previously confirmed by doctors at an organization; no separate clinician manifest was present in the folder.,UNKNOWN,UNKNOWN_CROPPED_224,UNKNOWN,UNKNOWN,UNKNOWN,UNKNOWN,UNKNOWN,943f586d30f9aa1e6118fbf2c032175d53d19584c97bb30127147e655e15f01c,224,224,JPEG,RGB,exploratory_only_until_participant_id_and_protocol_are_confirmed
hirschberg-folder-labels-v0.1,train/NORMAL/normal_084.jpg,data_hirschberg\eye-classification\train\NORMAL\normal_084.jpg,train,train,NORMAL,normal,False,UNKNOWN,normal:normal_084,legacy_or_unknown_hirschberg_crop,user_attested_doctor_confirmed_folder_label,User states labels were previously confirmed by doctors at an organization; no separate clinician manifest was present in the folder.,UNKNOWN,UNKNOWN_CROPPED_224,UNKNOWN,UNKNOWN,UNKNOWN,UNKNOWN,UNKNOWN,bdf931fedfc19c476b5857c3c783cb66161dfb7ac5e54f6752ff29d9f505e324,224,224,JPEG,RGB,exploratory_only_until_participant_id_and_protocol_are_confirmed
hirschberg-folder-labels-v0.1,train/NORMAL/normal_085.jpg,data_hirschberg\eye-classification\train\NORMAL\normal_085.jpg,train,train,NORMAL,normal,False,UNKNOWN,normal:normal_085,legacy_or_unknown_hirschberg_crop,user_attested_doctor_confirmed_folder_label,User states labels were previously confirmed by doctors at an organization; no separate clinician manifest was present in the folder.,UNKNOWN,UNKNOWN_CROPPED_224,UNKNOWN,UNKNOWN,UNKNOWN,UNKNOWN,UNKNOWN,702105d2d797be2033a113da58e927ce09208b6062c34e5c949cf8689d6c2d43,224,224,JPEG,RGB,exploratory_only_until_participant_id_and_protocol_are_confirmed
hirschberg-folder-labels-v0.1,train/NORMAL/normal_086.jpg,data_hirschberg\eye-classification\train\NORMAL\normal_086.jpg,train,train,NORMAL,normal,False,UNKNOWN,normal:normal_086,legacy_or_unknown_hirschberg_crop,user_attested_doctor_confirmed_folder_label,User states labels were previously confirmed by doctors at an organization; no separate clinician manifest was present in the folder.,UNKNOWN,UNKNOWN_CROPPED_224,UNKNOWN,UNKNOWN,UNKNOWN,UNKNOWN,UNKNOWN,99c360b9c728cccbcd50b3b72c89f99edb386377aadf9e814968eb1daa72c70d,224,224,JPEG,RGB,exploratory_only_until_participant_id_and_protocol_are_confirmed
hirschberg-folder-labels-v0.1,train/NORMAL/normal_087.jpg,data_hirschberg\eye-classification\train\NORMAL\normal_087.jpg,train,test,NORMAL,normal,False,UNKNOWN,normal:normal_087,legacy_or_unknown_hirschberg_crop,user_attested_doctor_confirmed_folder_label,User states labels were previously confirmed by doctors at an organization; no separate clinician manifest was present in the folder.,UNKNOWN,UNKNOWN_CROPPED_224,UNKNOWN,UNKNOWN,UNKNOWN,UNKNOWN,UNKNOWN,0b0ca095b405eaf891f8d2fd6d251379baa19e7d86d4db9edf26539d63bed008,224,224,JPEG,RGB,exploratory_only_until_participant_id_and_protocol_are_confirmed
hirschberg-folder-labels-v0.1,train/NORMAL/normal_088.jpg,data_hirschberg\eye-classification\train\NORMAL\normal_088.jpg,train,train,NORMAL,normal,False,UNKNOWN,normal:normal_088,legacy_or_unknown_hirschberg_crop,user_attested_doctor_confirmed_folder_label,User states labels were previously confirmed by doctors at an organization; no separate clinician manifest was present in the folder.,UNKNOWN,UNKNOWN_CROPPED_224,UNKNOWN,UNKNOWN,UNKNOWN,UNKNOWN,UNKNOWN,a61aee6e02dbaeb3215f2bdb0ad29cada9792ee316a83cb1bae9dfcbbc564c16,224,224,JPEG,RGB,exploratory_only_until_participant_id_and_protocol_are_confirmed
hirschberg-folder-labels-v0.1,train/NORMAL/normal_089.jpg,data_hirschberg\eye-classification\train\NORMAL\normal_089.jpg,train,train,NORMAL,normal,False,UNKNOWN,normal:normal_089,legacy_or_unknown_hirschberg_crop,user_attested_doctor_confirmed_folder_label,User states labels were previously confirmed by doctors at an organization; no separate clinician manifest was present in the folder.,UNKNOWN,UNKNOWN_CROPPED_224,UNKNOWN,UNKNOWN,UNKNOWN,UNKNOWN,UNKNOWN,198866753fb76afbb613325c7dcf1d9f216a012c0046dcfe1ff4f481bb8ea40d,224,224,JPEG,RGB,exploratory_only_until_participant_id_and_protocol_are_confirmed
hirschberg-folder-labels-v0.1,train/NORMAL/normal_090.jpg,data_hirschberg\eye-classification\train\NORMAL\normal_090.jpg,train,train,NORMAL,normal,False,UNKNOWN,normal:normal_090,legacy_or_unknown_hirschberg_crop,user_attested_doctor_confirmed_folder_label,User states labels were previously confirmed by doctors at an organization; no separate clinician manifest was present in the folder.,UNKNOWN,UNKNOWN_CROPPED_224,UNKNOWN,UNKNOWN,UNKNOWN,UNKNOWN,UNKNOWN,c24bf8ca6c2522303059ba8bbfd6fb2bf9c2c7ba1ea860cbe42fe8893a2f834f,224,224,JPEG,RGB,exploratory_only_until_participant_id_and_protocol_are_confirmed
hirschberg-folder-labels-v0.1,train/NORMAL/normal_091.jpg,data_hirschberg\eye-classification\train\NORMAL\normal_091.jpg,train,train,NORMAL,normal,False,UNKNOWN,normal:normal_091,legacy_or_unknown_hirschberg_crop,user_attested_doctor_confirmed_folder_label,User states labels were previously confirmed by doctors at an organization; no separate clinician manifest was present in the folder.,UNKNOWN,UNKNOWN_CROPPED_224,UNKNOWN,UNKNOWN,UNKNOWN,UNKNOWN,UNKNOWN,452d15c36aca193cc9efa27020eb05cfc89e66f64169a43fd97eda5a32782d4c,224,224,JPEG,RGB,exploratory_only_until_participant_id_and_protocol_are_confirmed
hirschberg-folder-labels-v0.1,train/NORMAL/normal_092.jpg,data_hirschberg\eye-classification\train\NORMAL\normal_092.jpg,train,test,NORMAL,normal,False,UNKNOWN,normal:normal_092,legacy_or_unknown_hirschberg_crop,user_attested_doctor_confirmed_folder_label,User states labels were previously confirmed by doctors at an organization; no separate clinician manifest was present in the folder.,UNKNOWN,UNKNOWN_CROPPED_224,UNKNOWN,UNKNOWN,UNKNOWN,UNKNOWN,UNKNOWN,2b53439f36b77b909a6f8c3f02baf2bb9ea68f05acc38da0dd4a54ca7582d670,224,224,JPEG,RGB,exploratory_only_until_participant_id_and_protocol_are_confirmed
hirschberg-folder-labels-v0.1,train/NORMAL/normal_093.jpg,data_hirschberg\eye-classification\train\NORMAL\normal_093.jpg,train,train,NORMAL,normal,False,UNKNOWN,normal:normal_093,legacy_or_unknown_hirschberg_crop,user_attested_doctor_confirmed_folder_label,User states labels were previously confirmed by doctors at an organization; no separate clinician manifest was present in the folder.,UNKNOWN,UNKNOWN_CROPPED_224,UNKNOWN,UNKNOWN,UNKNOWN,UNKNOWN,UNKNOWN,b41840a88bacd99315cc172742965e94ee9f7462420a66b405b358dfbac129b4,224,224,JPEG,RGB,exploratory_only_until_participant_id_and_protocol_are_confirmed
hirschberg-folder-labels-v0.1,train/NORMAL/normal_094.jpg,data_hirschberg\eye-classification\train\NORMAL\normal_094.jpg,train,train,NORMAL,normal,False,UNKNOWN,normal:normal_094,legacy_or_unknown_hirschberg_crop,user_attested_doctor_confirmed_folder_label,User states labels were previously confirmed by doctors at an organization; no separate clinician manifest was present in the folder.,UNKNOWN,UNKNOWN_CROPPED_224,UNKNOWN,UNKNOWN,UNKNOWN,UNKNOWN,UNKNOWN,343482016ec373585994b12e692b1da631acd1d61a50a9c052189a4d0c829042,224,224,JPEG,RGB,exploratory_only_until_participant_id_and_protocol_are_confirmed
hirschberg-folder-labels-v0.1,train/NORMAL/normal_095.jpg,data_hirschberg\eye-classification\train\NORMAL\normal_095.jpg,train,train,NORMAL,normal,False,UNKNOWN,normal:normal_095,legacy_or_unknown_hirschberg_crop,user_attested_doctor_confirmed_folder_label,User states labels were previously confirmed by doctors at an organization; no separate clinician manifest was present in the folder.,UNKNOWN,UNKNOWN_CROPPED_224,UNKNOWN,UNKNOWN,UNKNOWN,UNKNOWN,UNKNOWN,3b25b63ebdd6c624ea26a261c629b48bf2865dad71a8c21e74aff38b755d13a7,224,224,JPEG,RGB,exploratory_only_until_participant_id_and_protocol_are_confirmed
hirschberg-folder-labels-v0.1,train/NORMAL/normal_096.jpg,data_hirschberg\eye-classification\train\NORMAL\normal_096.jpg,train,val,NORMAL,normal,False,UNKNOWN,normal:normal_096,legacy_or_unknown_hirschberg_crop,user_attested_doctor_confirmed_folder_label,User states labels were previously confirmed by doctors at an organization; no separate clinician manifest was present in the folder.,UNKNOWN,UNKNOWN_CROPPED_224,UNKNOWN,UNKNOWN,UNKNOWN,UNKNOWN,UNKNOWN,3b9d74427770d2173dac1d6dd750cfefa790e0228cd0869db6ebd7847c671956,224,224,JPEG,RGB,exploratory_only_until_participant_id_and_protocol_are_confirmed
hirschberg-folder-labels-v0.1,train/NORMAL/normal_097.jpg,data_hirschberg\eye-classification\train\NORMAL\normal_097.jpg,train,train,NORMAL,normal,False,UNKNOWN,normal:normal_097,legacy_or_unknown_hirschberg_crop,user_attested_doctor_confirmed_folder_label,User states labels were previously confirmed by doctors at an organization; no separate clinician manifest was present in the folder.,UNKNOWN,UNKNOWN_CROPPED_224,UNKNOWN,UNKNOWN,UNKNOWN,UNKNOWN,UNKNOWN,3ba91765113ea5abb4d8cfbb60c73975ff1f39ac461f62ab8929789107075396,224,224,JPEG,RGB,exploratory_only_until_participant_id_and_protocol_are_confirmed
hirschberg-folder-labels-v0.1,train/NORMAL/normal_098.jpg,data_hirschberg\eye-classification\train\NORMAL\normal_098.jpg,train,train,NORMAL,normal,False,UNKNOWN,normal:normal_098,legacy_or_unknown_hirschberg_crop,user_attested_doctor_confirmed_folder_label,User states labels were previously confirmed by doctors at an organization; no separate clinician manifest was present in the folder.,UNKNOWN,UNKNOWN_CROPPED_224,UNKNOWN,UNKNOWN,UNKNOWN,UNKNOWN,UNKNOWN,d6429f545f3e3f097d288b416d7ca3ec68b67b5f82145b5f786542088536bc5c,224,224,JPEG,RGB,exploratory_only_until_participant_id_and_protocol_are_confirmed
hirschberg-folder-labels-v0.1,train/NORMAL/normal_099.jpg,data_hirschberg\eye-classification\train\NORMAL\normal_099.jpg,train,test,NORMAL,normal,False,UNKNOWN,normal:normal_099,legacy_or_unknown_hirschberg_crop,user_attested_doctor_confirmed_folder_label,User states labels were previously confirmed by doctors at an organization; no separate clinician manifest was present in the folder.,UNKNOWN,UNKNOWN_CROPPED_224,UNKNOWN,UNKNOWN,UNKNOWN,UNKNOWN,UNKNOWN,199dff5f02c0b942b94108dd21eeb559b62046b636a1142db845c4dfbf36d490,224,224,JPEG,RGB,exploratory_only_until_participant_id_and_protocol_are_confirmed
hirschberg-folder-labels-v0.1,train/NORMAL/normal_100.jpg,data_hirschberg\eye-classification\train\NORMAL\normal_100.jpg,train,test,NORMAL,normal,False,UNKNOWN,normal:normal_100,legacy_or_unknown_hirschberg_crop,user_attested_doctor_confirmed_folder_label,User states labels were previously confirmed by doctors at an organization; no separate clinician manifest was present in the folder.,UNKNOWN,UNKNOWN_CROPPED_224,UNKNOWN,UNKNOWN,UNKNOWN,UNKNOWN,UNKNOWN,18cb77d91ddee65c5e075e2bcdeab336364a2bcc5529f2c6f249613209846593,224,224,JPEG,RGB,exploratory_only_until_participant_id_and_protocol_are_confirmed
hirschberg-folder-labels-v0.1,train/NORMAL/normal_101.jpg,data_hirschberg\eye-classification\train\NORMAL\normal_101.jpg,train,train,NORMAL,normal,False,UNKNOWN,normal:normal_101,legacy_or_unknown_hirschberg_crop,user_attested_doctor_confirmed_folder_label,User states labels were previously confirmed by doctors at an organization; no separate clinician manifest was present in the folder.,UNKNOWN,UNKNOWN_CROPPED_224,UNKNOWN,UNKNOWN,UNKNOWN,UNKNOWN,UNKNOWN,29db16db1f28f2e089327a150db109147cd313da3e651410d26f52493e57116b,224,224,JPEG,RGB,exploratory_only_until_participant_id_and_protocol_are_confirmed
hirschberg-folder-labels-v0.1,train/NORMAL/normal_102.jpg,data_hirschberg\eye-classification\train\NORMAL\normal_102.jpg,train,test,NORMAL,normal,False,UNKNOWN,normal:normal_102,legacy_or_unknown_hirschberg_crop,user_attested_doctor_confirmed_folder_label,User states labels were previously confirmed by doctors at an organization; no separate clinician manifest was present in the folder.,UNKNOWN,UNKNOWN_CROPPED_224,UNKNOWN,UNKNOWN,UNKNOWN,UNKNOWN,UNKNOWN,2607ff69d912a2853ce2960a3e661d6abf3b07ce44d7dffeefe5b5c4e7dbc2e0,224,224,JPEG,RGB,exploratory_only_until_participant_id_and_protocol_are_confirmed
hirschberg-folder-labels-v0.1,train/NORMAL/normal_103.jpg,data_hirschberg\eye-classification\train\NORMAL\normal_103.jpg,train,test,NORMAL,normal,False,UNKNOWN,normal:normal_103,legacy_or_unknown_hirschberg_crop,user_attested_doctor_confirmed_folder_label,User states labels were previously confirmed by doctors at an organization; no separate clinician manifest was present in the folder.,UNKNOWN,UNKNOWN_CROPPED_224,UNKNOWN,UNKNOWN,UNKNOWN,UNKNOWN,UNKNOWN,402b2bd3bda5e31963c99115423efdb7f28aac3e070ee7e8725ffc0b0af609b9,224,224,JPEG,RGB,exploratory_only_until_participant_id_and_protocol_are_confirmed
hirschberg-folder-labels-v0.1,train/NORMAL/normal_104.jpg,data_hirschberg\eye-classification\train\NORMAL\normal_104.jpg,train,train,NORMAL,normal,False,UNKNOWN,normal:normal_104,legacy_or_unknown_hirschberg_crop,user_attested_doctor_confirmed_folder_label,User states labels were previously confirmed by doctors at an organization; no separate clinician manifest was present in the folder.,UNKNOWN,UNKNOWN_CROPPED_224,UNKNOWN,UNKNOWN,UNKNOWN,UNKNOWN,UNKNOWN,acfbc27008bbea69618caf05a11f983d12e8d0f45e03574714be291e1b593881,224,224,JPEG,RGB,exploratory_only_until_participant_id_and_protocol_are_confirmed
hirschberg-folder-labels-v0.1,train/NORMAL/normal_105.jpg,data_hirschberg\eye-classification\train\NORMAL\normal_105.jpg,train,train,NORMAL,normal,False,UNKNOWN,normal:normal_105,legacy_or_unknown_hirschberg_crop,user_attested_doctor_confirmed_folder_label,User states labels were previously confirmed by doctors at an organization; no separate clinician manifest was present in the folder.,UNKNOWN,UNKNOWN_CROPPED_224,UNKNOWN,UNKNOWN,UNKNOWN,UNKNOWN,UNKNOWN,290d96aa5bee6cffecebacf8a2c225df1c68407acd9ba0173962ec98ff8ac185,224,224,JPEG,RGB,exploratory_only_until_participant_id_and_protocol_are_confirmed
hirschberg-folder-labels-v0.1,train/NORMAL/normal_106.jpg,data_hirschberg\eye-classification\train\NORMAL\normal_106.jpg,train,val,NORMAL,normal,False,UNKNOWN,normal:normal_106,legacy_or_unknown_hirschberg_crop,user_attested_doctor_confirmed_folder_label,User states labels were previously confirmed by doctors at an organization; no separate clinician manifest was present in the folder.,UNKNOWN,UNKNOWN_CROPPED_224,UNKNOWN,UNKNOWN,UNKNOWN,UNKNOWN,UNKNOWN,c5aa4967adf2cae3ced96399111e09ef35e1556df427b7e6c7422eba87d2ea11,224,224,JPEG,RGB,exploratory_only_until_participant_id_and_protocol_are_confirmed
hirschberg-folder-labels-v0.1,train/NORMAL/normal_107.jpg,data_hirschberg\eye-classification\train\NORMAL\normal_107.jpg,train,train,NORMAL,normal,False,UNKNOWN,normal:normal_107,legacy_or_unknown_hirschberg_crop,user_attested_doctor_confirmed_folder_label,User states labels were previously confirmed by doctors at an organization; no separate clinician manifest was present in the folder.,UNKNOWN,UNKNOWN_CROPPED_224,UNKNOWN,UNKNOWN,UNKNOWN,UNKNOWN,UNKNOWN,207359075ed74ac0ddc6d2e8f5efd44c27a75c488cd69f407244737ef10a11ae,224,224,JPEG,RGB,exploratory_only_until_participant_id_and_protocol_are_confirmed
hirschberg-folder-labels-v0.1,train/NORMAL/normal_108.jpg,data_hirschberg\eye-classification\train\NORMAL\normal_108.jpg,train,train,NORMAL,normal,False,UNKNOWN,normal:normal_108,legacy_or_unknown_hirschberg_crop,user_attested_doctor_confirmed_folder_label,User states labels were previously confirmed by doctors at an organization; no separate clinician manifest was present in the folder.,UNKNOWN,UNKNOWN_CROPPED_224,UNKNOWN,UNKNOWN,UNKNOWN,UNKNOWN,UNKNOWN,761acdda20d4fde106ab60e2b08dadbfda9a5a29222e64a41c8043abd4486756,224,224,JPEG,RGB,exploratory_only_until_participant_id_and_protocol_are_confirmed
hirschberg-folder-labels-v0.1,train/NORMAL/normal_109.jpg,data_hirschberg\eye-classification\train\NORMAL\normal_109.jpg,train,val,NORMAL,normal,False,UNKNOWN,normal:normal_109,legacy_or_unknown_hirschberg_crop,user_attested_doctor_confirmed_folder_label,User states labels were previously confirmed by doctors at an organization; no separate clinician manifest was present in the folder.,UNKNOWN,UNKNOWN_CROPPED_224,UNKNOWN,UNKNOWN,UNKNOWN,UNKNOWN,UNKNOWN,7d403501ebc40050d7c6e94a4e627b31979a4c732ff475e9b1edc17f4d80afa6,224,224,JPEG,RGB,exploratory_only_until_participant_id_and_protocol_are_confirmed
hirschberg-folder-labels-v0.1,train/NORMAL/normal_110.jpg,data_hirschberg\eye-classification\train\NORMAL\normal_110.jpg,train,train,NORMAL,normal,False,UNKNOWN,normal:normal_110,legacy_or_unknown_hirschberg_crop,user_attested_doctor_confirmed_folder_label,User states labels were previously confirmed by doctors at an organization; no separate clinician manifest was present in the folder.,UNKNOWN,UNKNOWN_CROPPED_224,UNKNOWN,UNKNOWN,UNKNOWN,UNKNOWN,UNKNOWN,9aee8b142a46a9890b3ea24164eb14fc897f85f35fab7a01749e63609683cffe,224,224,JPEG,RGB,exploratory_only_until_participant_id_and_protocol_are_confirmed
hirschberg-folder-labels-v0.1,train/NORMAL/normal_111.jpg,data_hirschberg\eye-classification\train\NORMAL\normal_111.jpg,train,val,NORMAL,normal,False,UNKNOWN,normal:normal_111,legacy_or_unknown_hirschberg_crop,user_attested_doctor_confirmed_folder_label,User states labels were previously confirmed by doctors at an organization; no separate clinician manifest was present in the folder.,UNKNOWN,UNKNOWN_CROPPED_224,UNKNOWN,UNKNOWN,UNKNOWN,UNKNOWN,UNKNOWN,aa6eac395a2182e275ee4d934b3cc6d85d9287868c67b0aa6a9094b82b53be62,224,224,JPEG,RGB,exploratory_only_until_participant_id_and_protocol_are_confirmed
hirschberg-folder-labels-v0.1,train/NORMAL/normal_112.jpg,data_hirschberg\eye-classification\train\NORMAL\normal_112.jpg,train,train,NORMAL,normal,False,UNKNOWN,normal:normal_112,legacy_or_unknown_hirschberg_crop,user_attested_doctor_confirmed_folder_label,User states labels were previously confirmed by doctors at an organization; no separate clinician manifest was present in the folder.,UNKNOWN,UNKNOWN_CROPPED_224,UNKNOWN,UNKNOWN,UNKNOWN,UNKNOWN,UNKNOWN,b22ee7ead84d7eafbda2bf0db479d462bf075d1ea5d2a57f2cd9dc2afdd04845,224,224,JPEG,RGB,exploratory_only_until_participant_id_and_protocol_are_confirmed
hirschberg-folder-labels-v0.1,train/NORMAL/normal_113.jpg,data_hirschberg\eye-classification\train\NORMAL\normal_113.jpg,train,val,NORMAL,normal,False,UNKNOWN,normal:normal_113,legacy_or_unknown_hirschberg_crop,user_attested_doctor_confirmed_folder_label,User states labels were previously confirmed by doctors at an organization; no separate clinician manifest was present in the folder.,UNKNOWN,UNKNOWN_CROPPED_224,UNKNOWN,UNKNOWN,UNKNOWN,UNKNOWN,UNKNOWN,f31d640e2c83b1dfb1e5306cd2b2fdfe72ab015683359bbea6afcaad522911c6,224,224,JPEG,RGB,exploratory_only_until_participant_id_and_protocol_are_confirmed
hirschberg-folder-labels-v0.1,train/NORMAL/normal_114.jpg,data_hirschberg\eye-classification\train\NORMAL\normal_114.jpg,train,train,NORMAL,normal,False,UNKNOWN,normal:normal_114,legacy_or_unknown_hirschberg_crop,user_attested_doctor_confirmed_folder_label,User states labels were previously confirmed by doctors at an organization; no separate clinician manifest was present in the folder.,UNKNOWN,UNKNOWN_CROPPED_224,UNKNOWN,UNKNOWN,UNKNOWN,UNKNOWN,UNKNOWN,71ecc61d636cce7d4d2e8196d8952a8aa64faafc350250b1353a83e4c73db5a2,224,224,JPEG,RGB,exploratory_only_until_participant_id_and_protocol_are_confirmed
hirschberg-folder-labels-v0.1,train/NORMAL/normal_115.jpg,data_hirschberg\eye-classification\train\NORMAL\normal_115.jpg,train,train,NORMAL,normal,False,UNKNOWN,normal:normal_115,legacy_or_unknown_hirschberg_crop,user_attested_doctor_confirmed_folder_label,User states labels were previously confirmed by doctors at an organization; no separate clinician manifest was present in the folder.,UNKNOWN,UNKNOWN_CROPPED_224,UNKNOWN,UNKNOWN,UNKNOWN,UNKNOWN,UNKNOWN,108d0737a4968aca7e44311b42e7b46d2fb8ee54c4d3edfa6ee0931145ef3574,224,224,JPEG,RGB,exploratory_only_until_participant_id_and_protocol_are_confirmed
hirschberg-folder-labels-v0.1,train/NORMAL/normal_116.jpg,data_hirschberg\eye-classification\train\NORMAL\normal_116.jpg,train,train,NORMAL,normal,False,UNKNOWN,normal:normal_116,legacy_or_unknown_hirschberg_crop,user_attested_doctor_confirmed_folder_label,User states labels were previously confirmed by doctors at an organization; no separate clinician manifest was present in the folder.,UNKNOWN,UNKNOWN_CROPPED_224,UNKNOWN,UNKNOWN,UNKNOWN,UNKNOWN,UNKNOWN,51beb1130319125ae24eff4b5e164282f40aacf68bc6e157603017c8a260f83e,224,224,JPEG,RGB,exploratory_only_until_participant_id_and_protocol_are_confirmed
hirschberg-folder-labels-v0.1,train/NORMAL/normal_117.jpg,data_hirschberg\eye-classification\train\NORMAL\normal_117.jpg,train,train,NORMAL,normal,False,UNKNOWN,normal:normal_117,legacy_or_unknown_hirschberg_crop,user_attested_doctor_confirmed_folder_label,User states labels were previously confirmed by doctors at an organization; no separate clinician manifest was present in the folder.,UNKNOWN,UNKNOWN_CROPPED_224,UNKNOWN,UNKNOWN,UNKNOWN,UNKNOWN,UNKNOWN,b63d2fb3467491d1fd52ad0dcd6dbc80360d84b886589b796c73deabea7d49e5,224,224,JPEG,RGB,exploratory_only_until_participant_id_and_protocol_are_confirmed
hirschberg-folder-labels-v0.1,train/NORMAL/normal_139.jpg,data_hirschberg\eye-classification\train\NORMAL\normal_139.jpg,train,train,NORMAL,normal,False,UNKNOWN,normal:normal_139,legacy_or_unknown_hirschberg_crop,user_attested_doctor_confirmed_folder_label,User states labels were previously confirmed by doctors at an organization; no separate clinician manifest was present in the folder.,UNKNOWN,UNKNOWN_CROPPED_224,UNKNOWN,UNKNOWN,UNKNOWN,UNKNOWN,UNKNOWN,00ec437d64a2fa7f8be88016809b55e2462d3b9b8b491dfd9b1eea7be2d52e0f,224,224,JPEG,RGB,exploratory_only_until_participant_id_and_protocol_are_confirmed
hirschberg-folder-labels-v0.1,train/NORMAL/normal_140.jpg,data_hirschberg\eye-classification\train\NORMAL\normal_140.jpg,train,train,NORMAL,normal,False,UNKNOWN,normal:normal_140,legacy_or_unknown_hirschberg_crop,user_attested_doctor_confirmed_folder_label,User states labels were previously confirmed by doctors at an organization; no separate clinician manifest was present in the folder.,UNKNOWN,UNKNOWN_CROPPED_224,UNKNOWN,UNKNOWN,UNKNOWN,UNKNOWN,UNKNOWN,a850e77d4abdf226b0510165cc113c4d08f6272273b4810e7ad2db108a9e18f5,224,224,JPEG,RGB,exploratory_only_until_participant_id_and_protocol_are_confirmed
hirschberg-folder-labels-v0.1,train/NORMAL/normal_141.jpg,data_hirschberg\eye-classification\train\NORMAL\normal_141.jpg,train,train,NORMAL,normal,False,UNKNOWN,normal:normal_141,legacy_or_unknown_hirschberg_crop,user_attested_doctor_confirmed_folder_label,User states labels were previously confirmed by doctors at an organization; no separate clinician manifest was present in the folder.,UNKNOWN,UNKNOWN_CROPPED_224,UNKNOWN,UNKNOWN,UNKNOWN,UNKNOWN,UNKNOWN,73c4c2e980e0d99b5816b5c0d4718cc380714dcfdc329e9be6689d224b8a2811,224,224,JPEG,RGB,exploratory_only_until_participant_id_and_protocol_are_confirmed
hirschberg-folder-labels-v0.1,train/NORMAL/normal_142.jpg,data_hirschberg\eye-classification\train\NORMAL\normal_142.jpg,train,test,NORMAL,normal,False,UNKNOWN,normal:normal_142,legacy_or_unknown_hirschberg_crop,user_attested_doctor_confirmed_folder_label,User states labels were previously confirmed by doctors at an organization; no separate clinician manifest was present in the folder.,UNKNOWN,UNKNOWN_CROPPED_224,UNKNOWN,UNKNOWN,UNKNOWN,UNKNOWN,UNKNOWN,0344044618b93549f176c345812db9c5e02ba245ffd230c1d862fd2334db8a5f,224,224,JPEG,RGB,exploratory_only_until_participant_id_and_protocol_are_confirmed
hirschberg-folder-labels-v0.1,train/NORMAL/normal_143.jpg,data_hirschberg\eye-classification\train\NORMAL\normal_143.jpg,train,train,NORMAL,normal,False,UNKNOWN,normal:normal_143,legacy_or_unknown_hirschberg_crop,user_attested_doctor_confirmed_folder_label,User states labels were previously confirmed by doctors at an organization; no separate clinician manifest was present in the folder.,UNKNOWN,UNKNOWN_CROPPED_224,UNKNOWN,UNKNOWN,UNKNOWN,UNKNOWN,UNKNOWN,155c44e2a55b38dc5fbc1e86b9a857070c90b589cfa8dbfef38c616c094ea220,224,224,JPEG,RGB,exploratory_only_until_participant_id_and_protocol_are_confirmed
hirschberg-folder-labels-v0.1,train/NORMAL/normal_144.jpg,data_hirschberg\eye-classification\train\NORMAL\normal_144.jpg,train,val,NORMAL,normal,False,UNKNOWN,normal:normal_144,legacy_or_unknown_hirschberg_crop,user_attested_doctor_confirmed_folder_label,User states labels were previously confirmed by doctors at an organization; no separate clinician manifest was present in the folder.,UNKNOWN,UNKNOWN_CROPPED_224,UNKNOWN,UNKNOWN,UNKNOWN,UNKNOWN,UNKNOWN,232b42b29cbd7b9ee20e64562108c16c534411833f7e51585bb94aba1a698259,224,224,JPEG,RGB,exploratory_only_until_participant_id_and_protocol_are_confirmed
hirschberg-folder-labels-v0.1,train/NORMAL/normal_145.jpg,data_hirschberg\eye-classification\train\NORMAL\normal_145.jpg,train,test,NORMAL,normal,False,UNKNOWN,normal:normal_145,legacy_or_unknown_hirschberg_crop,user_attested_doctor_confirmed_folder_label,User states labels were previously confirmed by doctors at an organization; no separate clinician manifest was present in the folder.,UNKNOWN,UNKNOWN_CROPPED_224,UNKNOWN,UNKNOWN,UNKNOWN,UNKNOWN,UNKNOWN,3e51eab5225059185b41d1046d701a70e5b4442ec2d0c8976c44f53a95e3ca66,224,224,JPEG,RGB,exploratory_only_until_participant_id_and_protocol_are_confirmed
hirschberg-folder-labels-v0.1,train/NORMAL/normal_146.jpg,data_hirschberg\eye-classification\train\NORMAL\normal_146.jpg,train,train,NORMAL,normal,False,UNKNOWN,normal:normal_146,legacy_or_unknown_hirschberg_crop,user_attested_doctor_confirmed_folder_label,User states labels were previously confirmed by doctors at an organization; no separate clinician manifest was present in the folder.,UNKNOWN,UNKNOWN_CROPPED_224,UNKNOWN,UNKNOWN,UNKNOWN,UNKNOWN,UNKNOWN,fdb3de1254d193ce731d635bdfe0718d82877eee922252a526f954a8d13262f2,224,224,JPEG,RGB,exploratory_only_until_participant_id_and_protocol_are_confirmed
hirschberg-folder-labels-v0.1,train/NORMAL/normal_147.jpg,data_hirschberg\eye-classification\train\NORMAL\normal_147.jpg,train,train,NORMAL,normal,False,UNKNOWN,normal:normal_147,legacy_or_unknown_hirschberg_crop,user_attested_doctor_confirmed_folder_label,User states labels were previously confirmed by doctors at an organization; no separate clinician manifest was present in the folder.,UNKNOWN,UNKNOWN_CROPPED_224,UNKNOWN,UNKNOWN,UNKNOWN,UNKNOWN,UNKNOWN,7bcda3d828cf03195165fcebb1ff452267b64b3e3d8b351ed2b97ad5cb454da7,224,224,JPEG,RGB,exploratory_only_until_participant_id_and_protocol_are_confirmed
hirschberg-folder-labels-v0.1,train/NORMAL/normal_148.jpg,data_hirschberg\eye-classification\train\NORMAL\normal_148.jpg,train,train,NORMAL,normal,False,UNKNOWN,normal:normal_148,legacy_or_unknown_hirschberg_crop,user_attested_doctor_confirmed_folder_label,User states labels were previously confirmed by doctors at an organization; no separate clinician manifest was present in the folder.,UNKNOWN,UNKNOWN_CROPPED_224,UNKNOWN,UNKNOWN,UNKNOWN,UNKNOWN,UNKNOWN,f1338eebc075d5883a2f6630e5619208875913af16dd0d70561e911429ac27fd,224,224,JPEG,RGB,exploratory_only_until_participant_id_and_protocol_are_confirmed
hirschberg-folder-labels-v0.1,train/NORMAL/normal_149.jpg,data_hirschberg\eye-classification\train\NORMAL\normal_149.jpg,train,train,NORMAL,normal,False,UNKNOWN,normal:normal_149,legacy_or_unknown_hirschberg_crop,user_attested_doctor_confirmed_folder_label,User states labels were previously confirmed by doctors at an organization; no separate clinician manifest was present in the folder.,UNKNOWN,UNKNOWN_CROPPED_224,UNKNOWN,UNKNOWN,UNKNOWN,UNKNOWN,UNKNOWN,8f1cc55cd54128869e9842f77b3e465797afecdedceb9868b029778964eab0e8,224,224,JPEG,RGB,exploratory_only_until_participant_id_and_protocol_are_confirmed
hirschberg-folder-labels-v0.1,train/NORMAL/normal_150.jpg,data_hirschberg\eye-classification\train\NORMAL\normal_150.jpg,train,train,NORMAL,normal,False,UNKNOWN,normal:normal_150,legacy_or_unknown_hirschberg_crop,user_attested_doctor_confirmed_folder_label,User states labels were previously confirmed by doctors at an organization; no separate clinician manifest was present in the folder.,UNKNOWN,UNKNOWN_CROPPED_224,UNKNOWN,UNKNOWN,UNKNOWN,UNKNOWN,UNKNOWN,243bbd100a0dd1c34d688ae55e25f01a0583c839f65314ec226baa2f0ec2e80d,224,224,JPEG,RGB,exploratory_only_until_participant_id_and_protocol_are_confirmed
hirschberg-folder-labels-v0.1,train/NORMAL/normal_151.jpg,data_hirschberg\eye-classification\train\NORMAL\normal_151.jpg,train,train,NORMAL,normal,False,UNKNOWN,normal:normal_151,legacy_or_unknown_hirschberg_crop,user_attested_doctor_confirmed_folder_label,User states labels were previously confirmed by doctors at an organization; no separate clinician manifest was present in the folder.,UNKNOWN,UNKNOWN_CROPPED_224,UNKNOWN,UNKNOWN,UNKNOWN,UNKNOWN,UNKNOWN,4c685591005f19ead40f1166f981480b5dd916b65c16acc1ca44dfe449eaff84,224,224,JPEG,RGB,exploratory_only_until_participant_id_and_protocol_are_confirmed
hirschberg-folder-labels-v0.1,train/NORMAL/normal_152.jpg,data_hirschberg\eye-classification\train\NORMAL\normal_152.jpg,train,train,NORMAL,normal,False,UNKNOWN,normal:normal_152,legacy_or_unknown_hirschberg_crop,user_attested_doctor_confirmed_folder_label,User states labels were previously confirmed by doctors at an organization; no separate clinician manifest was present in the folder.,UNKNOWN,UNKNOWN_CROPPED_224,UNKNOWN,UNKNOWN,UNKNOWN,UNKNOWN,UNKNOWN,7fb99064e120574496a3240705da759dc255390b20ec01d92179b7ed0d851202,224,224,JPEG,RGB,exploratory_only_until_participant_id_and_protocol_are_confirmed
hirschberg-folder-labels-v0.1,train/NORMAL/normal_153.jpg,data_hirschberg\eye-classification\train\NORMAL\normal_153.jpg,train,val,NORMAL,normal,False,UNKNOWN,normal:normal_153,legacy_or_unknown_hirschberg_crop,user_attested_doctor_confirmed_folder_label,User states labels were previously confirmed by doctors at an organization; no separate clinician manifest was present in the folder.,UNKNOWN,UNKNOWN_CROPPED_224,UNKNOWN,UNKNOWN,UNKNOWN,UNKNOWN,UNKNOWN,9848534aa0a83a683a07521cf29cc4da58eb16b3dece55aba4678dadfa8049c0,224,224,JPEG,RGB,exploratory_only_until_participant_id_and_protocol_are_confirmed
hirschberg-folder-labels-v0.1,train/NORMAL/normal_154.jpg,data_hirschberg\eye-classification\train\NORMAL\normal_154.jpg,train,train,NORMAL,normal,False,UNKNOWN,normal:normal_154,legacy_or_unknown_hirschberg_crop,user_attested_doctor_confirmed_folder_label,User states labels were previously confirmed by doctors at an organization; no separate clinician manifest was present in the folder.,UNKNOWN,UNKNOWN_CROPPED_224,UNKNOWN,UNKNOWN,UNKNOWN,UNKNOWN,UNKNOWN,93b50273f9eae4aefe8c697cb3b158837abb287412efef14ebd7c36ee5711b93,224,224,JPEG,RGB,exploratory_only_until_participant_id_and_protocol_are_confirmed
hirschberg-folder-labels-v0.1,train/NORMAL/normal_155.jpg,data_hirschberg\eye-classification\train\NORMAL\normal_155.jpg,train,val,NORMAL,normal,False,UNKNOWN,normal:normal_155,legacy_or_unknown_hirschberg_crop,user_attested_doctor_confirmed_folder_label,User states labels were previously confirmed by doctors at an organization; no separate clinician manifest was present in the folder.,UNKNOWN,UNKNOWN_CROPPED_224,UNKNOWN,UNKNOWN,UNKNOWN,UNKNOWN,UNKNOWN,fabe779c2b9d2e6869c5f5440a77a792c36ab2ed7f3313fcfa713a39f289ae23,224,224,JPEG,RGB,exploratory_only_until_participant_id_and_protocol_are_confirmed
hirschberg-folder-labels-v0.1,train/NORMAL/normal_156.jpg,data_hirschberg\eye-classification\train\NORMAL\normal_156.jpg,train,val,NORMAL,normal,False,UNKNOWN,normal:normal_156,legacy_or_unknown_hirschberg_crop,user_attested_doctor_confirmed_folder_label,User states labels were previously confirmed by doctors at an organization; no separate clinician manifest was present in the folder.,UNKNOWN,UNKNOWN_CROPPED_224,UNKNOWN,UNKNOWN,UNKNOWN,UNKNOWN,UNKNOWN,378539401c65befb86a0852f7a294e778148ed3329335219a211448884b9a30b,224,224,JPEG,RGB,exploratory_only_until_participant_id_and_protocol_are_confirmed
hirschberg-folder-labels-v0.1,train/NORMAL/normal_157.jpg,data_hirschberg\eye-classification\train\NORMAL\normal_157.jpg,train,test,NORMAL,normal,False,UNKNOWN,normal:normal_157,legacy_or_unknown_hirschberg_crop,user_attested_doctor_confirmed_folder_label,User states labels were previously confirmed by doctors at an organization; no separate clinician manifest was present in the folder.,UNKNOWN,UNKNOWN_CROPPED_224,UNKNOWN,UNKNOWN,UNKNOWN,UNKNOWN,UNKNOWN,4cd0e8076acf61fd6f4adbf420045396f8374a2e7d38f0dd6067b643ec91d4a4,224,224,JPEG,RGB,exploratory_only_until_participant_id_and_protocol_are_confirmed
hirschberg-folder-labels-v0.1,train/NORMAL/normal_158.jpg,data_hirschberg\eye-classification\train\NORMAL\normal_158.jpg,train,test,NORMAL,normal,False,UNKNOWN,normal:normal_158,legacy_or_unknown_hirschberg_crop,user_attested_doctor_confirmed_folder_label,User states labels were previously confirmed by doctors at an organization; no separate clinician manifest was present in the folder.,UNKNOWN,UNKNOWN_CROPPED_224,UNKNOWN,UNKNOWN,UNKNOWN,UNKNOWN,UNKNOWN,bdaf4045ed4e29a3598d43b4a33a0a26791ec519e92896fd8685ee5274add753,224,224,JPEG,RGB,exploratory_only_until_participant_id_and_protocol_are_confirmed
hirschberg-folder-labels-v0.1,train/NORMAL/normal_159.jpg,data_hirschberg\eye-classification\train\NORMAL\normal_159.jpg,train,train,NORMAL,normal,False,UNKNOWN,normal:normal_159,legacy_or_unknown_hirschberg_crop,user_attested_doctor_confirmed_folder_label,User states labels were previously confirmed by doctors at an organization; no separate clinician manifest was present in the folder.,UNKNOWN,UNKNOWN_CROPPED_224,UNKNOWN,UNKNOWN,UNKNOWN,UNKNOWN,UNKNOWN,8bf7dd15956a7a41e585b934113d43dc1062998b0e2a82362728c26070a7d45f,224,224,JPEG,RGB,exploratory_only_until_participant_id_and_protocol_are_confirmed
hirschberg-folder-labels-v0.1,train/NORMAL/normal_160.jpg,data_hirschberg\eye-classification\train\NORMAL\normal_160.jpg,train,train,NORMAL,normal,False,UNKNOWN,normal:normal_160,legacy_or_unknown_hirschberg_crop,user_attested_doctor_confirmed_folder_label,User states labels were previously confirmed by doctors at an organization; no separate clinician manifest was present in the folder.,UNKNOWN,UNKNOWN_CROPPED_224,UNKNOWN,UNKNOWN,UNKNOWN,UNKNOWN,UNKNOWN,3314778037ab6183f93e972a17477457651a85017e6a5a2a6cc328d728ad42c2,224,224,JPEG,RGB,exploratory_only_until_participant_id_and_protocol_are_confirmed
hirschberg-folder-labels-v0.1,train/NORMAL/normal_161.jpg,data_hirschberg\eye-classification\train\NORMAL\normal_161.jpg,train,train,NORMAL,normal,False,UNKNOWN,normal:normal_161,legacy_or_unknown_hirschberg_crop,user_attested_doctor_confirmed_folder_label,User states labels were previously confirmed by doctors at an organization; no separate clinician manifest was present in the folder.,UNKNOWN,UNKNOWN_CROPPED_224,UNKNOWN,UNKNOWN,UNKNOWN,UNKNOWN,UNKNOWN,7b540f26484e6c2bcb8bf0e8fd0977f8454b82aade5b33f68d034b869292fcae,224,224,JPEG,RGB,exploratory_only_until_participant_id_and_protocol_are_confirmed
hirschberg-folder-labels-v0.1,train/NORMAL/normal_162.jpg,data_hirschberg\eye-classification\train\NORMAL\normal_162.jpg,train,train,NORMAL,normal,False,UNKNOWN,normal:normal_162,legacy_or_unknown_hirschberg_crop,user_attested_doctor_confirmed_folder_label,User states labels were previously confirmed by doctors at an organization; no separate clinician manifest was present in the folder.,UNKNOWN,UNKNOWN_CROPPED_224,UNKNOWN,UNKNOWN,UNKNOWN,UNKNOWN,UNKNOWN,e671573e8c8155a637d15b6b69e46a7ee57e5b9e686bd5eb9fe1a0e5c105a626,224,224,JPEG,RGB,exploratory_only_until_participant_id_and_protocol_are_confirmed
hirschberg-folder-labels-v0.1,train/NORMAL/normal_163.jpg,data_hirschberg\eye-classification\train\NORMAL\normal_163.jpg,train,train,NORMAL,normal,False,UNKNOWN,normal:normal_163,legacy_or_unknown_hirschberg_crop,user_attested_doctor_confirmed_folder_label,User states labels were previously confirmed by doctors at an organization; no separate clinician manifest was present in the folder.,UNKNOWN,UNKNOWN_CROPPED_224,UNKNOWN,UNKNOWN,UNKNOWN,UNKNOWN,UNKNOWN,3a8c04ee7b0f3dcdb9ea0d4774bfbec83b58a0cf337d1067f72bac34812dea43,224,224,JPEG,RGB,exploratory_only_until_participant_id_and_protocol_are_confirmed
hirschberg-folder-labels-v0.1,val/ESOTROPIA/esotropia_001.jpg,data_hirschberg\eye-classification\val\ESOTROPIA\esotropia_001.jpg,val,test,ESOTROPIA,esotropia,True,UNKNOWN,esotropia:esotropia_001,legacy_or_unknown_hirschberg_crop,user_attested_doctor_confirmed_folder_label,User states labels were previously confirmed by doctors at an organization; no separate clinician manifest was present in the folder.,UNKNOWN,UNKNOWN_CROPPED_224,UNKNOWN,UNKNOWN,UNKNOWN,UNKNOWN,UNKNOWN,5bd354562947e0d699fd86baf26a36c1f765cd3ebdea22943cad0dbbebc8c0bb,224,224,JPEG,RGB,exploratory_only_until_participant_id_and_protocol_are_confirmed
hirschberg-folder-labels-v0.1,val/ESOTROPIA/esotropia_002.jpg,data_hirschberg\eye-classification\val\ESOTROPIA\esotropia_002.jpg,val,train,ESOTROPIA,esotropia,True,UNKNOWN,esotropia:esotropia_002,legacy_or_unknown_hirschberg_crop,user_attested_doctor_confirmed_folder_label,User states labels were previously confirmed by doctors at an organization; no separate clinician manifest was present in the folder.,UNKNOWN,UNKNOWN_CROPPED_224,UNKNOWN,UNKNOWN,UNKNOWN,UNKNOWN,UNKNOWN,2950ba98828b84a7bd834bd76ed8673f1f9eb6dcf1ed331fa7f8aee364903e6e,224,224,JPEG,RGB,exploratory_only_until_participant_id_and_protocol_are_confirmed
hirschberg-folder-labels-v0.1,val/ESOTROPIA/esotropia_003.jpg,data_hirschberg\eye-classification\val\ESOTROPIA\esotropia_003.jpg,val,train,ESOTROPIA,esotropia,True,UNKNOWN,esotropia:esotropia_003,legacy_or_unknown_hirschberg_crop,user_attested_doctor_confirmed_folder_label,User states labels were previously confirmed by doctors at an organization; no separate clinician manifest was present in the folder.,UNKNOWN,UNKNOWN_CROPPED_224,UNKNOWN,UNKNOWN,UNKNOWN,UNKNOWN,UNKNOWN,5c915fca3a88d9fe189a43bc3e1d1304ae5e206831ceaebabaabd0bb2128ce17,224,224,JPEG,RGB,exploratory_only_until_participant_id_and_protocol_are_confirmed
hirschberg-folder-labels-v0.1,val/ESOTROPIA/esotropia_004.jpg,data_hirschberg\eye-classification\val\ESOTROPIA\esotropia_004.jpg,val,test,ESOTROPIA,esotropia,True,UNKNOWN,esotropia:esotropia_004,legacy_or_unknown_hirschberg_crop,user_attested_doctor_confirmed_folder_label,User states labels were previously confirmed by doctors at an organization; no separate clinician manifest was present in the folder.,UNKNOWN,UNKNOWN_CROPPED_224,UNKNOWN,UNKNOWN,UNKNOWN,UNKNOWN,UNKNOWN,0ac429a0366725d9965dae957232b80d6bdf28d319ed013ffbad372ddeb07e78,224,224,JPEG,RGB,exploratory_only_until_participant_id_and_protocol_are_confirmed
hirschberg-folder-labels-v0.1,val/ESOTROPIA/esotropia_005.jpg,data_hirschberg\eye-classification\val\ESOTROPIA\esotropia_005.jpg,val,train,ESOTROPIA,esotropia,True,UNKNOWN,esotropia:esotropia_005,legacy_or_unknown_hirschberg_crop,user_attested_doctor_confirmed_folder_label,User states labels were previously confirmed by doctors at an organization; no separate clinician manifest was present in the folder.,UNKNOWN,UNKNOWN_CROPPED_224,UNKNOWN,UNKNOWN,UNKNOWN,UNKNOWN,UNKNOWN,73409537d2d0917507231dbb66c5e1f4a8c8d96925c97b9f52837605ff113a05,224,224,JPEG,RGB,exploratory_only_until_participant_id_and_protocol_are_confirmed
hirschberg-folder-labels-v0.1,val/ESOTROPIA/esotropia_006.jpg,data_hirschberg\eye-classification\val\ESOTROPIA\esotropia_006.jpg,val,val,ESOTROPIA,esotropia,True,UNKNOWN,esotropia:esotropia_006,legacy_or_unknown_hirschberg_crop,user_attested_doctor_confirmed_folder_label,User states labels were previously confirmed by doctors at an organization; no separate clinician manifest was present in the folder.,UNKNOWN,UNKNOWN_CROPPED_224,UNKNOWN,UNKNOWN,UNKNOWN,UNKNOWN,UNKNOWN,8304d4fab248be5a93cbaceb8674989d93946181d9e2d801646bdb4f5d929b7a,224,224,JPEG,RGB,exploratory_only_until_participant_id_and_protocol_are_confirmed
hirschberg-folder-labels-v0.1,val/ESOTROPIA/esotropia_007.jpg,data_hirschberg\eye-classification\val\ESOTROPIA\esotropia_007.jpg,val,train,ESOTROPIA,esotropia,True,UNKNOWN,esotropia:esotropia_007,legacy_or_unknown_hirschberg_crop,user_attested_doctor_confirmed_folder_label,User states labels were previously confirmed by doctors at an organization; no separate clinician manifest was present in the folder.,UNKNOWN,UNKNOWN_CROPPED_224,UNKNOWN,UNKNOWN,UNKNOWN,UNKNOWN,UNKNOWN,bee3f476557dcb4108dd5154d20e5866dbcc2d733e94861ad8dada19b5c681f5,224,224,JPEG,RGB,exploratory_only_until_participant_id_and_protocol_are_confirmed
hirschberg-folder-labels-v0.1,val/ESOTROPIA/esotropia_008.jpg,data_hirschberg\eye-classification\val\ESOTROPIA\esotropia_008.jpg,val,test,ESOTROPIA,esotropia,True,UNKNOWN,esotropia:esotropia_008,legacy_or_unknown_hirschberg_crop,user_attested_doctor_confirmed_folder_label,User states labels were previously confirmed by doctors at an organization; no separate clinician manifest was present in the folder.,UNKNOWN,UNKNOWN_CROPPED_224,UNKNOWN,UNKNOWN,UNKNOWN,UNKNOWN,UNKNOWN,ff25222a7b94a7d50f291c3eb377f69935f8982dfca119f04f05e32eef0d5b6c,224,224,JPEG,RGB,exploratory_only_until_participant_id_and_protocol_are_confirmed
hirschberg-folder-labels-v0.1,val/ESOTROPIA/esotropia_009.jpg,data_hirschberg\eye-classification\val\ESOTROPIA\esotropia_009.jpg,val,train,ESOTROPIA,esotropia,True,UNKNOWN,esotropia:esotropia_009,legacy_or_unknown_hirschberg_crop,user_attested_doctor_confirmed_folder_label,User states labels were previously confirmed by doctors at an organization; no separate clinician manifest was present in the folder.,UNKNOWN,UNKNOWN_CROPPED_224,UNKNOWN,UNKNOWN,UNKNOWN,UNKNOWN,UNKNOWN,94911b7d5e5ed4e072f31a1e67289e1e74d4e4ea9d745e5a85170580bec8fc2e,224,224,JPEG,RGB,exploratory_only_until_participant_id_and_protocol_are_confirmed
hirschberg-folder-labels-v0.1,val/ESOTROPIA/esotropia_010.jpg,data_hirschberg\eye-classification\val\ESOTROPIA\esotropia_010.jpg,val,train,ESOTROPIA,esotropia,True,UNKNOWN,esotropia:esotropia_010,legacy_or_unknown_hirschberg_crop,user_attested_doctor_confirmed_folder_label,User states labels were previously confirmed by doctors at an organization; no separate clinician manifest was present in the folder.,UNKNOWN,UNKNOWN_CROPPED_224,UNKNOWN,UNKNOWN,UNKNOWN,UNKNOWN,UNKNOWN,d10c6b2658b0387574fea66c7646f80a3b0f1cf231eb1eb8aa6ebba8080a66be,224,224,JPEG,RGB,exploratory_only_until_participant_id_and_protocol_are_confirmed
hirschberg-folder-labels-v0.1,val/ESOTROPIA/esotropia_011.jpg,data_hirschberg\eye-classification\val\ESOTROPIA\esotropia_011.jpg,val,test,ESOTROPIA,esotropia,True,UNKNOWN,esotropia:esotropia_011,legacy_or_unknown_hirschberg_crop,user_attested_doctor_confirmed_folder_label,User states labels were previously confirmed by doctors at an organization; no separate clinician manifest was present in the folder.,UNKNOWN,UNKNOWN_CROPPED_224,UNKNOWN,UNKNOWN,UNKNOWN,UNKNOWN,UNKNOWN,7a2411a62740f766caed38d465346159d106a390508f916d350895b6437512b1,224,224,JPEG,RGB,exploratory_only_until_participant_id_and_protocol_are_confirmed
hirschberg-folder-labels-v0.1,val/ESOTROPIA/esotropia_012.jpg,data_hirschberg\eye-classification\val\ESOTROPIA\esotropia_012.jpg,val,train,ESOTROPIA,esotropia,True,UNKNOWN,esotropia:esotropia_012,legacy_or_unknown_hirschberg_crop,user_attested_doctor_confirmed_folder_label,User states labels were previously confirmed by doctors at an organization; no separate clinician manifest was present in the folder.,UNKNOWN,UNKNOWN_CROPPED_224,UNKNOWN,UNKNOWN,UNKNOWN,UNKNOWN,UNKNOWN,a3ac120919877cbb3e4be649ef9596c5efb0bc6f9c0ffeb7132b479c4be0f7c1,224,224,JPEG,RGB,exploratory_only_until_participant_id_and_protocol_are_confirmed
hirschberg-folder-labels-v0.1,val/ESOTROPIA/esotropia_013.jpg,data_hirschberg\eye-classification\val\ESOTROPIA\esotropia_013.jpg,val,test,ESOTROPIA,esotropia,True,UNKNOWN,esotropia:esotropia_013,legacy_or_unknown_hirschberg_crop,user_attested_doctor_confirmed_folder_label,User states labels were previously confirmed by doctors at an organization; no separate clinician manifest was present in the folder.,UNKNOWN,UNKNOWN_CROPPED_224,UNKNOWN,UNKNOWN,UNKNOWN,UNKNOWN,UNKNOWN,b4f249345b28df912ca95d7ce3e5b067b63691b71cd2aa319747a6f86e0c827f,224,224,JPEG,RGB,exploratory_only_until_participant_id_and_protocol_are_confirmed
hirschberg-folder-labels-v0.1,val/ESOTROPIA/esotropia_014.jpg,data_hirschberg\eye-classification\val\ESOTROPIA\esotropia_014.jpg,val,train,ESOTROPIA,esotropia,True,UNKNOWN,esotropia:esotropia_014,legacy_or_unknown_hirschberg_crop,user_attested_doctor_confirmed_folder_label,User states labels were previously confirmed by doctors at an organization; no separate clinician manifest was present in the folder.,UNKNOWN,UNKNOWN_CROPPED_224,UNKNOWN,UNKNOWN,UNKNOWN,UNKNOWN,UNKNOWN,515698a16b016f9f888f64ae4736b8fd941d1aaaa371b617db5026b630e2a7d7,224,224,JPEG,RGB,exploratory_only_until_participant_id_and_protocol_are_confirmed
hirschberg-folder-labels-v0.1,val/ESOTROPIA/esotropia_015.jpg,data_hirschberg\eye-classification\val\ESOTROPIA\esotropia_015.jpg,val,train,ESOTROPIA,esotropia,True,UNKNOWN,esotropia:esotropia_015,legacy_or_unknown_hirschberg_crop,user_attested_doctor_confirmed_folder_label,User states labels were previously confirmed by doctors at an organization; no separate clinician manifest was present in the folder.,UNKNOWN,UNKNOWN_CROPPED_224,UNKNOWN,UNKNOWN,UNKNOWN,UNKNOWN,UNKNOWN,fda4378206e8c683dd6345deda8834c1c7acda5c9480ba7c955e5586071a5ffc,224,224,JPEG,RGB,exploratory_only_until_participant_id_and_protocol_are_confirmed
hirschberg-folder-labels-v0.1,val/ESOTROPIA/esotropia_016.jpg,data_hirschberg\eye-classification\val\ESOTROPIA\esotropia_016.jpg,val,test,ESOTROPIA,esotropia,True,UNKNOWN,esotropia:esotropia_016,legacy_or_unknown_hirschberg_crop,user_attested_doctor_confirmed_folder_label,User states labels were previously confirmed by doctors at an organization; no separate clinician manifest was present in the folder.,UNKNOWN,UNKNOWN_CROPPED_224,UNKNOWN,UNKNOWN,UNKNOWN,UNKNOWN,UNKNOWN,5cb6d60bd394361b6178561c388d51e10314897d9ee58b690fb1d75a3ff1d8df,224,224,JPEG,RGB,exploratory_only_until_participant_id_and_protocol_are_confirmed
hirschberg-folder-labels-v0.1,val/ESOTROPIA/esotropia_017.jpg,data_hirschberg\eye-classification\val\ESOTROPIA\esotropia_017.jpg,val,train,ESOTROPIA,esotropia,True,UNKNOWN,esotropia:esotropia_017,legacy_or_unknown_hirschberg_crop,user_attested_doctor_confirmed_folder_label,User states labels were previously confirmed by doctors at an organization; no separate clinician manifest was present in the folder.,UNKNOWN,UNKNOWN_CROPPED_224,UNKNOWN,UNKNOWN,UNKNOWN,UNKNOWN,UNKNOWN,e25f9ad7ab37b2300c6319f6393da590f7791322fbea4f84cb898ba300d9d9d6,224,224,JPEG,RGB,exploratory_only_until_participant_id_and_protocol_are_confirmed
hirschberg-folder-labels-v0.1,val/ESOTROPIA/esotropia_018.jpg,data_hirschberg\eye-classification\val\ESOTROPIA\esotropia_018.jpg,val,train,ESOTROPIA,esotropia,True,UNKNOWN,esotropia:esotropia_018,legacy_or_unknown_hirschberg_crop,user_attested_doctor_confirmed_folder_label,User states labels were previously confirmed by doctors at an organization; no separate clinician manifest was present in the folder.,UNKNOWN,UNKNOWN_CROPPED_224,UNKNOWN,UNKNOWN,UNKNOWN,UNKNOWN,UNKNOWN,ac4637b77b6a6cbb80f98b3d4a316436bf43e7889bf826a7be0517f3472d7f1f,224,224,JPEG,RGB,exploratory_only_until_participant_id_and_protocol_are_confirmed
hirschberg-folder-labels-v0.1,val/ESOTROPIA/esotropia_019.jpg,data_hirschberg\eye-classification\val\ESOTROPIA\esotropia_019.jpg,val,train,ESOTROPIA,esotropia,True,UNKNOWN,esotropia:esotropia_019,legacy_or_unknown_hirschberg_crop,user_attested_doctor_confirmed_folder_label,User states labels were previously confirmed by doctors at an organization; no separate clinician manifest was present in the folder.,UNKNOWN,UNKNOWN_CROPPED_224,UNKNOWN,UNKNOWN,UNKNOWN,UNKNOWN,UNKNOWN,00543117645d74952694a8f285009825bc376e8fe123db1ecd03b02da21462fe,224,224,JPEG,RGB,exploratory_only_until_participant_id_and_protocol_are_confirmed
hirschberg-folder-labels-v0.1,val/ESOTROPIA/esotropia_020.jpg,data_hirschberg\eye-classification\val\ESOTROPIA\esotropia_020.jpg,val,val,ESOTROPIA,esotropia,True,UNKNOWN,esotropia:esotropia_020,legacy_or_unknown_hirschberg_crop,user_attested_doctor_confirmed_folder_label,User states labels were previously confirmed by doctors at an organization; no separate clinician manifest was present in the folder.,UNKNOWN,UNKNOWN_CROPPED_224,UNKNOWN,UNKNOWN,UNKNOWN,UNKNOWN,UNKNOWN,fdefdccb5ec825655ec23f0c7b1a47c066f556d763298cdcaa6a83a5a56f4476,224,224,JPEG,RGB,exploratory_only_until_participant_id_and_protocol_are_confirmed
hirschberg-folder-labels-v0.1,val/ESOTROPIA/esotropia_021.jpg,data_hirschberg\eye-classification\val\ESOTROPIA\esotropia_021.jpg,val,val,ESOTROPIA,esotropia,True,UNKNOWN,esotropia:esotropia_021,legacy_or_unknown_hirschberg_crop,user_attested_doctor_confirmed_folder_label,User states labels were previously confirmed by doctors at an organization; no separate clinician manifest was present in the folder.,UNKNOWN,UNKNOWN_CROPPED_224,UNKNOWN,UNKNOWN,UNKNOWN,UNKNOWN,UNKNOWN,d9c59103e512b679a8cdac057b80b42c5327b6686b8ba30d3d7d6bb74d5bc38e,224,224,JPEG,RGB,exploratory_only_until_participant_id_and_protocol_are_confirmed
hirschberg-folder-labels-v0.1,val/ESOTROPIA/esotropia_022.jpg,data_hirschberg\eye-classification\val\ESOTROPIA\esotropia_022.jpg,val,val,ESOTROPIA,esotropia,True,UNKNOWN,esotropia:esotropia_022,legacy_or_unknown_hirschberg_crop,user_attested_doctor_confirmed_folder_label,User states labels were previously confirmed by doctors at an organization; no separate clinician manifest was present in the folder.,UNKNOWN,UNKNOWN_CROPPED_224,UNKNOWN,UNKNOWN,UNKNOWN,UNKNOWN,UNKNOWN,9abeb77c9664c97f9ff17cfd534553a5fbde949c894e1f4c7becfc82f809e5ea,224,224,JPEG,RGB,exploratory_only_until_participant_id_and_protocol_are_confirmed
hirschberg-folder-labels-v0.1,val/ESOTROPIA/esotropia_023.jpg,data_hirschberg\eye-classification\val\ESOTROPIA\esotropia_023.jpg,val,train,ESOTROPIA,esotropia,True,UNKNOWN,esotropia:esotropia_023,legacy_or_unknown_hirschberg_crop,user_attested_doctor_confirmed_folder_label,User states labels were previously confirmed by doctors at an organization; no separate clinician manifest was present in the folder.,UNKNOWN,UNKNOWN_CROPPED_224,UNKNOWN,UNKNOWN,UNKNOWN,UNKNOWN,UNKNOWN,07afb37a8451dd2ecd4075cc57097e4863e766f7f17bd1bf48b127cbba064618,224,224,JPEG,RGB,exploratory_only_until_participant_id_and_protocol_are_confirmed
hirschberg-folder-labels-v0.1,val/ESOTROPIA/esotropia_024.jpg,data_hirschberg\eye-classification\val\ESOTROPIA\esotropia_024.jpg,val,train,ESOTROPIA,esotropia,True,UNKNOWN,esotropia:esotropia_024,legacy_or_unknown_hirschberg_crop,user_attested_doctor_confirmed_folder_label,User states labels were previously confirmed by doctors at an organization; no separate clinician manifest was present in the folder.,UNKNOWN,UNKNOWN_CROPPED_224,UNKNOWN,UNKNOWN,UNKNOWN,UNKNOWN,UNKNOWN,99cc8e3ec610318c713a3ed8dc1025ecae6cf36d3e6d1810bb406d5867e6b052,224,224,JPEG,RGB,exploratory_only_until_participant_id_and_protocol_are_confirmed
hirschberg-folder-labels-v0.1,val/ESOTROPIA/esotropia_025.jpg,data_hirschberg\eye-classification\val\ESOTROPIA\esotropia_025.jpg,val,train,ESOTROPIA,esotropia,True,UNKNOWN,esotropia:esotropia_025,legacy_or_unknown_hirschberg_crop,user_attested_doctor_confirmed_folder_label,User states labels were previously confirmed by doctors at an organization; no separate clinician manifest was present in the folder.,UNKNOWN,UNKNOWN_CROPPED_224,UNKNOWN,UNKNOWN,UNKNOWN,UNKNOWN,UNKNOWN,b92a4c2e78c2d93944953656f95ea2c5bb09333749dc4e10ac8c2c5558d8a5bc,224,224,JPEG,RGB,exploratory_only_until_participant_id_and_protocol_are_confirmed
hirschberg-folder-labels-v0.1,val/ESOTROPIA/esotropia_026.jpg,data_hirschberg\eye-classification\val\ESOTROPIA\esotropia_026.jpg,val,train,ESOTROPIA,esotropia,True,UNKNOWN,esotropia:esotropia_026,legacy_or_unknown_hirschberg_crop,user_attested_doctor_confirmed_folder_label,User states labels were previously confirmed by doctors at an organization; no separate clinician manifest was present in the folder.,UNKNOWN,UNKNOWN_CROPPED_224,UNKNOWN,UNKNOWN,UNKNOWN,UNKNOWN,UNKNOWN,1946c491979ec5f517f97fd20e01e75b3d7d298999c285d5f97d2abdc0226447,224,224,JPEG,RGB,exploratory_only_until_participant_id_and_protocol_are_confirmed
hirschberg-folder-labels-v0.1,val/ESOTROPIA/esotropia_027.jpg,data_hirschberg\eye-classification\val\ESOTROPIA\esotropia_027.jpg,val,test,ESOTROPIA,esotropia,True,UNKNOWN,esotropia:esotropia_027,legacy_or_unknown_hirschberg_crop,user_attested_doctor_confirmed_folder_label,User states labels were previously confirmed by doctors at an organization; no separate clinician manifest was present in the folder.,UNKNOWN,UNKNOWN_CROPPED_224,UNKNOWN,UNKNOWN,UNKNOWN,UNKNOWN,UNKNOWN,f47be58c6109ec230e554149659efea3f6f7f0837cc4bd45b4cfa9686f9fac37,224,224,JPEG,RGB,exploratory_only_until_participant_id_and_protocol_are_confirmed
hirschberg-folder-labels-v0.1,val/ESOTROPIA/esotropia_028.jpg,data_hirschberg\eye-classification\val\ESOTROPIA\esotropia_028.jpg,val,train,ESOTROPIA,esotropia,True,UNKNOWN,esotropia:esotropia_028,legacy_or_unknown_hirschberg_crop,user_attested_doctor_confirmed_folder_label,User states labels were previously confirmed by doctors at an organization; no separate clinician manifest was present in the folder.,UNKNOWN,UNKNOWN_CROPPED_224,UNKNOWN,UNKNOWN,UNKNOWN,UNKNOWN,UNKNOWN,b096be392c537676df78e84839200ff0d0a6cb92c4cbfad7be9743086f5c5847,224,224,JPEG,RGB,exploratory_only_until_participant_id_and_protocol_are_confirmed
hirschberg-folder-labels-v0.1,val/ESOTROPIA/esotropia_029.jpg,data_hirschberg\eye-classification\val\ESOTROPIA\esotropia_029.jpg,val,test,ESOTROPIA,esotropia,True,UNKNOWN,esotropia:esotropia_029,legacy_or_unknown_hirschberg_crop,user_attested_doctor_confirmed_folder_label,User states labels were previously confirmed by doctors at an organization; no separate clinician manifest was present in the folder.,UNKNOWN,UNKNOWN_CROPPED_224,UNKNOWN,UNKNOWN,UNKNOWN,UNKNOWN,UNKNOWN,2cf7841c88df0ab0c746569fbf1fceb376d165f61fbb43ef3654948c655de167,224,224,JPEG,RGB,exploratory_only_until_participant_id_and_protocol_are_confirmed
hirschberg-folder-labels-v0.1,val/ESOTROPIA/esotropia_030.jpg,data_hirschberg\eye-classification\val\ESOTROPIA\esotropia_030.jpg,val,test,ESOTROPIA,esotropia,True,UNKNOWN,esotropia:esotropia_030,legacy_or_unknown_hirschberg_crop,user_attested_doctor_confirmed_folder_label,User states labels were previously confirmed by doctors at an organization; no separate clinician manifest was present in the folder.,UNKNOWN,UNKNOWN_CROPPED_224,UNKNOWN,UNKNOWN,UNKNOWN,UNKNOWN,UNKNOWN,4deeb1d98434add8f313504dc60ec4d8e561ac3172cefa7560bac382ebec4f62,224,224,JPEG,RGB,exploratory_only_until_participant_id_and_protocol_are_confirmed
hirschberg-folder-labels-v0.1,val/ESOTROPIA/esotropia_031.jpg,data_hirschberg\eye-classification\val\ESOTROPIA\esotropia_031.jpg,val,train,ESOTROPIA,esotropia,True,UNKNOWN,esotropia:esotropia_031,legacy_or_unknown_hirschberg_crop,user_attested_doctor_confirmed_folder_label,User states labels were previously confirmed by doctors at an organization; no separate clinician manifest was present in the folder.,UNKNOWN,UNKNOWN_CROPPED_224,UNKNOWN,UNKNOWN,UNKNOWN,UNKNOWN,UNKNOWN,58d661eea82067e52a80ac91f431b2a03bdabd3e919cf20de88b28b082ba6e34,224,224,JPEG,RGB,exploratory_only_until_participant_id_and_protocol_are_confirmed
hirschberg-folder-labels-v0.1,val/ESOTROPIA/esotropia_032.jpg,data_hirschberg\eye-classification\val\ESOTROPIA\esotropia_032.jpg,val,train,ESOTROPIA,esotropia,True,UNKNOWN,esotropia:esotropia_032,legacy_or_unknown_hirschberg_crop,user_attested_doctor_confirmed_folder_label,User states labels were previously confirmed by doctors at an organization; no separate clinician manifest was present in the folder.,UNKNOWN,UNKNOWN_CROPPED_224,UNKNOWN,UNKNOWN,UNKNOWN,UNKNOWN,UNKNOWN,5fdced5d4e6ee55c8488554ceea136b4bedc839aab3ffcea896123ec3649beb1,224,224,JPEG,RGB,exploratory_only_until_participant_id_and_protocol_are_confirmed
hirschberg-folder-labels-v0.1,val/ESOTROPIA/esotropia_033.jpg,data_hirschberg\eye-classification\val\ESOTROPIA\esotropia_033.jpg,val,train,ESOTROPIA,esotropia,True,UNKNOWN,esotropia:esotropia_033,legacy_or_unknown_hirschberg_crop,user_attested_doctor_confirmed_folder_label,User states labels were previously confirmed by doctors at an organization; no separate clinician manifest was present in the folder.,UNKNOWN,UNKNOWN_CROPPED_224,UNKNOWN,UNKNOWN,UNKNOWN,UNKNOWN,UNKNOWN,7de933c685ef405682c9cdc5f3ce5586871d067f328a1926a7b20b2707378a06,224,224,JPEG,RGB,exploratory_only_until_participant_id_and_protocol_are_confirmed
hirschberg-folder-labels-v0.1,val/ESOTROPIA/esotropia_034.jpg,data_hirschberg\eye-classification\val\ESOTROPIA\esotropia_034.jpg,val,train,ESOTROPIA,esotropia,True,UNKNOWN,esotropia:esotropia_034,legacy_or_unknown_hirschberg_crop,user_attested_doctor_confirmed_folder_label,User states labels were previously confirmed by doctors at an organization; no separate clinician manifest was present in the folder.,UNKNOWN,UNKNOWN_CROPPED_224,UNKNOWN,UNKNOWN,UNKNOWN,UNKNOWN,UNKNOWN,53a40cc7b8d37a36f2ac19e6e7a1d501a18ff281ed785360478314882af61b16,224,224,JPEG,RGB,exploratory_only_until_participant_id_and_protocol_are_confirmed
hirschberg-folder-labels-v0.1,val/ESOTROPIA/esotropia_035.jpg,data_hirschberg\eye-classification\val\ESOTROPIA\esotropia_035.jpg,val,train,ESOTROPIA,esotropia,True,UNKNOWN,esotropia:esotropia_035,legacy_or_unknown_hirschberg_crop,user_attested_doctor_confirmed_folder_label,User states labels were previously confirmed by doctors at an organization; no separate clinician manifest was present in the folder.,UNKNOWN,UNKNOWN_CROPPED_224,UNKNOWN,UNKNOWN,UNKNOWN,UNKNOWN,UNKNOWN,552d7b04edde17c432d568baf919cc2b1d3af7f7b80619644160efc3f0eee262,224,224,JPEG,RGB,exploratory_only_until_participant_id_and_protocol_are_confirmed
hirschberg-folder-labels-v0.1,val/ESOTROPIA/esotropia_036.jpg,data_hirschberg\eye-classification\val\ESOTROPIA\esotropia_036.jpg,val,test,ESOTROPIA,esotropia,True,UNKNOWN,esotropia:esotropia_036,legacy_or_unknown_hirschberg_crop,user_attested_doctor_confirmed_folder_label,User states labels were previously confirmed by doctors at an organization; no separate clinician manifest was present in the folder.,UNKNOWN,UNKNOWN_CROPPED_224,UNKNOWN,UNKNOWN,UNKNOWN,UNKNOWN,UNKNOWN,3f921d2bd072b078c45c9361c9a3f621e72a0c959bf53f67dbcb6885630be0c5,224,224,JPEG,RGB,exploratory_only_until_participant_id_and_protocol_are_confirmed
hirschberg-folder-labels-v0.1,val/ESOTROPIA/esotropia_037.jpg,data_hirschberg\eye-classification\val\ESOTROPIA\esotropia_037.jpg,val,train,ESOTROPIA,esotropia,True,UNKNOWN,esotropia:esotropia_037,legacy_or_unknown_hirschberg_crop,user_attested_doctor_confirmed_folder_label,User states labels were previously confirmed by doctors at an organization; no separate clinician manifest was present in the folder.,UNKNOWN,UNKNOWN_CROPPED_224,UNKNOWN,UNKNOWN,UNKNOWN,UNKNOWN,UNKNOWN,fd2c4f5f7f70bbc34010459d00295232120f650acfcd93445ecedd756ac0eae2,224,224,JPEG,RGB,exploratory_only_until_participant_id_and_protocol_are_confirmed
hirschberg-folder-labels-v0.1,val/EXOTROPIA/exotropia_001.jpg,data_hirschberg\eye-classification\val\EXOTROPIA\exotropia_001.jpg,val,val,EXOTROPIA,exotropia,True,UNKNOWN,exotropia:exotropia_001,legacy_or_unknown_hirschberg_crop,user_attested_doctor_confirmed_folder_label,User states labels were previously confirmed by doctors at an organization; no separate clinician manifest was present in the folder.,UNKNOWN,UNKNOWN_CROPPED_224,UNKNOWN,UNKNOWN,UNKNOWN,UNKNOWN,UNKNOWN,75d53f800bfda24a633929a538e64c6c9e009c56da1a156a22238536926c3374,224,224,JPEG,RGB,exploratory_only_until_participant_id_and_protocol_are_confirmed
hirschberg-folder-labels-v0.1,val/EXOTROPIA/exotropia_002.jpg,data_hirschberg\eye-classification\val\EXOTROPIA\exotropia_002.jpg,val,val,EXOTROPIA,exotropia,True,UNKNOWN,exotropia:exotropia_002,legacy_or_unknown_hirschberg_crop,user_attested_doctor_confirmed_folder_label,User states labels were previously confirmed by doctors at an organization; no separate clinician manifest was present in the folder.,UNKNOWN,UNKNOWN_CROPPED_224,UNKNOWN,UNKNOWN,UNKNOWN,UNKNOWN,UNKNOWN,57ea2e034e88c511d32051bf3f25edb1972ce5bedddc4d5f7cdb715833c7f34e,224,224,JPEG,RGB,exploratory_only_until_participant_id_and_protocol_are_confirmed
hirschberg-folder-labels-v0.1,val/EXOTROPIA/exotropia_003.jpg,data_hirschberg\eye-classification\val\EXOTROPIA\exotropia_003.jpg,val,test,EXOTROPIA,exotropia,True,UNKNOWN,exotropia:exotropia_003,legacy_or_unknown_hirschberg_crop,user_attested_doctor_confirmed_folder_label,User states labels were previously confirmed by doctors at an organization; no separate clinician manifest was present in the folder.,UNKNOWN,UNKNOWN_CROPPED_224,UNKNOWN,UNKNOWN,UNKNOWN,UNKNOWN,UNKNOWN,09bce186a1693fd831e1a7495829822325ef2e8d8bda842c7ca0abbb64b7a09c,224,224,JPEG,RGB,exploratory_only_until_participant_id_and_protocol_are_confirmed
hirschberg-folder-labels-v0.1,val/EXOTROPIA/exotropia_004.jpg,data_hirschberg\eye-classification\val\EXOTROPIA\exotropia_004.jpg,val,train,EXOTROPIA,exotropia,True,UNKNOWN,exotropia:exotropia_004,legacy_or_unknown_hirschberg_crop,user_attested_doctor_confirmed_folder_label,User states labels were previously confirmed by doctors at an organization; no separate clinician manifest was present in the folder.,UNKNOWN,UNKNOWN_CROPPED_224,UNKNOWN,UNKNOWN,UNKNOWN,UNKNOWN,UNKNOWN,996a4e54654758dca9fbc739210b74ea1fef310a6cb200501a009c95b37eb1dc,224,224,JPEG,RGB,exploratory_only_until_participant_id_and_protocol_are_confirmed
hirschberg-folder-labels-v0.1,val/EXOTROPIA/exotropia_005.jpg,data_hirschberg\eye-classification\val\EXOTROPIA\exotropia_005.jpg,val,train,EXOTROPIA,exotropia,True,UNKNOWN,exotropia:exotropia_005,legacy_or_unknown_hirschberg_crop,user_attested_doctor_confirmed_folder_label,User states labels were previously confirmed by doctors at an organization; no separate clinician manifest was present in the folder.,UNKNOWN,UNKNOWN_CROPPED_224,UNKNOWN,UNKNOWN,UNKNOWN,UNKNOWN,UNKNOWN,49766a862a1ac5b61d9c90955bdc9768635ec9631462adc400b9b903afa899c9,224,224,JPEG,RGB,exploratory_only_until_participant_id_and_protocol_are_confirmed
hirschberg-folder-labels-v0.1,val/EXOTROPIA/exotropia_006.jpg,data_hirschberg\eye-classification\val\EXOTROPIA\exotropia_006.jpg,val,val,EXOTROPIA,exotropia,True,UNKNOWN,exotropia:exotropia_006,legacy_or_unknown_hirschberg_crop,user_attested_doctor_confirmed_folder_label,User states labels were previously confirmed by doctors at an organization; no separate clinician manifest was present in the folder.,UNKNOWN,UNKNOWN_CROPPED_224,UNKNOWN,UNKNOWN,UNKNOWN,UNKNOWN,UNKNOWN,05fa7376fe60b9fdfb229d48b65868d27f5ebb01b6de0b6cfd5bb9bc57afba36,224,224,JPEG,RGB,exploratory_only_until_participant_id_and_protocol_are_confirmed
hirschberg-folder-labels-v0.1,val/EXOTROPIA/exotropia_007.jpg,data_hirschberg\eye-classification\val\EXOTROPIA\exotropia_007.jpg,val,train,EXOTROPIA,exotropia,True,UNKNOWN,exotropia:exotropia_007,legacy_or_unknown_hirschberg_crop,user_attested_doctor_confirmed_folder_label,User states labels were previously confirmed by doctors at an organization; no separate clinician manifest was present in the folder.,UNKNOWN,UNKNOWN_CROPPED_224,UNKNOWN,UNKNOWN,UNKNOWN,UNKNOWN,UNKNOWN,e04b69dd1ea47bd6cd49dd27bf08c3817a480c8fbc1100c6ac821db1f712fcb2,224,224,JPEG,RGB,exploratory_only_until_participant_id_and_protocol_are_confirmed
hirschberg-folder-labels-v0.1,val/EXOTROPIA/exotropia_008.jpg,data_hirschberg\eye-classification\val\EXOTROPIA\exotropia_008.jpg,val,test,EXOTROPIA,exotropia,True,UNKNOWN,exotropia:exotropia_008,legacy_or_unknown_hirschberg_crop,user_attested_doctor_confirmed_folder_label,User states labels were previously confirmed by doctors at an organization; no separate clinician manifest was present in the folder.,UNKNOWN,UNKNOWN_CROPPED_224,UNKNOWN,UNKNOWN,UNKNOWN,UNKNOWN,UNKNOWN,0ca1166037db87a83f2b1d70845abe30ce07df9049c66692311487853d253288,224,224,JPEG,RGB,exploratory_only_until_participant_id_and_protocol_are_confirmed
hirschberg-folder-labels-v0.1,val/EXOTROPIA/exotropia_009.jpg,data_hirschberg\eye-classification\val\EXOTROPIA\exotropia_009.jpg,val,test,EXOTROPIA,exotropia,True,UNKNOWN,exotropia:exotropia_009,legacy_or_unknown_hirschberg_crop,user_attested_doctor_confirmed_folder_label,User states labels were previously confirmed by doctors at an organization; no separate clinician manifest was present in the folder.,UNKNOWN,UNKNOWN_CROPPED_224,UNKNOWN,UNKNOWN,UNKNOWN,UNKNOWN,UNKNOWN,a99cb02f53ec67c86e7e69292a106eaadf741e0094dcc5bd269d9f676a8053ce,224,224,JPEG,RGB,exploratory_only_until_participant_id_and_protocol_are_confirmed
hirschberg-folder-labels-v0.1,val/EXOTROPIA/exotropia_010.jpg,data_hirschberg\eye-classification\val\EXOTROPIA\exotropia_010.jpg,val,train,EXOTROPIA,exotropia,True,UNKNOWN,exotropia:exotropia_010,legacy_or_unknown_hirschberg_crop,user_attested_doctor_confirmed_folder_label,User states labels were previously confirmed by doctors at an organization; no separate clinician manifest was present in the folder.,UNKNOWN,UNKNOWN_CROPPED_224,UNKNOWN,UNKNOWN,UNKNOWN,UNKNOWN,UNKNOWN,2e36bad0536b8d1de2deb522dfd0f6c7ba7167e39d6d7bb53fa86f69584abbfc,224,224,JPEG,RGB,exploratory_only_until_participant_id_and_protocol_are_confirmed
hirschberg-folder-labels-v0.1,val/EXOTROPIA/exotropia_011.jpg,data_hirschberg\eye-classification\val\EXOTROPIA\exotropia_011.jpg,val,train,EXOTROPIA,exotropia,True,UNKNOWN,exotropia:exotropia_011,legacy_or_unknown_hirschberg_crop,user_attested_doctor_confirmed_folder_label,User states labels were previously confirmed by doctors at an organization; no separate clinician manifest was present in the folder.,UNKNOWN,UNKNOWN_CROPPED_224,UNKNOWN,UNKNOWN,UNKNOWN,UNKNOWN,UNKNOWN,551a18d959d3c6b0d0ab596e5909b0023d776240fc27aca65853678bb17777f9,224,224,JPEG,RGB,exploratory_only_until_participant_id_and_protocol_are_confirmed
hirschberg-folder-labels-v0.1,val/EXOTROPIA/exotropia_012.jpg,data_hirschberg\eye-classification\val\EXOTROPIA\exotropia_012.jpg,val,train,EXOTROPIA,exotropia,True,UNKNOWN,exotropia:exotropia_012,legacy_or_unknown_hirschberg_crop,user_attested_doctor_confirmed_folder_label,User states labels were previously confirmed by doctors at an organization; no separate clinician manifest was present in the folder.,UNKNOWN,UNKNOWN_CROPPED_224,UNKNOWN,UNKNOWN,UNKNOWN,UNKNOWN,UNKNOWN,a9e84f93eebdffe0f21d931c3202e52aebf49e84023c2ed9efc68bbb93776693,224,224,JPEG,RGB,exploratory_only_until_participant_id_and_protocol_are_confirmed
hirschberg-folder-labels-v0.1,val/EXOTROPIA/exotropia_013.jpg,data_hirschberg\eye-classification\val\EXOTROPIA\exotropia_013.jpg,val,test,EXOTROPIA,exotropia,True,UNKNOWN,exotropia:exotropia_013,legacy_or_unknown_hirschberg_crop,user_attested_doctor_confirmed_folder_label,User states labels were previously confirmed by doctors at an organization; no separate clinician manifest was present in the folder.,UNKNOWN,UNKNOWN_CROPPED_224,UNKNOWN,UNKNOWN,UNKNOWN,UNKNOWN,UNKNOWN,6a3e495e9c539481136e14188273e5cf830833f49d57af0065275e2fdd236b95,224,224,JPEG,RGB,exploratory_only_until_participant_id_and_protocol_are_confirmed
hirschberg-folder-labels-v0.1,val/EXOTROPIA/exotropia_014.jpg,data_hirschberg\eye-classification\val\EXOTROPIA\exotropia_014.jpg,val,val,EXOTROPIA,exotropia,True,UNKNOWN,exotropia:exotropia_014,legacy_or_unknown_hirschberg_crop,user_attested_doctor_confirmed_folder_label,User states labels were previously confirmed by doctors at an organization; no separate clinician manifest was present in the folder.,UNKNOWN,UNKNOWN_CROPPED_224,UNKNOWN,UNKNOWN,UNKNOWN,UNKNOWN,UNKNOWN,6dfac15df0acc924a393fb4d639fbbd2cd1d2f05dd36f4ec2a59be927a9529ff,224,224,JPEG,RGB,exploratory_only_until_participant_id_and_protocol_are_confirmed
hirschberg-folder-labels-v0.1,val/EXOTROPIA/exotropia_015.jpg,data_hirschberg\eye-classification\val\EXOTROPIA\exotropia_015.jpg,val,val,EXOTROPIA,exotropia,True,UNKNOWN,exotropia:exotropia_015,legacy_or_unknown_hirschberg_crop,user_attested_doctor_confirmed_folder_label,User states labels were previously confirmed by doctors at an organization; no separate clinician manifest was present in the folder.,UNKNOWN,UNKNOWN_CROPPED_224,UNKNOWN,UNKNOWN,UNKNOWN,UNKNOWN,UNKNOWN,dff89289d3ad0d325a788787a91442265b68b04b6e39c51493e53d1760791cac,224,224,JPEG,RGB,exploratory_only_until_participant_id_and_protocol_are_confirmed
hirschberg-folder-labels-v0.1,val/EXOTROPIA/exotropia_016.jpg,data_hirschberg\eye-classification\val\EXOTROPIA\exotropia_016.jpg,val,train,EXOTROPIA,exotropia,True,UNKNOWN,exotropia:exotropia_016,legacy_or_unknown_hirschberg_crop,user_attested_doctor_confirmed_folder_label,User states labels were previously confirmed by doctors at an organization; no separate clinician manifest was present in the folder.,UNKNOWN,UNKNOWN_CROPPED_224,UNKNOWN,UNKNOWN,UNKNOWN,UNKNOWN,UNKNOWN,2f80d7870962d5227c3c6f75ee1117435ce3b4ba3c4d891020084f90741aade1,224,224,JPEG,RGB,exploratory_only_until_participant_id_and_protocol_are_confirmed
hirschberg-folder-labels-v0.1,val/EXOTROPIA/exotropia_017.jpg,data_hirschberg\eye-classification\val\EXOTROPIA\exotropia_017.jpg,val,train,EXOTROPIA,exotropia,True,UNKNOWN,exotropia:exotropia_017,legacy_or_unknown_hirschberg_crop,user_attested_doctor_confirmed_folder_label,User states labels were previously confirmed by doctors at an organization; no separate clinician manifest was present in the folder.,UNKNOWN,UNKNOWN_CROPPED_224,UNKNOWN,UNKNOWN,UNKNOWN,UNKNOWN,UNKNOWN,f25982855c4d976e8803bf1d9e2956eaacab04e98eb648c5dc64d21ce5747e50,224,224,JPEG,RGB,exploratory_only_until_participant_id_and_protocol_are_confirmed
hirschberg-folder-labels-v0.1,val/EXOTROPIA/exotropia_018.jpg,data_hirschberg\eye-classification\val\EXOTROPIA\exotropia_018.jpg,val,train,EXOTROPIA,exotropia,True,UNKNOWN,exotropia:exotropia_018,legacy_or_unknown_hirschberg_crop,user_attested_doctor_confirmed_folder_label,User states labels were previously confirmed by doctors at an organization; no separate clinician manifest was present in the folder.,UNKNOWN,UNKNOWN_CROPPED_224,UNKNOWN,UNKNOWN,UNKNOWN,UNKNOWN,UNKNOWN,0142b75c2cce8a003ec4dc5032eece6056de884ba78666eb129e8d6dc6247a22,224,224,JPEG,RGB,exploratory_only_until_participant_id_and_protocol_are_confirmed
hirschberg-folder-labels-v0.1,val/EXOTROPIA/exotropia_019.jpg,data_hirschberg\eye-classification\val\EXOTROPIA\exotropia_019.jpg,val,train,EXOTROPIA,exotropia,True,UNKNOWN,exotropia:exotropia_019,legacy_or_unknown_hirschberg_crop,user_attested_doctor_confirmed_folder_label,User states labels were previously confirmed by doctors at an organization; no separate clinician manifest was present in the folder.,UNKNOWN,UNKNOWN_CROPPED_224,UNKNOWN,UNKNOWN,UNKNOWN,UNKNOWN,UNKNOWN,bf49df701e78aee732a16539f7096bfaf38ec290a432f9aa38ffd34411a6fbdd,224,224,JPEG,RGB,exploratory_only_until_participant_id_and_protocol_are_confirmed
hirschberg-folder-labels-v0.1,val/EXOTROPIA/exotropia_020.jpg,data_hirschberg\eye-classification\val\EXOTROPIA\exotropia_020.jpg,val,train,EXOTROPIA,exotropia,True,UNKNOWN,exotropia:exotropia_020,legacy_or_unknown_hirschberg_crop,user_attested_doctor_confirmed_folder_label,User states labels were previously confirmed by doctors at an organization; no separate clinician manifest was present in the folder.,UNKNOWN,UNKNOWN_CROPPED_224,UNKNOWN,UNKNOWN,UNKNOWN,UNKNOWN,UNKNOWN,be2611f3183eceefc7ce3a5716a36babcc41fcd5f2aae2586cfeb1e1a253d00b,224,224,JPEG,RGB,exploratory_only_until_participant_id_and_protocol_are_confirmed
hirschberg-folder-labels-v0.1,val/EXOTROPIA/exotropia_021.jpg,data_hirschberg\eye-classification\val\EXOTROPIA\exotropia_021.jpg,val,train,EXOTROPIA,exotropia,True,UNKNOWN,exotropia:exotropia_021,legacy_or_unknown_hirschberg_crop,user_attested_doctor_confirmed_folder_label,User states labels were previously confirmed by doctors at an organization; no separate clinician manifest was present in the folder.,UNKNOWN,UNKNOWN_CROPPED_224,UNKNOWN,UNKNOWN,UNKNOWN,UNKNOWN,UNKNOWN,7014575102ca3fd6d7bb9ea29f3081a8e64847681e8da81a444e029f076606a3,224,224,JPEG,RGB,exploratory_only_until_participant_id_and_protocol_are_confirmed
hirschberg-folder-labels-v0.1,val/EXOTROPIA/exotropia_022.jpg,data_hirschberg\eye-classification\val\EXOTROPIA\exotropia_022.jpg,val,train,EXOTROPIA,exotropia,True,UNKNOWN,exotropia:exotropia_022,legacy_or_unknown_hirschberg_crop,user_attested_doctor_confirmed_folder_label,User states labels were previously confirmed by doctors at an organization; no separate clinician manifest was present in the folder.,UNKNOWN,UNKNOWN_CROPPED_224,UNKNOWN,UNKNOWN,UNKNOWN,UNKNOWN,UNKNOWN,2989e539b77abdaca62daed9a0dc376cc2196ce0b3c0cadcbce297ce04baba11,224,224,JPEG,RGB,exploratory_only_until_participant_id_and_protocol_are_confirmed
hirschberg-folder-labels-v0.1,val/EXOTROPIA/exotropia_023.jpg,data_hirschberg\eye-classification\val\EXOTROPIA\exotropia_023.jpg,val,train,EXOTROPIA,exotropia,True,UNKNOWN,exotropia:exotropia_023,legacy_or_unknown_hirschberg_crop,user_attested_doctor_confirmed_folder_label,User states labels were previously confirmed by doctors at an organization; no separate clinician manifest was present in the folder.,UNKNOWN,UNKNOWN_CROPPED_224,UNKNOWN,UNKNOWN,UNKNOWN,UNKNOWN,UNKNOWN,caedb232a2062f71ed6015f8733179947b967069dd21bf4c725dc33659b9a64f,224,224,JPEG,RGB,exploratory_only_until_participant_id_and_protocol_are_confirmed
hirschberg-folder-labels-v0.1,val/EXOTROPIA/exotropia_024.jpg,data_hirschberg\eye-classification\val\EXOTROPIA\exotropia_024.jpg,val,train,EXOTROPIA,exotropia,True,UNKNOWN,exotropia:exotropia_024,legacy_or_unknown_hirschberg_crop,user_attested_doctor_confirmed_folder_label,User states labels were previously confirmed by doctors at an organization; no separate clinician manifest was present in the folder.,UNKNOWN,UNKNOWN_CROPPED_224,UNKNOWN,UNKNOWN,UNKNOWN,UNKNOWN,UNKNOWN,4e882aacc2a309841d824b019fc34c522a60d2fee725b76d676bc098dfbed917,224,224,JPEG,RGB,exploratory_only_until_participant_id_and_protocol_are_confirmed
hirschberg-folder-labels-v0.1,val/EXOTROPIA/exotropia_025.jpg,data_hirschberg\eye-classification\val\EXOTROPIA\exotropia_025.jpg,val,test,EXOTROPIA,exotropia,True,UNKNOWN,exotropia:exotropia_025,legacy_or_unknown_hirschberg_crop,user_attested_doctor_confirmed_folder_label,User states labels were previously confirmed by doctors at an organization; no separate clinician manifest was present in the folder.,UNKNOWN,UNKNOWN_CROPPED_224,UNKNOWN,UNKNOWN,UNKNOWN,UNKNOWN,UNKNOWN,a2c89fa6339edb762205ea6ffae10c795774d22adf24093ebfd611614df05245,224,224,JPEG,RGB,exploratory_only_until_participant_id_and_protocol_are_confirmed
hirschberg-folder-labels-v0.1,val/EXOTROPIA/exotropia_026.jpg,data_hirschberg\eye-classification\val\EXOTROPIA\exotropia_026.jpg,val,train,EXOTROPIA,exotropia,True,UNKNOWN,exotropia:exotropia_026,legacy_or_unknown_hirschberg_crop,user_attested_doctor_confirmed_folder_label,User states labels were previously confirmed by doctors at an organization; no separate clinician manifest was present in the folder.,UNKNOWN,UNKNOWN_CROPPED_224,UNKNOWN,UNKNOWN,UNKNOWN,UNKNOWN,UNKNOWN,fe905b73542f18923adb05f62c9e740bba2991db31d2af0ce049b7c29e8c72d5,224,224,JPEG,RGB,exploratory_only_until_participant_id_and_protocol_are_confirmed
hirschberg-folder-labels-v0.1,val/EXOTROPIA/exotropia_027.jpg,data_hirschberg\eye-classification\val\EXOTROPIA\exotropia_027.jpg,val,train,EXOTROPIA,exotropia,True,UNKNOWN,exotropia:exotropia_027,legacy_or_unknown_hirschberg_crop,user_attested_doctor_confirmed_folder_label,User states labels were previously confirmed by doctors at an organization; no separate clinician manifest was present in the folder.,UNKNOWN,UNKNOWN_CROPPED_224,UNKNOWN,UNKNOWN,UNKNOWN,UNKNOWN,UNKNOWN,3ba3aefa8ea20a53370a65b9577e1d8235e843c22ed7f725113c4dcde94c3e2d,224,224,JPEG,RGB,exploratory_only_until_participant_id_and_protocol_are_confirmed
hirschberg-folder-labels-v0.1,val/EXOTROPIA/exotropia_028.jpg,data_hirschberg\eye-classification\val\EXOTROPIA\exotropia_028.jpg,val,train,EXOTROPIA,exotropia,True,UNKNOWN,exotropia:exotropia_028,legacy_or_unknown_hirschberg_crop,user_attested_doctor_confirmed_folder_label,User states labels were previously confirmed by doctors at an organization; no separate clinician manifest was present in the folder.,UNKNOWN,UNKNOWN_CROPPED_224,UNKNOWN,UNKNOWN,UNKNOWN,UNKNOWN,UNKNOWN,a871b891fd03f13092fce60a5af99f38e43fb9cf338522a1834f2cc486ef47cb,224,224,JPEG,RGB,exploratory_only_until_participant_id_and_protocol_are_confirmed
hirschberg-folder-labels-v0.1,val/EXOTROPIA/exotropia_029.jpg,data_hirschberg\eye-classification\val\EXOTROPIA\exotropia_029.jpg,val,test,EXOTROPIA,exotropia,True,UNKNOWN,exotropia:exotropia_029,legacy_or_unknown_hirschberg_crop,user_attested_doctor_confirmed_folder_label,User states labels were previously confirmed by doctors at an organization; no separate clinician manifest was present in the folder.,UNKNOWN,UNKNOWN_CROPPED_224,UNKNOWN,UNKNOWN,UNKNOWN,UNKNOWN,UNKNOWN,89c2ad922bab8e1460fab8f9760e70f0fcc9ae58f3f587b7c87271b59fb62196,224,224,JPEG,RGB,exploratory_only_until_participant_id_and_protocol_are_confirmed
hirschberg-folder-labels-v0.1,val/EXOTROPIA/exotropia_030.jpg,data_hirschberg\eye-classification\val\EXOTROPIA\exotropia_030.jpg,val,val,EXOTROPIA,exotropia,True,UNKNOWN,exotropia:exotropia_030,legacy_or_unknown_hirschberg_crop,user_attested_doctor_confirmed_folder_label,User states labels were previously confirmed by doctors at an organization; no separate clinician manifest was present in the folder.,UNKNOWN,UNKNOWN_CROPPED_224,UNKNOWN,UNKNOWN,UNKNOWN,UNKNOWN,UNKNOWN,e7e81af5913196c5383747c7abe6a9c11d017f3231dc88cf6bf5d7a80ca1482a,224,224,JPEG,RGB,exploratory_only_until_participant_id_and_protocol_are_confirmed
hirschberg-folder-labels-v0.1,val/EXOTROPIA/exotropia_031.jpg,data_hirschberg\eye-classification\val\EXOTROPIA\exotropia_031.jpg,val,train,EXOTROPIA,exotropia,True,UNKNOWN,exotropia:exotropia_031,legacy_or_unknown_hirschberg_crop,user_attested_doctor_confirmed_folder_label,User states labels were previously confirmed by doctors at an organization; no separate clinician manifest was present in the folder.,UNKNOWN,UNKNOWN_CROPPED_224,UNKNOWN,UNKNOWN,UNKNOWN,UNKNOWN,UNKNOWN,8a4d0c7b3db9f2ad2bc959cb13adcb479339ccc8cc10aaeb7e2e46149b3181c7,224,224,JPEG,RGB,exploratory_only_until_participant_id_and_protocol_are_confirmed
hirschberg-folder-labels-v0.1,val/EXOTROPIA/exotropia_032.jpg,data_hirschberg\eye-classification\val\EXOTROPIA\exotropia_032.jpg,val,val,EXOTROPIA,exotropia,True,UNKNOWN,exotropia:exotropia_032,legacy_or_unknown_hirschberg_crop,user_attested_doctor_confirmed_folder_label,User states labels were previously confirmed by doctors at an organization; no separate clinician manifest was present in the folder.,UNKNOWN,UNKNOWN_CROPPED_224,UNKNOWN,UNKNOWN,UNKNOWN,UNKNOWN,UNKNOWN,d00b0ec914edb310183838d2cd355d495a4744ca1fc07b75f27bfde023ce07f1,224,224,JPEG,RGB,exploratory_only_until_participant_id_and_protocol_are_confirmed
hirschberg-folder-labels-v0.1,val/EXOTROPIA/exotropia_033.jpg,data_hirschberg\eye-classification\val\EXOTROPIA\exotropia_033.jpg,val,train,EXOTROPIA,exotropia,True,UNKNOWN,exotropia:exotropia_033,legacy_or_unknown_hirschberg_crop,user_attested_doctor_confirmed_folder_label,User states labels were previously confirmed by doctors at an organization; no separate clinician manifest was present in the folder.,UNKNOWN,UNKNOWN_CROPPED_224,UNKNOWN,UNKNOWN,UNKNOWN,UNKNOWN,UNKNOWN,3f561d944ecd4da27b74eb9283fd467f21dc69b8f33d4a58419c9d1a2d9ef74a,224,224,JPEG,RGB,exploratory_only_until_participant_id_and_protocol_are_confirmed
hirschberg-folder-labels-v0.1,val/EXOTROPIA/exotropia_034.jpg,data_hirschberg\eye-classification\val\EXOTROPIA\exotropia_034.jpg,val,test,EXOTROPIA,exotropia,True,UNKNOWN,exotropia:exotropia_034,legacy_or_unknown_hirschberg_crop,user_attested_doctor_confirmed_folder_label,User states labels were previously confirmed by doctors at an organization; no separate clinician manifest was present in the folder.,UNKNOWN,UNKNOWN_CROPPED_224,UNKNOWN,UNKNOWN,UNKNOWN,UNKNOWN,UNKNOWN,0d83ca692bfa0a489f074c44d5ba0d3694a1517121b520b381ca7a042b734084,224,224,JPEG,RGB,exploratory_only_until_participant_id_and_protocol_are_confirmed
hirschberg-folder-labels-v0.1,val/EXOTROPIA/exotropia_035.jpg,data_hirschberg\eye-classification\val\EXOTROPIA\exotropia_035.jpg,val,val,EXOTROPIA,exotropia,True,UNKNOWN,exotropia:exotropia_035,legacy_or_unknown_hirschberg_crop,user_attested_doctor_confirmed_folder_label,User states labels were previously confirmed by doctors at an organization; no separate clinician manifest was present in the folder.,UNKNOWN,UNKNOWN_CROPPED_224,UNKNOWN,UNKNOWN,UNKNOWN,UNKNOWN,UNKNOWN,e0e156a94bf155a2ab520ce12118b5561377cc70a3af848b57b6c137e13c575a,224,224,JPEG,RGB,exploratory_only_until_participant_id_and_protocol_are_confirmed
hirschberg-folder-labels-v0.1,val/EXOTROPIA/exotropia_036.jpg,data_hirschberg\eye-classification\val\EXOTROPIA\exotropia_036.jpg,val,train,EXOTROPIA,exotropia,True,UNKNOWN,exotropia:exotropia_036,legacy_or_unknown_hirschberg_crop,user_attested_doctor_confirmed_folder_label,User states labels were previously confirmed by doctors at an organization; no separate clinician manifest was present in the folder.,UNKNOWN,UNKNOWN_CROPPED_224,UNKNOWN,UNKNOWN,UNKNOWN,UNKNOWN,UNKNOWN,ecd9ea34cc29d3a9c0239aac91df52e62fb2b2bbe28a7e91ed9db36227d8994e,224,224,JPEG,RGB,exploratory_only_until_participant_id_and_protocol_are_confirmed
hirschberg-folder-labels-v0.1,val/EXOTROPIA/exotropia_037.jpg,data_hirschberg\eye-classification\val\EXOTROPIA\exotropia_037.jpg,val,train,EXOTROPIA,exotropia,True,UNKNOWN,exotropia:exotropia_037,legacy_or_unknown_hirschberg_crop,user_attested_doctor_confirmed_folder_label,User states labels were previously confirmed by doctors at an organization; no separate clinician manifest was present in the folder.,UNKNOWN,UNKNOWN_CROPPED_224,UNKNOWN,UNKNOWN,UNKNOWN,UNKNOWN,UNKNOWN,a9c1e78770f7d9fdae69e3b81f94b404d8319cae6649ccc129b3db5d664031c9,224,224,JPEG,RGB,exploratory_only_until_participant_id_and_protocol_are_confirmed
hirschberg-folder-labels-v0.1,val/EXOTROPIA/exotropia_038.jpg,data_hirschberg\eye-classification\val\EXOTROPIA\exotropia_038.jpg,val,train,EXOTROPIA,exotropia,True,UNKNOWN,exotropia:exotropia_038,legacy_or_unknown_hirschberg_crop,user_attested_doctor_confirmed_folder_label,User states labels were previously confirmed by doctors at an organization; no separate clinician manifest was present in the folder.,UNKNOWN,UNKNOWN_CROPPED_224,UNKNOWN,UNKNOWN,UNKNOWN,UNKNOWN,UNKNOWN,f77a8caa35ba942012cfb3b2fff0aadc1b025b1cecf72500ae4ed4a95984e47e,224,224,JPEG,RGB,exploratory_only_until_participant_id_and_protocol_are_confirmed
hirschberg-folder-labels-v0.1,val/EXOTROPIA/exotropia_039.jpg,data_hirschberg\eye-classification\val\EXOTROPIA\exotropia_039.jpg,val,val,EXOTROPIA,exotropia,True,UNKNOWN,exotropia:exotropia_039,legacy_or_unknown_hirschberg_crop,user_attested_doctor_confirmed_folder_label,User states labels were previously confirmed by doctors at an organization; no separate clinician manifest was present in the folder.,UNKNOWN,UNKNOWN_CROPPED_224,UNKNOWN,UNKNOWN,UNKNOWN,UNKNOWN,UNKNOWN,8593a076b90d46cb29e1e029a5c6c2ea9229f267c05e0ab61db0511b91641a0f,224,224,JPEG,RGB,exploratory_only_until_participant_id_and_protocol_are_confirmed
hirschberg-folder-labels-v0.1,val/EXOTROPIA/exotropia_040.jpg,data_hirschberg\eye-classification\val\EXOTROPIA\exotropia_040.jpg,val,train,EXOTROPIA,exotropia,True,UNKNOWN,exotropia:exotropia_040,legacy_or_unknown_hirschberg_crop,user_attested_doctor_confirmed_folder_label,User states labels were previously confirmed by doctors at an organization; no separate clinician manifest was present in the folder.,UNKNOWN,UNKNOWN_CROPPED_224,UNKNOWN,UNKNOWN,UNKNOWN,UNKNOWN,UNKNOWN,40725298a738e7f06f1fbc1aa07a0bde20afc3b39072cb11436b97cb78b450f0,224,224,JPEG,RGB,exploratory_only_until_participant_id_and_protocol_are_confirmed
hirschberg-folder-labels-v0.1,val/NORMAL/normal_001.jpg,data_hirschberg\eye-classification\val\NORMAL\normal_001.jpg,val,train,NORMAL,normal,False,UNKNOWN,normal:normal_001,legacy_or_unknown_hirschberg_crop,user_attested_doctor_confirmed_folder_label,User states labels were previously confirmed by doctors at an organization; no separate clinician manifest was present in the folder.,UNKNOWN,UNKNOWN_CROPPED_224,UNKNOWN,UNKNOWN,UNKNOWN,UNKNOWN,UNKNOWN,eb4394635b7acebc286279e11584e4f2df9123969e040e60ceb6c57c82475be8,224,224,JPEG,RGB,exploratory_only_until_participant_id_and_protocol_are_confirmed
hirschberg-folder-labels-v0.1,val/NORMAL/normal_002.jpg,data_hirschberg\eye-classification\val\NORMAL\normal_002.jpg,val,train,NORMAL,normal,False,UNKNOWN,normal:normal_002,legacy_or_unknown_hirschberg_crop,user_attested_doctor_confirmed_folder_label,User states labels were previously confirmed by doctors at an organization; no separate clinician manifest was present in the folder.,UNKNOWN,UNKNOWN_CROPPED_224,UNKNOWN,UNKNOWN,UNKNOWN,UNKNOWN,UNKNOWN,72da8d0469c5de04b0f551abeea9305df85be90d94a13e318651a93ed1837f83,224,224,JPEG,RGB,exploratory_only_until_participant_id_and_protocol_are_confirmed
hirschberg-folder-labels-v0.1,val/NORMAL/normal_003.jpg,data_hirschberg\eye-classification\val\NORMAL\normal_003.jpg,val,train,NORMAL,normal,False,UNKNOWN,normal:normal_003,legacy_or_unknown_hirschberg_crop,user_attested_doctor_confirmed_folder_label,User states labels were previously confirmed by doctors at an organization; no separate clinician manifest was present in the folder.,UNKNOWN,UNKNOWN_CROPPED_224,UNKNOWN,UNKNOWN,UNKNOWN,UNKNOWN,UNKNOWN,0af39474f245fb0f4ddf9ab95796eb61f640848dd8d0234660b90a6fe1b9e538,224,224,JPEG,RGB,exploratory_only_until_participant_id_and_protocol_are_confirmed
hirschberg-folder-labels-v0.1,val/NORMAL/normal_004.jpg,data_hirschberg\eye-classification\val\NORMAL\normal_004.jpg,val,val,NORMAL,normal,False,UNKNOWN,normal:normal_004,legacy_or_unknown_hirschberg_crop,user_attested_doctor_confirmed_folder_label,User states labels were previously confirmed by doctors at an organization; no separate clinician manifest was present in the folder.,UNKNOWN,UNKNOWN_CROPPED_224,UNKNOWN,UNKNOWN,UNKNOWN,UNKNOWN,UNKNOWN,9dbefc43348c616a6c513f8c1657f0fc4b7914aca333e2d4649a92510b09e964,224,224,JPEG,RGB,exploratory_only_until_participant_id_and_protocol_are_confirmed
hirschberg-folder-labels-v0.1,val/NORMAL/normal_005.jpg,data_hirschberg\eye-classification\val\NORMAL\normal_005.jpg,val,test,NORMAL,normal,False,UNKNOWN,normal:normal_005,legacy_or_unknown_hirschberg_crop,user_attested_doctor_confirmed_folder_label,User states labels were previously confirmed by doctors at an organization; no separate clinician manifest was present in the folder.,UNKNOWN,UNKNOWN_CROPPED_224,UNKNOWN,UNKNOWN,UNKNOWN,UNKNOWN,UNKNOWN,8ae65456b31fb057e83f21b0668831caedafc7730db864275ad1cb8ee2e122e3,224,224,JPEG,RGB,exploratory_only_until_participant_id_and_protocol_are_confirmed
hirschberg-folder-labels-v0.1,val/NORMAL/normal_006.jpg,data_hirschberg\eye-classification\val\NORMAL\normal_006.jpg,val,test,NORMAL,normal,False,UNKNOWN,normal:normal_006,legacy_or_unknown_hirschberg_crop,user_attested_doctor_confirmed_folder_label,User states labels were previously confirmed by doctors at an organization; no separate clinician manifest was present in the folder.,UNKNOWN,UNKNOWN_CROPPED_224,UNKNOWN,UNKNOWN,UNKNOWN,UNKNOWN,UNKNOWN,3c64d7bb1b2bdf194e44937db2b00967f7b2534567481bcc7b7d564f140b11d9,224,224,JPEG,RGB,exploratory_only_until_participant_id_and_protocol_are_confirmed
hirschberg-folder-labels-v0.1,val/NORMAL/normal_007.jpg,data_hirschberg\eye-classification\val\NORMAL\normal_007.jpg,val,val,NORMAL,normal,False,UNKNOWN,normal:normal_007,legacy_or_unknown_hirschberg_crop,user_attested_doctor_confirmed_folder_label,User states labels were previously confirmed by doctors at an organization; no separate clinician manifest was present in the folder.,UNKNOWN,UNKNOWN_CROPPED_224,UNKNOWN,UNKNOWN,UNKNOWN,UNKNOWN,UNKNOWN,5214603b5c0168b366961ab5011f9a0241092a9b93b85c7ec30349f24da7b2d8,224,224,JPEG,RGB,exploratory_only_until_participant_id_and_protocol_are_confirmed
hirschberg-folder-labels-v0.1,val/NORMAL/normal_008.jpg,data_hirschberg\eye-classification\val\NORMAL\normal_008.jpg,val,train,NORMAL,normal,False,UNKNOWN,normal:normal_008,legacy_or_unknown_hirschberg_crop,user_attested_doctor_confirmed_folder_label,User states labels were previously confirmed by doctors at an organization; no separate clinician manifest was present in the folder.,UNKNOWN,UNKNOWN_CROPPED_224,UNKNOWN,UNKNOWN,UNKNOWN,UNKNOWN,UNKNOWN,291279aff086464bac0d9a2d8f01c3eeb867b753e304a92795ed731069bc754a,224,224,JPEG,RGB,exploratory_only_until_participant_id_and_protocol_are_confirmed
hirschberg-folder-labels-v0.1,val/NORMAL/normal_009.jpg,data_hirschberg\eye-classification\val\NORMAL\normal_009.jpg,val,train,NORMAL,normal,False,UNKNOWN,normal:normal_009,legacy_or_unknown_hirschberg_crop,user_attested_doctor_confirmed_folder_label,User states labels were previously confirmed by doctors at an organization; no separate clinician manifest was present in the folder.,UNKNOWN,UNKNOWN_CROPPED_224,UNKNOWN,UNKNOWN,UNKNOWN,UNKNOWN,UNKNOWN,5742181be564de40c10d9252a914c366b7b24e829b42b866ad42cbf30ce4871d,224,224,JPEG,RGB,exploratory_only_until_participant_id_and_protocol_are_confirmed
hirschberg-folder-labels-v0.1,val/NORMAL/normal_010.jpg,data_hirschberg\eye-classification\val\NORMAL\normal_010.jpg,val,train,NORMAL,normal,False,UNKNOWN,normal:normal_010,legacy_or_unknown_hirschberg_crop,user_attested_doctor_confirmed_folder_label,User states labels were previously confirmed by doctors at an organization; no separate clinician manifest was present in the folder.,UNKNOWN,UNKNOWN_CROPPED_224,UNKNOWN,UNKNOWN,UNKNOWN,UNKNOWN,UNKNOWN,15c3d9230785da393195415af80e54546b701bd3a652ee34f15d162deaf1805d,224,224,JPEG,RGB,exploratory_only_until_participant_id_and_protocol_are_confirmed
hirschberg-folder-labels-v0.1,val/NORMAL/normal_011.jpg,data_hirschberg\eye-classification\val\NORMAL\normal_011.jpg,val,val,NORMAL,normal,False,UNKNOWN,normal:normal_011,legacy_or_unknown_hirschberg_crop,user_attested_doctor_confirmed_folder_label,User states labels were previously confirmed by doctors at an organization; no separate clinician manifest was present in the folder.,UNKNOWN,UNKNOWN_CROPPED_224,UNKNOWN,UNKNOWN,UNKNOWN,UNKNOWN,UNKNOWN,30c49f7c452005b14600473a8dcc8bba6e249c7214dc79849a67ee8e43e23694,224,224,JPEG,RGB,exploratory_only_until_participant_id_and_protocol_are_confirmed
hirschberg-folder-labels-v0.1,val/NORMAL/normal_012.jpg,data_hirschberg\eye-classification\val\NORMAL\normal_012.jpg,val,train,NORMAL,normal,False,UNKNOWN,normal:normal_012,legacy_or_unknown_hirschberg_crop,user_attested_doctor_confirmed_folder_label,User states labels were previously confirmed by doctors at an organization; no separate clinician manifest was present in the folder.,UNKNOWN,UNKNOWN_CROPPED_224,UNKNOWN,UNKNOWN,UNKNOWN,UNKNOWN,UNKNOWN,d5ffd74797b5e724b2d0fefef0f25e0ad66203b5c75a9ef3db26bda2d0a4a40a,224,224,JPEG,RGB,exploratory_only_until_participant_id_and_protocol_are_confirmed
hirschberg-folder-labels-v0.1,val/NORMAL/normal_013.jpg,data_hirschberg\eye-classification\val\NORMAL\normal_013.jpg,val,train,NORMAL,normal,False,UNKNOWN,normal:normal_013,legacy_or_unknown_hirschberg_crop,user_attested_doctor_confirmed_folder_label,User states labels were previously confirmed by doctors at an organization; no separate clinician manifest was present in the folder.,UNKNOWN,UNKNOWN_CROPPED_224,UNKNOWN,UNKNOWN,UNKNOWN,UNKNOWN,UNKNOWN,e0aefc964f68dc413ebdaf0e3df5a0175bb3de7d076ddb2ace1d364b5c1616ed,224,224,JPEG,RGB,exploratory_only_until_participant_id_and_protocol_are_confirmed
hirschberg-folder-labels-v0.1,val/NORMAL/normal_014.jpg,data_hirschberg\eye-classification\val\NORMAL\normal_014.jpg,val,train,NORMAL,normal,False,UNKNOWN,normal:normal_014,legacy_or_unknown_hirschberg_crop,user_attested_doctor_confirmed_folder_label,User states labels were previously confirmed by doctors at an organization; no separate clinician manifest was present in the folder.,UNKNOWN,UNKNOWN_CROPPED_224,UNKNOWN,UNKNOWN,UNKNOWN,UNKNOWN,UNKNOWN,792533f61d9a9429f8c007c87b4d818c4e15766312f7cdb39bb8e377ec22e477,224,224,JPEG,RGB,exploratory_only_until_participant_id_and_protocol_are_confirmed
hirschberg-folder-labels-v0.1,val/NORMAL/normal_015.jpg,data_hirschberg\eye-classification\val\NORMAL\normal_015.jpg,val,train,NORMAL,normal,False,UNKNOWN,normal:normal_015,legacy_or_unknown_hirschberg_crop,user_attested_doctor_confirmed_folder_label,User states labels were previously confirmed by doctors at an organization; no separate clinician manifest was present in the folder.,UNKNOWN,UNKNOWN_CROPPED_224,UNKNOWN,UNKNOWN,UNKNOWN,UNKNOWN,UNKNOWN,883fa1a6d3fb276264d2c516dfa50ff3caae5b01bdda850167161fd307f79d81,224,224,JPEG,RGB,exploratory_only_until_participant_id_and_protocol_are_confirmed
hirschberg-folder-labels-v0.1,val/NORMAL/normal_016.jpg,data_hirschberg\eye-classification\val\NORMAL\normal_016.jpg,val,train,NORMAL,normal,False,UNKNOWN,normal:normal_016,legacy_or_unknown_hirschberg_crop,user_attested_doctor_confirmed_folder_label,User states labels were previously confirmed by doctors at an organization; no separate clinician manifest was present in the folder.,UNKNOWN,UNKNOWN_CROPPED_224,UNKNOWN,UNKNOWN,UNKNOWN,UNKNOWN,UNKNOWN,bd8af32cb0c4de235aa3fde07d1285664070ba8c8423a663bd26cfaa8cd120fe,224,224,JPEG,RGB,exploratory_only_until_participant_id_and_protocol_are_confirmed
hirschberg-folder-labels-v0.1,val/NORMAL/normal_017.jpg,data_hirschberg\eye-classification\val\NORMAL\normal_017.jpg,val,train,NORMAL,normal,False,UNKNOWN,normal:normal_017,legacy_or_unknown_hirschberg_crop,user_attested_doctor_confirmed_folder_label,User states labels were previously confirmed by doctors at an organization; no separate clinician manifest was present in the folder.,UNKNOWN,UNKNOWN_CROPPED_224,UNKNOWN,UNKNOWN,UNKNOWN,UNKNOWN,UNKNOWN,2247201f37af056f4e42e42f9642a92bd882946732ed3ede584736e93a463b4e,224,224,JPEG,RGB,exploratory_only_until_participant_id_and_protocol_are_confirmed
hirschberg-folder-labels-v0.1,val/NORMAL/normal_018.jpg,data_hirschberg\eye-classification\val\NORMAL\normal_018.jpg,val,train,NORMAL,normal,False,UNKNOWN,normal:normal_018,legacy_or_unknown_hirschberg_crop,user_attested_doctor_confirmed_folder_label,User states labels were previously confirmed by doctors at an organization; no separate clinician manifest was present in the folder.,UNKNOWN,UNKNOWN_CROPPED_224,UNKNOWN,UNKNOWN,UNKNOWN,UNKNOWN,UNKNOWN,27620890c1cb090493fc1c9735ca8ff206427c0fd0da55e3b583f14cf732c5ae,224,224,JPEG,RGB,exploratory_only_until_participant_id_and_protocol_are_confirmed
hirschberg-folder-labels-v0.1,val/NORMAL/normal_019.jpg,data_hirschberg\eye-classification\val\NORMAL\normal_019.jpg,val,train,NORMAL,normal,False,UNKNOWN,normal:normal_019,legacy_or_unknown_hirschberg_crop,user_attested_doctor_confirmed_folder_label,User states labels were previously confirmed by doctors at an organization; no separate clinician manifest was present in the folder.,UNKNOWN,UNKNOWN_CROPPED_224,UNKNOWN,UNKNOWN,UNKNOWN,UNKNOWN,UNKNOWN,c3dd5e2b73e6a2df4d32ade5d0b014b862f71a3cacc1523a684bade61830919e,224,224,JPEG,RGB,exploratory_only_until_participant_id_and_protocol_are_confirmed
hirschberg-folder-labels-v0.1,val/NORMAL/normal_020.jpg,data_hirschberg\eye-classification\val\NORMAL\normal_020.jpg,val,train,NORMAL,normal,False,UNKNOWN,normal:normal_020,legacy_or_unknown_hirschberg_crop,user_attested_doctor_confirmed_folder_label,User states labels were previously confirmed by doctors at an organization; no separate clinician manifest was present in the folder.,UNKNOWN,UNKNOWN_CROPPED_224,UNKNOWN,UNKNOWN,UNKNOWN,UNKNOWN,UNKNOWN,00f230b9e245683ea359508baf2ab8398022c295a6db7dec76217eec6e7dbabd,224,224,JPEG,RGB,exploratory_only_until_participant_id_and_protocol_are_confirmed
hirschberg-folder-labels-v0.1,val/NORMAL/normal_021.jpg,data_hirschberg\eye-classification\val\NORMAL\normal_021.jpg,val,train,NORMAL,normal,False,UNKNOWN,normal:normal_021,legacy_or_unknown_hirschberg_crop,user_attested_doctor_confirmed_folder_label,User states labels were previously confirmed by doctors at an organization; no separate clinician manifest was present in the folder.,UNKNOWN,UNKNOWN_CROPPED_224,UNKNOWN,UNKNOWN,UNKNOWN,UNKNOWN,UNKNOWN,7d11e6bc3b1b3aa718af4546b1404b07d41de78c475bac2514e25503e5cd3a90,224,224,JPEG,RGB,exploratory_only_until_participant_id_and_protocol_are_confirmed
hirschberg-folder-labels-v0.1,val/NORMAL/normal_022.jpg,data_hirschberg\eye-classification\val\NORMAL\normal_022.jpg,val,test,NORMAL,normal,False,UNKNOWN,normal:normal_022,legacy_or_unknown_hirschberg_crop,user_attested_doctor_confirmed_folder_label,User states labels were previously confirmed by doctors at an organization; no separate clinician manifest was present in the folder.,UNKNOWN,UNKNOWN_CROPPED_224,UNKNOWN,UNKNOWN,UNKNOWN,UNKNOWN,UNKNOWN,922de7e54d3ec6bb5be470ce6d18c7bd0020b56fd772466d2665f8607b16f1ec,224,224,JPEG,RGB,exploratory_only_until_participant_id_and_protocol_are_confirmed
hirschberg-folder-labels-v0.1,val/NORMAL/normal_023.jpg,data_hirschberg\eye-classification\val\NORMAL\normal_023.jpg,val,train,NORMAL,normal,False,UNKNOWN,normal:normal_023,legacy_or_unknown_hirschberg_crop,user_attested_doctor_confirmed_folder_label,User states labels were previously confirmed by doctors at an organization; no separate clinician manifest was present in the folder.,UNKNOWN,UNKNOWN_CROPPED_224,UNKNOWN,UNKNOWN,UNKNOWN,UNKNOWN,UNKNOWN,3389fb467fa82b728e548f94a784a0a488231b352e44961fac65c918e99405a6,224,224,JPEG,RGB,exploratory_only_until_participant_id_and_protocol_are_confirmed
hirschberg-folder-labels-v0.1,val/NORMAL/normal_024.jpg,data_hirschberg\eye-classification\val\NORMAL\normal_024.jpg,val,train,NORMAL,normal,False,UNKNOWN,normal:normal_024,legacy_or_unknown_hirschberg_crop,user_attested_doctor_confirmed_folder_label,User states labels were previously confirmed by doctors at an organization; no separate clinician manifest was present in the folder.,UNKNOWN,UNKNOWN_CROPPED_224,UNKNOWN,UNKNOWN,UNKNOWN,UNKNOWN,UNKNOWN,813e415931301be5595f64876ccad6bb111c682ab2ef8e49ff392e52e7c090af,224,224,JPEG,RGB,exploratory_only_until_participant_id_and_protocol_are_confirmed
hirschberg-folder-labels-v0.1,val/NORMAL/normal_025.jpg,data_hirschberg\eye-classification\val\NORMAL\normal_025.jpg,val,train,NORMAL,normal,False,UNKNOWN,normal:normal_025,legacy_or_unknown_hirschberg_crop,user_attested_doctor_confirmed_folder_label,User states labels were previously confirmed by doctors at an organization; no separate clinician manifest was present in the folder.,UNKNOWN,UNKNOWN_CROPPED_224,UNKNOWN,UNKNOWN,UNKNOWN,UNKNOWN,UNKNOWN,a39886c596ff7e1594eee41b618d1aed6066d7efeb336c844de790736a344505,224,224,JPEG,RGB,exploratory_only_until_participant_id_and_protocol_are_confirmed
hirschberg-folder-labels-v0.1,val/NORMAL/normal_026.jpg,data_hirschberg\eye-classification\val\NORMAL\normal_026.jpg,val,val,NORMAL,normal,False,UNKNOWN,normal:normal_026,legacy_or_unknown_hirschberg_crop,user_attested_doctor_confirmed_folder_label,User states labels were previously confirmed by doctors at an organization; no separate clinician manifest was present in the folder.,UNKNOWN,UNKNOWN_CROPPED_224,UNKNOWN,UNKNOWN,UNKNOWN,UNKNOWN,UNKNOWN,9da06448350c2b3159a1f51ade75ed2014b2b4da02cbeac11936bfeff99474fb,224,224,JPEG,RGB,exploratory_only_until_participant_id_and_protocol_are_confirmed
hirschberg-folder-labels-v0.1,val/NORMAL/normal_027.jpg,data_hirschberg\eye-classification\val\NORMAL\normal_027.jpg,val,train,NORMAL,normal,False,UNKNOWN,normal:normal_027,legacy_or_unknown_hirschberg_crop,user_attested_doctor_confirmed_folder_label,User states labels were previously confirmed by doctors at an organization; no separate clinician manifest was present in the folder.,UNKNOWN,UNKNOWN_CROPPED_224,UNKNOWN,UNKNOWN,UNKNOWN,UNKNOWN,UNKNOWN,a12e61022fa3b0eb809fe4748e469dc5453ee3648fab920a85997995fa1e512d,224,224,JPEG,RGB,exploratory_only_until_participant_id_and_protocol_are_confirmed
hirschberg-folder-labels-v0.1,val/NORMAL/normal_028.jpg,data_hirschberg\eye-classification\val\NORMAL\normal_028.jpg,val,train,NORMAL,normal,False,UNKNOWN,normal:normal_028,legacy_or_unknown_hirschberg_crop,user_attested_doctor_confirmed_folder_label,User states labels were previously confirmed by doctors at an organization; no separate clinician manifest was present in the folder.,UNKNOWN,UNKNOWN_CROPPED_224,UNKNOWN,UNKNOWN,UNKNOWN,UNKNOWN,UNKNOWN,acab05b102329e3ad84041c8debf79bc5f001ec7bb3d9f24e9b15ffa679e68f3,224,224,JPEG,RGB,exploratory_only_until_participant_id_and_protocol_are_confirmed
hirschberg-folder-labels-v0.1,val/NORMAL/normal_029.jpg,data_hirschberg\eye-classification\val\NORMAL\normal_029.jpg,val,train,NORMAL,normal,False,UNKNOWN,normal:normal_029,legacy_or_unknown_hirschberg_crop,user_attested_doctor_confirmed_folder_label,User states labels were previously confirmed by doctors at an organization; no separate clinician manifest was present in the folder.,UNKNOWN,UNKNOWN_CROPPED_224,UNKNOWN,UNKNOWN,UNKNOWN,UNKNOWN,UNKNOWN,2ab82577e722682bd358bfc65ba17b2a326a48691ff7beebcac2b3e89493bb40,224,224,JPEG,RGB,exploratory_only_until_participant_id_and_protocol_are_confirmed
hirschberg-folder-labels-v0.1,val/NORMAL/normal_030.jpg,data_hirschberg\eye-classification\val\NORMAL\normal_030.jpg,val,train,NORMAL,normal,False,UNKNOWN,normal:normal_030,legacy_or_unknown_hirschberg_crop,user_attested_doctor_confirmed_folder_label,User states labels were previously confirmed by doctors at an organization; no separate clinician manifest was present in the folder.,UNKNOWN,UNKNOWN_CROPPED_224,UNKNOWN,UNKNOWN,UNKNOWN,UNKNOWN,UNKNOWN,6bac7f1a8441ad19a36ba4213a0e22307634ea2c90dfa7f10700668a9571aa2b,224,224,JPEG,RGB,exploratory_only_until_participant_id_and_protocol_are_confirmed
hirschberg-folder-labels-v0.1,val/NORMAL/normal_031.jpg,data_hirschberg\eye-classification\val\NORMAL\normal_031.jpg,val,val,NORMAL,normal,False,UNKNOWN,normal:normal_031,legacy_or_unknown_hirschberg_crop,user_attested_doctor_confirmed_folder_label,User states labels were previously confirmed by doctors at an organization; no separate clinician manifest was present in the folder.,UNKNOWN,UNKNOWN_CROPPED_224,UNKNOWN,UNKNOWN,UNKNOWN,UNKNOWN,UNKNOWN,f12276589320cac89daaec22990a2248c052066a2da7355b6fea2147feec4ef0,224,224,JPEG,RGB,exploratory_only_until_participant_id_and_protocol_are_confirmed
hirschberg-folder-labels-v0.1,val/NORMAL/normal_032.jpg,data_hirschberg\eye-classification\val\NORMAL\normal_032.jpg,val,train,NORMAL,normal,False,UNKNOWN,normal:normal_032,legacy_or_unknown_hirschberg_crop,user_attested_doctor_confirmed_folder_label,User states labels were previously confirmed by doctors at an organization; no separate clinician manifest was present in the folder.,UNKNOWN,UNKNOWN_CROPPED_224,UNKNOWN,UNKNOWN,UNKNOWN,UNKNOWN,UNKNOWN,3632b46f0c533c6cc4ec04f18c2b5bef66a88bb6850c852e88b77a5149d0ad00,224,224,JPEG,RGB,exploratory_only_until_participant_id_and_protocol_are_confirmed
hirschberg-folder-labels-v0.1,val/NORMAL/normal_033.jpg,data_hirschberg\eye-classification\val\NORMAL\normal_033.jpg,val,train,NORMAL,normal,False,UNKNOWN,normal:normal_033,legacy_or_unknown_hirschberg_crop,user_attested_doctor_confirmed_folder_label,User states labels were previously confirmed by doctors at an organization; no separate clinician manifest was present in the folder.,UNKNOWN,UNKNOWN_CROPPED_224,UNKNOWN,UNKNOWN,UNKNOWN,UNKNOWN,UNKNOWN,cad41094c8ba2428aaad088cba549125467014aef86b8bf6d5461244cbcf8ec7,224,224,JPEG,RGB,exploratory_only_until_participant_id_and_protocol_are_confirmed
hirschberg-folder-labels-v0.1,val/NORMAL/normal_034.jpg,data_hirschberg\eye-classification\val\NORMAL\normal_034.jpg,val,val,NORMAL,normal,False,UNKNOWN,normal:normal_034,legacy_or_unknown_hirschberg_crop,user_attested_doctor_confirmed_folder_label,User states labels were previously confirmed by doctors at an organization; no separate clinician manifest was present in the folder.,UNKNOWN,UNKNOWN_CROPPED_224,UNKNOWN,UNKNOWN,UNKNOWN,UNKNOWN,UNKNOWN,44eb483a66ec450a70add12252607d07ddae12c538e78af00217161bb64c3511,224,224,JPEG,RGB,exploratory_only_until_participant_id_and_protocol_are_confirmed
hirschberg-folder-labels-v0.1,val/NORMAL/normal_035.jpg,data_hirschberg\eye-classification\val\NORMAL\normal_035.jpg,val,test,NORMAL,normal,False,UNKNOWN,normal:normal_035,legacy_or_unknown_hirschberg_crop,user_attested_doctor_confirmed_folder_label,User states labels were previously confirmed by doctors at an organization; no separate clinician manifest was present in the folder.,UNKNOWN,UNKNOWN_CROPPED_224,UNKNOWN,UNKNOWN,UNKNOWN,UNKNOWN,UNKNOWN,4099d6e2a321a3db1d4399c7b23076742fc87e6e7c6ea1bd9f4b7f77527c97ca,224,224,JPEG,RGB,exploratory_only_until_participant_id_and_protocol_are_confirmed
hirschberg-folder-labels-v0.1,val/NORMAL/normal_036.jpg,data_hirschberg\eye-classification\val\NORMAL\normal_036.jpg,val,train,NORMAL,normal,False,UNKNOWN,normal:normal_036,legacy_or_unknown_hirschberg_crop,user_attested_doctor_confirmed_folder_label,User states labels were previously confirmed by doctors at an organization; no separate clinician manifest was present in the folder.,UNKNOWN,UNKNOWN_CROPPED_224,UNKNOWN,UNKNOWN,UNKNOWN,UNKNOWN,UNKNOWN,846bc270b24ab696aff4f5ff6e14f721b7eb8f989303d4eeace015892aa6ecf0,224,224,JPEG,RGB,exploratory_only_until_participant_id_and_protocol_are_confirmed
hirschberg-folder-labels-v0.1,val/NORMAL/normal_037.jpg,data_hirschberg\eye-classification\val\NORMAL\normal_037.jpg,val,train,NORMAL,normal,False,UNKNOWN,normal:normal_037,legacy_or_unknown_hirschberg_crop,user_attested_doctor_confirmed_folder_label,User states labels were previously confirmed by doctors at an organization; no separate clinician manifest was present in the folder.,UNKNOWN,UNKNOWN_CROPPED_224,UNKNOWN,UNKNOWN,UNKNOWN,UNKNOWN,UNKNOWN,6c10b76cf42ed31109ded373c4ebfdc3860ca0e64f8d4dd0a61ba5141b5062e1,224,224,JPEG,RGB,exploratory_only_until_participant_id_and_protocol_are_confirmed
hirschberg-folder-labels-v0.1,val/NORMAL/normal_038.jpg,data_hirschberg\eye-classification\val\NORMAL\normal_038.jpg,val,train,NORMAL,normal,False,UNKNOWN,normal:normal_038,legacy_or_unknown_hirschberg_crop,user_attested_doctor_confirmed_folder_label,User states labels were previously confirmed by doctors at an organization; no separate clinician manifest was present in the folder.,UNKNOWN,UNKNOWN_CROPPED_224,UNKNOWN,UNKNOWN,UNKNOWN,UNKNOWN,UNKNOWN,684e8bf3d0d4d3ec7047eda669abc8fd7582074471caf495ba6977a1880c2e31,224,224,JPEG,RGB,exploratory_only_until_participant_id_and_protocol_are_confirmed
